/*
Navicat MySQL Data Transfer

Source Server         : localhost
Source Server Version : 80027
Source Host           : localhost:3306
Source Database       : yh_school_mgr

Target Server Type    : MYSQL
Target Server Version : 80027
File Encoding         : 65001

Date: 2022-02-07 12:45:03
*/

SET FOREIGN_KEY_CHECKS=0;

-- ----------------------------
-- Table structure for `dl_arranging_course`
-- ----------------------------
DROP TABLE IF EXISTS `dl_arranging_course`;
CREATE TABLE `dl_arranging_course` (
  `id` varchar(64) NOT NULL,
  `arranging_name` varchar(32) DEFAULT NULL COMMENT '排课计划名称',
  `term_id` varchar(64) DEFAULT NULL,
  `week_day_num` int DEFAULT NULL COMMENT '周上课天数',
  `am_num` int DEFAULT NULL COMMENT '上午课程数',
  `pm_num` int DEFAULT NULL COMMENT '下午课程数',
  `night_num` int DEFAULT NULL COMMENT '晚上课程数',
  `status` int DEFAULT NULL COMMENT '状态',
  `create_time` datetime DEFAULT NULL,
  `create_id` varchar(255) DEFAULT NULL,
  `update_time` datetime DEFAULT NULL,
  `update_id` varchar(255) DEFAULT NULL,
  `deleted` int DEFAULT NULL,
  PRIMARY KEY (`id`)
) ENGINE=InnoDB DEFAULT CHARSET=utf8mb3;

-- ----------------------------
-- Records of dl_arranging_course
-- ----------------------------
INSERT INTO `dl_arranging_course` VALUES ('1351771637088534529', '2020-2021年度第二学期', '1346713330594394113', '5', '4', '3', '2', null, '2021-01-20 14:00:47', '1', '2021-02-11 15:47:06', '1', '0');
INSERT INTO `dl_arranging_course` VALUES ('1359797361159086081', '2020~2021学年度第1学期', '1346713330594394113', '5', '4', '3', '0', null, '2021-02-11 17:32:09', '1', '2021-02-22 23:28:18', '1', '0');
INSERT INTO `dl_arranging_course` VALUES ('1360520275386908673', '2020-2021年第一学期课程安排', '1346713330594394113', '5', '4', '3', '0', '0', '2021-02-13 17:24:46', '1', '2021-02-22 23:33:59', '1', '0');
INSERT INTO `dl_arranging_course` VALUES ('1363435668727681025', '排课计划2', '1346713330594394113', '5', '4', '4', '2', null, '2021-02-21 18:29:29', '1', '2021-02-21 21:15:36', '1', '0');
INSERT INTO `dl_arranging_course` VALUES ('1373960129663000577', '2020-2021年第二学期小学一年级排课', '1360518975966326786', '5', '4', '3', '0', null, '2021-03-22 19:29:56', '1', '2021-03-23 20:05:03', '1', '1');

-- ----------------------------
-- Table structure for `dl_arr_base`
-- ----------------------------
DROP TABLE IF EXISTS `dl_arr_base`;
CREATE TABLE `dl_arr_base` (
  `id` varchar(64) NOT NULL,
  `teacher_id` varchar(64) DEFAULT NULL,
  `course_id` varchar(64) DEFAULT NULL,
  `class_id` varchar(64) DEFAULT NULL,
  `room_id` varchar(64) DEFAULT NULL,
  `teacher_name` varchar(32) DEFAULT NULL,
  `course_name` varchar(32) DEFAULT NULL,
  `class_name` varchar(32) DEFAULT NULL,
  `room_name` varchar(32) DEFAULT NULL,
  `arr_id` varchar(64) DEFAULT NULL,
  `course_num` int DEFAULT NULL COMMENT '周课时数',
  `course_type` int DEFAULT NULL,
  `status` int DEFAULT NULL,
  `sup_course_num` int DEFAULT NULL,
  PRIMARY KEY (`id`)
) ENGINE=InnoDB DEFAULT CHARSET=utf8mb3;

-- ----------------------------
-- Records of dl_arr_base
-- ----------------------------
INSERT INTO `dl_arr_base` VALUES ('1363482079515164674', '1347029568935723009', '1338672065913659394', '1347030313466626050', '1334845699547394049', '余文乐', '语文', '小一、一班', '101', '1359797361159086081', '10', '1', '3', '0');
INSERT INTO `dl_arr_base` VALUES ('1363482079552913409', '1361664481169911810', '1338673554375634946', '1347030313466626050', '1334845699547394049', '周芷若', '数学', '小一、一班', '101', '1359797361159086081', '10', '1', '3', '0');
INSERT INTO `dl_arr_base` VALUES ('1363482079561302017', '1361663771472703489', '1338672065913659394', '1347030377794666498', '1334845699547394049', '周润发', '语文', '小一、二班', '101', '1359797361159086081', '10', '1', '3', '0');
INSERT INTO `dl_arr_base` VALUES ('1363482079565496322', '1361665014207229953', '1338673554375634946', '1347030377794666498', '1334845699547394049', '杨戬', '数学', '小一、二班', '101', '1359797361159086081', '10', '1', '3', '0');
INSERT INTO `dl_arr_base` VALUES ('1363482079573884930', '1341347778094989313', '1338676685679423489', '1347030457700352002', '1334881724013473793', '王五', '数学', '小二、一班', '105', '1359797361159086081', '12', '1', '3', '0');
INSERT INTO `dl_arr_base` VALUES ('1363482079582273537', '1361665829219217409', '1338676228303155201', '1347030457700352002', '1334881724013473793', '金庸', '语文', '小二、一班', '105', '1359797361159086081', '12', '1', '3', '0');
INSERT INTO `dl_arr_base` VALUES ('1363482079590662145', '1361659072786870273', '1338676228303155201', '1347030503472791553', '1334881724013473793', '周星驰', '语文', '小二、二班', '105', '1359797361159086081', '12', '1', '3', '0');
INSERT INTO `dl_arr_base` VALUES ('1363482079594856450', '1347029397187362817', '1338676685679423489', '1347030503472791553', '1334881724013473793', '张晋', '数学', '小二、二班', '105', '1359797361159086081', '12', '1', '3', '0');
INSERT INTO `dl_arr_base` VALUES ('1363482079603245057', '1361666288046714882', '1361612726621057026', '1347030313466626050', '1334845699547394049', '周笔畅', '音乐', '小一、一班', '101', '1359797361159086081', '2', '3', '3', '0');
INSERT INTO `dl_arr_base` VALUES ('1363482079607439361', '1361659221915348994', '1361612766320144385', '1347030313466626050', '1334845699547394049', '甄子丹', '体育', '小一、一班', '101', '1359797361159086081', '2', '3', '3', '0');
INSERT INTO `dl_arr_base` VALUES ('1363482079620022274', '1361665545919148034', '1361612814407839746', '1347030313466626050', '1334845699547394049', '杨过', '计算机', '小一、一班', '101', '1359797361159086081', '1', '3', '3', '0');
INSERT INTO `dl_arr_base` VALUES ('1363482079624216578', '1347029397187362817', '1361612953956528129', '1347030313466626050', '1334845699547394049', '张晋', '绘画', '小一、一班', '101', '1359797361159086081', '1', '3', '3', '0');
INSERT INTO `dl_arr_base` VALUES ('1363482079632605186', '1361666211404197889', '1361613027046469633', '1347030313466626050', '1334845699547394049', '董子健', '道德与法', '小一、一班', '101', '1359797361159086081', '2', '3', '3', '0');
INSERT INTO `dl_arr_base` VALUES ('1363482079636799489', '1361665323801391105', '1361612980061876226', '1347030313466626050', '1334845699547394049', '马汉', '自然科学', '小一、一班', '101', '1359797361159086081', '2', '3', '3', '0');
INSERT INTO `dl_arr_base` VALUES ('1363482079645188098', '1361656875160317953', '1361612726621057026', '1347030377794666498', '1334845699547394049', '周杰伦', '音乐', '小一、二班', '101', '1359797361159086081', '2', '3', '3', '0');
INSERT INTO `dl_arr_base` VALUES ('1363482079653576706', '1361665692078059522', '1361612766320144385', '1347030377794666498', '1334845699547394049', '周伯通', '体育', '小一、二班', '101', '1359797361159086081', '2', '3', '3', '0');
INSERT INTO `dl_arr_base` VALUES ('1363482079657771009', '1347029568935723009', '1361612814407839746', '1347030377794666498', '1334845699547394049', '余文乐', '计算机', '小一、二班', '101', '1359797361159086081', '1', '3', '3', '0');
INSERT INTO `dl_arr_base` VALUES ('1363482079661965314', '1361666288046714882', '1361612953956528129', '1347030377794666498', '1334845699547394049', '周笔畅', '绘画', '小一、二班', '101', '1359797361159086081', '1', '3', '3', '0');
INSERT INTO `dl_arr_base` VALUES ('1363482079666159617', '1347029956531355649', '1361612980061876226', '1347030377794666498', '1334845699547394049', '梅超风', '自然科学', '小一、二班', '101', '1359797361159086081', '2', '3', '3', '0');
INSERT INTO `dl_arr_base` VALUES ('1363482079674548225', '1361665450431623169', '1361613027046469633', '1347030377794666498', '1334845699547394049', '展昭', '道德与法', '小一、二班', '101', '1359797361159086081', '2', '3', '3', '0');
INSERT INTO `dl_arr_base` VALUES ('1363482079678742530', '1361665692078059522', '1361614607024009217', '1347030457700352002', '1334881724013473793', '周伯通', '体育', '小二、一班', '105', '1359797361159086081', '2', '3', '3', '0');
INSERT INTO `dl_arr_base` VALUES ('1363482079687131138', '1347029956531355649', '1361614659125653505', '1347030457700352002', '1334881724013473793', '梅超风', '自然科学', '小二、一班', '105', '1359797361159086081', '2', '3', '3', '0');
INSERT INTO `dl_arr_base` VALUES ('1363482079695519745', '1361656875160317953', '1361614678788550658', '1347030457700352002', '1334881724013473793', '周杰伦', '音乐', '小二、一班', '105', '1359797361159086081', '1', '3', '3', '0');
INSERT INTO `dl_arr_base` VALUES ('1363482079699714050', '1361666422490935298', '1361614700234027009', '1347030457700352002', '1334881724013473793', '何洁', '计算机', '小二、一班', '105', '1359797361159086081', '1', '3', '3', '0');
INSERT INTO `dl_arr_base` VALUES ('1363482079708102658', '1361666211404197889', '1361614607024009217', '1347030503472791553', '1334881724013473793', '董子健', '体育', '小二、二班', '105', '1359797361159086081', '2', '3', '3', '0');
INSERT INTO `dl_arr_base` VALUES ('1363482079712296961', '1361665609941004290', '1361614659125653505', '1347030503472791553', '1334881724013473793', '小龙女', '自然科学', '小二、二班', '105', '1359797361159086081', '2', '3', '3', '0');
INSERT INTO `dl_arr_base` VALUES ('1363482079720685570', '1361656875160317953', '1361614678788550658', '1347030503472791553', '1334881724013473793', '周杰伦', '音乐', '小二、二班', '105', '1359797361159086081', '1', '3', '3', '0');
INSERT INTO `dl_arr_base` VALUES ('1363482079729074178', '1361665323801391105', '1361614700234027009', '1347030503472791553', '1334881724013473793', '马汉', '计算机', '小二、二班', '105', '1359797361159086081', '1', '3', '3', '0');
INSERT INTO `dl_arr_base` VALUES ('1363847113864929282', '1361663771472703489', '1338841438093758466', '1335503230873747457', '1334852133605507074', '周润发', '语文', '初二、一班', '103', '1360520275386908673', '6', '1', '3', '0');
INSERT INTO `dl_arr_base` VALUES ('1363847113873317890', '1347029758249828353', '1338841469836251137', '1335503230873747457', '1334852133605507074', '张杰', '数学', '初二、一班', '103', '1360520275386908673', '6', '1', '3', '0');
INSERT INTO `dl_arr_base` VALUES ('1363847113877512194', '1361666022236893186', '1338841561876058114', '1335503230873747457', '1334852133605507074', '张三丰', '物理', '初二、一班', '103', '1360520275386908673', '3', '2', '3', '0');
INSERT INTO `dl_arr_base` VALUES ('1363847113885900802', '1361664821860642817', '1338841607535251457', '1335503230873747457', '1334852133605507074', '阳顶天', '生物', '初二、一班', '103', '1360520275386908673', '2', '2', '3', '0');
INSERT INTO `dl_arr_base` VALUES ('1363847113890095105', '1361666112917745666', '1338841639579734018', '1335503230873747457', '1334852133605507074', '赵丽颖', '历史', '初二、一班', '103', '1360520275386908673', '2', '2', '3', '0');
INSERT INTO `dl_arr_base` VALUES ('1363847113898483713', '1361665760709455874', '1338823976392511490', '1335576061456248833', '1334845699547394049', '洪七公', '语文', '小三、一班', '101', '1360520275386908673', '12', '1', '3', '0');
INSERT INTO `dl_arr_base` VALUES ('1363847113906872321', '1347029303025238018', '1338824013189140482', '1335576061456248833', '1334845699547394049', '周冬雨', '数学', '小三、一班', '101', '1360520275386908673', '12', '1', '3', '0');
INSERT INTO `dl_arr_base` VALUES ('1363847113915260930', '1347029758249828353', '1338823976392511490', '1347030568522252289', '1334881724013473793', '张杰', '语文', '小三、二班', '105', '1360520275386908673', '12', '1', '3', '0');
INSERT INTO `dl_arr_base` VALUES ('1363847113923649537', '1341347517557407746', '1338824013189140482', '1347030568522252289', '1334881724013473793', '李四', '数学', '小三、二班', '105', '1360520275386908673', '12', '1', '3', '0');
INSERT INTO `dl_arr_base` VALUES ('1363847113932038146', '1361665123712118786', '1338824539414908930', '1347031177472278530', '1334845699547394049', '哪吒', '语文', '初一、一班', '101', '1360520275386908673', '6', '1', '3', '0');
INSERT INTO `dl_arr_base` VALUES ('1363847113940426754', '1347029907218923522', '1338824559677591553', '1347031177472278530', '1334845699547394049', '张信哲', '数学', '初一、一班', '101', '1360520275386908673', '6', '1', '3', '0');
INSERT INTO `dl_arr_base` VALUES ('1363847113940426755', '1361666523825319938', '1338824601352196097', '1347031177472278530', '1334845699547394049', '王子怡', '英语', '初一、一班', '101', '1360520275386908673', '6', '1', '3', '0');
INSERT INTO `dl_arr_base` VALUES ('1363847113948815361', '1361664821860642817', '1338824659099373569', '1347031177472278530', '1334845699547394049', '阳顶天', '物理', '初一、一班', '101', '1360520275386908673', '3', '2', '3', '0');
INSERT INTO `dl_arr_base` VALUES ('1363847113953009666', '1347029956531355649', '1338824742352113665', '1347031177472278530', '1334845699547394049', '梅超风', '历史', '初一、一班', '101', '1360520275386908673', '3', '2', '3', '0');
INSERT INTO `dl_arr_base` VALUES ('1363847113957203969', '1347029691988213762', '1338824795191955458', '1347031177472278530', '1334845699547394049', '谢娜', '地理', '初一、一班', '101', '1360520275386908673', '3', '2', '3', '0');
INSERT INTO `dl_arr_base` VALUES ('1363847113957203970', '1361666154869174273', '1338824539414908930', '1347031319973756930', '1334852194771042305', '张靓颖', '语文', '初一、三班', '104', '1360520275386908673', '6', '1', '3', '0');
INSERT INTO `dl_arr_base` VALUES ('1363847113965592578', '1361666523825319938', '1338824559677591553', '1347031319973756930', '1334852194771042305', '王子怡', '数学', '初一、三班', '104', '1360520275386908673', '6', '1', '3', '0');
INSERT INTO `dl_arr_base` VALUES ('1363847113965592579', '1361663469436678145', '1338824601352196097', '1347031319973756930', '1334852194771042305', '赵文卓', '英语', '初一、三班', '104', '1360520275386908673', '6', '1', '3', '0');
INSERT INTO `dl_arr_base` VALUES ('1363847113973981185', '1341347664207052802', '1338824659099373569', '1347031319973756930', '1334852194771042305', '赵四', '物理', '初一、三班', '104', '1360520275386908673', '3', '2', '3', '0');
INSERT INTO `dl_arr_base` VALUES ('1363847113973981186', '1347029691988213762', '1338824742352113665', '1347031319973756930', '1334852194771042305', '谢娜', '历史', '初一、三班', '104', '1360520275386908673', '3', '2', '3', '0');
INSERT INTO `dl_arr_base` VALUES ('1363847113982369794', '1347029397187362817', '1338824795191955458', '1347031319973756930', '1334852194771042305', '张晋', '地理', '初一、三班', '104', '1360520275386908673', '3', '2', '3', '0');
INSERT INTO `dl_arr_base` VALUES ('1363847113990758402', '1341347778094989313', '1338824539414908930', '1347031233332019202', '1334852194771042305', '王五', '语文', '初一、二班', '104', '1360520275386908673', '6', '1', '3', '0');
INSERT INTO `dl_arr_base` VALUES ('1363847113990758403', '1361666331373875201', '1338824559677591553', '1347031233332019202', '1334852194771042305', '李宇春', '数学', '初一、二班', '104', '1360520275386908673', '6', '1', '3', '0');
INSERT INTO `dl_arr_base` VALUES ('1363847113999147009', '1361666422490935298', '1338824601352196097', '1347031233332019202', '1334852194771042305', '何洁', '英语', '初一、二班', '104', '1360520275386908673', '6', '1', '3', '0');
INSERT INTO `dl_arr_base` VALUES ('1363847114007535617', '1347029907218923522', '1338824659099373569', '1347031233332019202', '1334852194771042305', '张信哲', '物理', '初一、二班', '104', '1360520275386908673', '3', '2', '3', '0');
INSERT INTO `dl_arr_base` VALUES ('1363847114007535618', '1347029691988213762', '1338824742352113665', '1347031233332019202', '1334852194771042305', '谢娜', '历史', '初一、二班', '104', '1360520275386908673', '3', '2', '3', '0');
INSERT INTO `dl_arr_base` VALUES ('1363847114015924226', '2', '1338824795191955458', '1347031233332019202', '1334852194771042305', '张三', '地理', '初一、二班', '104', '1360520275386908673', '3', '2', '3', '0');
INSERT INTO `dl_arr_base` VALUES ('1363847114015924227', '1361659512253460482', '1338824257226330114', '1347030944008929281', '1334852194771042305', '谢霆锋', '数学', '小五、一班', '104', '1360520275386908673', '10', '1', '3', '0');
INSERT INTO `dl_arr_base` VALUES ('1363847114024312834', '1361659221915348994', '1361614952257171457', '1335576061456248833', '1334845699547394049', '甄子丹', '体育', '小三、一班', '101', '1360520275386908673', '2', '3', '3', '0');
INSERT INTO `dl_arr_base` VALUES ('1363847114024312835', '1361666288046714882', '1361615009664610306', '1335576061456248833', '1334845699547394049', '周笔畅', '音乐', '小三、一班', '101', '1360520275386908673', '1', '3', '3', '0');
INSERT INTO `dl_arr_base` VALUES ('1363847114032701442', '1347029461406351361', '1361615057689391105', '1335576061456248833', '1334845699547394049', '张韶涵', '计算机', '小三、一班', '101', '1360520275386908673', '1', '3', '3', '0');
INSERT INTO `dl_arr_base` VALUES ('1363847114032701443', '1361664758438572034', '1361615087141793794', '1335576061456248833', '1334845699547394049', '杨不悔', '自然科学', '小三、一班', '101', '1360520275386908673', '2', '3', '3', '0');
INSERT INTO `dl_arr_base` VALUES ('1363847114041090049', '1361665952867299329', '1361614952257171457', '1347030568522252289', '1334881724013473793', '张翠山', '体育', '小三、二班', '105', '1360520275386908673', '2', '3', '3', '0');
INSERT INTO `dl_arr_base` VALUES ('1363847114045284354', '1361663636822962178', '1361615009664610306', '1347030568522252289', '1334881724013473793', '赵英俊', '音乐', '小三、二班', '105', '1360520275386908673', '1', '3', '3', '0');
INSERT INTO `dl_arr_base` VALUES ('1363847114045284355', '1347029691988213762', '1361615057689391105', '1347030568522252289', '1334881724013473793', '谢娜', '计算机', '小三、二班', '105', '1360520275386908673', '1', '3', '3', '0');
INSERT INTO `dl_arr_base` VALUES ('1363847114053672961', '1361657051421749249', '1361615087141793794', '1347030568522252289', '1334881724013473793', '黄圣依', '自然科学', '小三、二班', '105', '1360520275386908673', '2', '3', '3', '0');
INSERT INTO `dl_arr_base` VALUES ('1363847114062061570', '1361665323801391105', '1361625078020059138', '1347031177472278530', '1334845699547394049', '马汉', '体育', '初一、一班', '101', '1360520275386908673', '2', '3', '3', '0');
INSERT INTO `dl_arr_base` VALUES ('1363847114062061571', '1361656875160317953', '1361625124283232257', '1347031177472278530', '1334845699547394049', '周杰伦', '音乐', '初一、一班', '101', '1360520275386908673', '1', '3', '3', '0');
INSERT INTO `dl_arr_base` VALUES ('1363847114070450178', '1361664147697577985', '1361625124283232257', '1347031319973756930', '1334852194771042305', '刘德华', '音乐', '初一、三班', '104', '1360520275386908673', '1', '3', '3', '0');
INSERT INTO `dl_arr_base` VALUES ('1363847114074644482', '1361664933613678594', '1361625078020059138', '1347031319973756930', '1334852194771042305', '姜子牙', '体育', '初一、三班', '104', '1360520275386908673', '2', '3', '3', '0');
INSERT INTO `dl_arr_base` VALUES ('1363847114074644483', '1361665450431623169', '1361625078020059138', '1347031233332019202', '1334852194771042305', '展昭', '体育', '初一、二班', '104', '1360520275386908673', '2', '3', '3', '0');
INSERT INTO `dl_arr_base` VALUES ('1363847114083033089', '1361659438731505666', '1361625124283232257', '1347031233332019202', '1334852194771042305', '王菲', '音乐', '初一、二班', '104', '1360520275386908673', '1', '3', '3', '0');
INSERT INTO `dl_arr_base` VALUES ('1363847114083033090', '1361665323801391105', '1338841668600123393', '1335503230873747457', '1334852133605507074', '马汉', '地理', '初二、一班', '103', '1360520275386908673', '2', '2', '3', '0');
INSERT INTO `dl_arr_base` VALUES ('1363847114091421698', '1347029461406351361', '1338841694613196802', '1335503230873747457', '1334852133605507074', '张韶涵', '政治', '初二、一班', '103', '1360520275386908673', '2', '2', '3', '0');
INSERT INTO `dl_arr_base` VALUES ('1363847114091421699', '1361659221915348994', '1361625721849917442', '1335503230873747457', '1334852133605507074', '甄子丹', '体育', '初二、一班', '103', '1360520275386908673', '2', '3', '3', '0');
INSERT INTO `dl_arr_base` VALUES ('1363847114099810305', '1361666331373875201', '1361625745807781890', '1335503230873747457', '1334852133605507074', '李宇春', '音乐', '初二、一班', '103', '1360520275386908673', '1', '3', '3', '0');
INSERT INTO `dl_arr_base` VALUES ('1374331369665908737', '1361663771472703489', '1338691977994379265', '1347030313466626050', '1334848602098069506', '陈雪莲', '语文', '小一、一班', '一年级一班', '1373960129663000577', '8', '1', '3', '0');
INSERT INTO `dl_arr_base` VALUES ('1374331369703657473', '1361663636822962178', '1338801366921289730', '1347030313466626050', '1334848602098069506', '梁金梅', '数学', '小一、一班', '一年级一班', '1373960129663000577', '6', '1', '3', '0');
INSERT INTO `dl_arr_base` VALUES ('1374331369712046082', '1366382274997444610', '1361614365083971586', '1347030313466626050', '1334848602098069506', '李朝政', '体育', '小一、一班', '一年级一班', '1373960129663000577', '3', '3', '3', '0');
INSERT INTO `dl_arr_base` VALUES ('1374331369720434690', '1366382171683348481', '1361614407127674882', '1347030313466626050', '1334848602098069506', '肖璐', '音乐', '小一、一班', '一年级一班', '1373960129663000577', '2', '3', '3', '0');
INSERT INTO `dl_arr_base` VALUES ('1374331369728823297', '1361663771472703489', '1372862354946863106', '1347030313466626050', '1334848602098069506', '陈雪莲', '阅读与写作', '小一、一班', '一年级一班', '1373960129663000577', '1', '3', '3', '0');
INSERT INTO `dl_arr_base` VALUES ('1374331369745600513', '1361663771472703489', '1372862475314999298', '1347030313466626050', '1334848602098069506', '陈雪莲', '心理与健康教育', '小一、一班', '一年级一班', '1373960129663000577', '1', '3', '3', '0');
INSERT INTO `dl_arr_base` VALUES ('1374331369745600514', '1361663771472703489', '1361614459174793218', '1347030313466626050', '1334848602098069506', '陈雪莲', '生命生活与安全', '小一、一班', '一年级一班', '1373960129663000577', '3', '3', '3', '0');
INSERT INTO `dl_arr_base` VALUES ('1374331369753989121', '1361663636822962178', '1372863047573254145', '1347030313466626050', '1334848602098069506', '梁金梅', '品德与生活', '小一、一班', '一年级一班', '1373960129663000577', '2', '3', '3', '0');
INSERT INTO `dl_arr_base` VALUES ('1374331369762377729', '1361663636822962178', '1372863228913987586', '1347030313466626050', '1334848602098069506', '梁金梅', '活动', '小一、一班', '一年级一班', '1373960129663000577', '1', '3', '3', '0');
INSERT INTO `dl_arr_base` VALUES ('1374331369770766337', '1373945549079502849', '1361614514518634498', '1347030313466626050', '1334848602098069506', '肖征翠', '美术', '小一、一班', '一年级一班', '1373960129663000577', '2', '3', '3', '0');
INSERT INTO `dl_arr_base` VALUES ('1374331369779154946', '1366382274997444610', '1361614433971220482', '1347030313466626050', '1334848602098069506', '李朝政', '体育与健康', '小一、一班', '一年级一班', '1373960129663000577', '1', '3', '3', '0');
INSERT INTO `dl_arr_base` VALUES ('1374331369787543553', '1361659512253460482', '1373946729859964929', '1347030313466626050', '1334848602098069506', '张峻榕', '综合实践', '小一、一班', '一年级一班', '1373960129663000577', '1', '3', '3', '0');
INSERT INTO `dl_arr_base` VALUES ('1374331369795932162', '1361663636822962178', '1361614488165822466', '1347030313466626050', '1334848602098069506', '梁金梅', '国学经典', '小一、一班', '一年级一班', '1373960129663000577', '1', '3', '3', '0');
INSERT INTO `dl_arr_base` VALUES ('1374331369804320770', '1361663771472703489', '1372866295709380610', '1347030313466626050', '1334848602098069506', '陈雪莲', '班队课', '小一、一班', '一年级一班', '1373960129663000577', '1', '3', '3', '0');
INSERT INTO `dl_arr_base` VALUES ('1374331369812709378', '1366382068172120066', '1372863675947102210', '1347030313466626050', '1334848602098069506', '黄鹏', '英语', '小一、一班', '一年级一班', '1373960129663000577', '1', '3', '3', '0');
INSERT INTO `dl_arr_base` VALUES ('1374331369816903682', '1366382068172120066', '1372869009428262913', '1347030313466626050', '1334848602098069506', '黄鹏', '习字', '小一、一班', '一年级一班', '1373960129663000577', '1', '3', '3', '0');
INSERT INTO `dl_arr_base` VALUES ('1374331369825292289', '1361663469436678145', '1338691977994379265', '1366386269749043202', '1334852133605507074', '罗娜', '语文', '小一、三班', '一年级三班', '1373960129663000577', '8', '1', '3', '0');
INSERT INTO `dl_arr_base` VALUES ('1374331369825292290', '1361659512253460482', '1338801366921289730', '1366386269749043202', '1334852133605507074', '张峻榕', '数学', '小一、三班', '一年级三班', '1373960129663000577', '6', '1', '3', '0');
INSERT INTO `dl_arr_base` VALUES ('1374331369833680897', '1361663469436678145', '1372863675947102210', '1366386269749043202', '1334852133605507074', '罗娜', '英语', '小一、三班', '一年级三班', '1373960129663000577', '1', '3', '3', '0');
INSERT INTO `dl_arr_base` VALUES ('1374331369850458114', '1366382274997444610', '1361614365083971586', '1366386269749043202', '1334852133605507074', '李朝政', '体育', '小一、三班', '一年级三班', '1373960129663000577', '3', '3', '3', '0');
INSERT INTO `dl_arr_base` VALUES ('1374331369854652418', '1366382171683348481', '1361614407127674882', '1366386269749043202', '1334852133605507074', '肖璐', '音乐', '小一、三班', '一年级三班', '1373960129663000577', '2', '3', '3', '0');
INSERT INTO `dl_arr_base` VALUES ('1374331369863041025', '1373945549079502849', '1361614514518634498', '1366386269749043202', '1334852133605507074', '肖征翠', '美术', '小一、三班', '一年级三班', '1373960129663000577', '2', '3', '3', '0');
INSERT INTO `dl_arr_base` VALUES ('1374331369863041026', '1361659512253460482', '1372862475314999298', '1366386269749043202', '1334852133605507074', '张峻榕', '心理与健康教育', '小一、三班', '一年级三班', '1373960129663000577', '1', '3', '3', '0');
INSERT INTO `dl_arr_base` VALUES ('1374331369871429633', '1361663469436678145', '1372863228913987586', '1366386269749043202', '1334852133605507074', '罗娜', '活动', '小一、三班', '一年级三班', '1373960129663000577', '1', '3', '3', '0');
INSERT INTO `dl_arr_base` VALUES ('1374331369884012546', '1361659512253460482', '1373946729859964929', '1366386269749043202', '1334852133605507074', '张峻榕', '综合实践', '小一、三班', '一年级三班', '1373960129663000577', '1', '3', '3', '0');
INSERT INTO `dl_arr_base` VALUES ('1374331369884012547', '1361663469436678145', '1372869009428262913', '1366386269749043202', '1334852133605507074', '罗娜', '习字', '小一、三班', '一年级三班', '1373960129663000577', '1', '3', '3', '0');
INSERT INTO `dl_arr_base` VALUES ('1374331369896595458', '1366382274997444610', '1361614433971220482', '1366386269749043202', '1334852133605507074', '李朝政', '体育与健康', '小一、三班', '一年级三班', '1373960129663000577', '1', '3', '3', '0');
INSERT INTO `dl_arr_base` VALUES ('1374331369900789762', '1361659512253460482', '1361614488165822466', '1366386269749043202', '1334852133605507074', '张峻榕', '国学经典', '小一、三班', '一年级三班', '1373960129663000577', '1', '3', '3', '0');
INSERT INTO `dl_arr_base` VALUES ('1374331369909178369', '1361659512253460482', '1372863047573254145', '1366386269749043202', '1334852133605507074', '张峻榕', '品德与生活', '小一、三班', '一年级三班', '1373960129663000577', '2', '3', '3', '0');
INSERT INTO `dl_arr_base` VALUES ('1374331369917566977', '1361663469436678145', '1372862354946863106', '1366386269749043202', '1334852133605507074', '罗娜', '阅读与写作', '小一、三班', '一年级三班', '1373960129663000577', '1', '3', '3', '0');
INSERT INTO `dl_arr_base` VALUES ('1374331369930149890', '1361659512253460482', '1361614459174793218', '1366386269749043202', '1334852133605507074', '张峻榕', '生命生活与安全', '小一、三班', '一年级三班', '1373960129663000577', '3', '3', '3', '0');
INSERT INTO `dl_arr_base` VALUES ('1374331369930149891', '1361659512253460482', '1372866295709380610', '1366386269749043202', '1334852133605507074', '张峻榕', '班队课', '小一、三班', '一年级三班', '1373960129663000577', '1', '3', '3', '0');
INSERT INTO `dl_arr_base` VALUES ('1374331369938538497', '1361663771472703489', '1338691977994379265', '1347030377794666498', '1334845699547394049', '陈雪莲', '语文', '小一、二班', '一年级二班', '1373960129663000577', '8', '1', '3', '0');
INSERT INTO `dl_arr_base` VALUES ('1374331369951121409', '1361663771472703489', '1372863047573254145', '1347030377794666498', '1334845699547394049', '陈雪莲', '品德与生活', '小一、二班', '一年级二班', '1373960129663000577', '2', '3', '3', '0');
INSERT INTO `dl_arr_base` VALUES ('1374331369959510018', '1366382171683348481', '1361614407127674882', '1347030377794666498', '1334845699547394049', '肖璐', '音乐', '小一、二班', '一年级二班', '1373960129663000577', '2', '3', '3', '0');
INSERT INTO `dl_arr_base` VALUES ('1374331369967898625', '1361663636822962178', '1338801366921289730', '1347030377794666498', '1334845699547394049', '梁金梅', '数学', '小一、二班', '一年级二班', '1373960129663000577', '6', '1', '3', '0');
INSERT INTO `dl_arr_base` VALUES ('1374331369967898626', '1366382274997444610', '1361614365083971586', '1347030377794666498', '1334845699547394049', '李朝政', '体育', '小一、二班', '一年级二班', '1373960129663000577', '3', '3', '3', '0');
INSERT INTO `dl_arr_base` VALUES ('1374331369976287233', '1361663636822962178', '1361614459174793218', '1347030377794666498', '1334845699547394049', '梁金梅', '生命生活与安全', '小一、二班', '一年级二班', '1373960129663000577', '3', '3', '3', '0');
INSERT INTO `dl_arr_base` VALUES ('1374331369980481538', '1366382171683348481', '1372869009428262913', '1347030377794666498', '1334845699547394049', '肖璐', '习字', '小一、二班', '一年级二班', '1373960129663000577', '1', '3', '3', '0');
INSERT INTO `dl_arr_base` VALUES ('1374331369988870145', '1361663636822962178', '1361614488165822466', '1347030377794666498', '1334845699547394049', '梁金梅', '国学经典', '小一、二班', '一年级二班', '1373960129663000577', '1', '3', '3', '0');
INSERT INTO `dl_arr_base` VALUES ('1374331369997258753', '1373945549079502849', '1361614514518634498', '1347030377794666498', '1334845699547394049', '肖征翠', '美术', '小一、二班', '一年级二班', '1373960129663000577', '2', '3', '3', '0');
INSERT INTO `dl_arr_base` VALUES ('1374331370005647362', '1361659512253460482', '1373946729859964929', '1347030377794666498', '1334845699547394049', '张峻榕', '综合实践', '小一、二班', '一年级二班', '1373960129663000577', '1', '3', '3', '0');
INSERT INTO `dl_arr_base` VALUES ('1374331370005647363', '1361663636822962178', '1372863228913987586', '1347030377794666498', '1334845699547394049', '梁金梅', '活动', '小一、二班', '一年级二班', '1373960129663000577', '1', '3', '3', '0');
INSERT INTO `dl_arr_base` VALUES ('1374331370014035970', '1366382068172120066', '1372863675947102210', '1347030377794666498', '1334845699547394049', '黄鹏', '英语', '小一、二班', '一年级二班', '1373960129663000577', '1', '3', '3', '0');
INSERT INTO `dl_arr_base` VALUES ('1374331370018230273', '1366382274997444610', '1361614433971220482', '1347030377794666498', '1334845699547394049', '李朝政', '体育与健康', '小一、二班', '一年级二班', '1373960129663000577', '1', '3', '3', '0');
INSERT INTO `dl_arr_base` VALUES ('1374331370018230274', '1347029568935723009', '1372862354946863106', '1347030377794666498', '1334845699547394049', '陈蕾伊', '阅读与写作', '小一、二班', '一年级二班', '1373960129663000577', '1', '3', '3', '0');
INSERT INTO `dl_arr_base` VALUES ('1374331370026618881', '1361663636822962178', '1372866295709380610', '1347030377794666498', '1334845699547394049', '梁金梅', '班队课', '小一、二班', '一年级二班', '1373960129663000577', '1', '3', '3', '0');
INSERT INTO `dl_arr_base` VALUES ('1374331370035007489', '1361663636822962178', '1372862475314999298', '1347030377794666498', '1334845699547394049', '梁金梅', '心理与健康教育', '小一、二班', '一年级二班', '1373960129663000577', '1', '3', '3', '0');

-- ----------------------------
-- Table structure for `dl_arr_grade`
-- ----------------------------
DROP TABLE IF EXISTS `dl_arr_grade`;
CREATE TABLE `dl_arr_grade` (
  `id` varchar(64) NOT NULL,
  `arr_id` varchar(64) DEFAULT NULL,
  `grade_id` varchar(64) DEFAULT NULL,
  `grade_name` varchar(64) DEFAULT NULL,
  `term_id` varchar(64) DEFAULT NULL,
  PRIMARY KEY (`id`)
) ENGINE=InnoDB DEFAULT CHARSET=utf8mb3;

-- ----------------------------
-- Records of dl_arr_grade
-- ----------------------------
INSERT INTO `dl_arr_grade` VALUES ('1363482073190154242', '1359797361159086081', '1335469590391369729', '小学-2020级', '1346713330594394113');
INSERT INTO `dl_arr_grade` VALUES ('1363482073248874498', '1359797361159086081', '1338008847125905409', '小学-2019级', '1346713330594394113');
INSERT INTO `dl_arr_grade` VALUES ('1363847075587710978', '1360520275386908673', '1338008970820124673', '初中-2020级', '1346713330594394113');
INSERT INTO `dl_arr_grade` VALUES ('1363847075638042626', '1360520275386908673', '1335468385950769153', '初中-2019级', '1346713330594394113');
INSERT INTO `dl_arr_grade` VALUES ('1363847075654819842', '1360520275386908673', '1338008938872111106', '初中-2018级', '1346713330594394113');
INSERT INTO `dl_arr_grade` VALUES ('1363847075663208450', '1360520275386908673', '1338008812053135361', '小学-2018级', '1346713330594394113');
INSERT INTO `dl_arr_grade` VALUES ('1363847075671597057', '1360520275386908673', '1338008779685691393', '小学-2017级', '1346713330594394113');
INSERT INTO `dl_arr_grade` VALUES ('1363847075688374274', '1360520275386908673', '1338008734819221506', '小学-2016级', '1346713330594394113');
INSERT INTO `dl_arr_grade` VALUES ('1363847075696762882', '1360520275386908673', '1338009103213330434', '小学-2015级', '1346713330594394113');
INSERT INTO `dl_arr_grade` VALUES ('1373960129692360706', '1373960129663000577', '1335469590391369729', '小学-2020级', '1360518975966326786');

-- ----------------------------
-- Table structure for `dl_arr_set`
-- ----------------------------
DROP TABLE IF EXISTS `dl_arr_set`;
CREATE TABLE `dl_arr_set` (
  `id` varchar(64) NOT NULL,
  `col` int DEFAULT NULL COMMENT '星期几',
  `row` int DEFAULT NULL COMMENT '第几节课',
  `type` int DEFAULT NULL COMMENT '类型，1教师不排课，2班级不排课，3课程不排课',
  `arr_id` varchar(64) DEFAULT NULL COMMENT '排课任务ID',
  `type_id` varchar(64) DEFAULT NULL COMMENT '课程ID/教师ID/班级ID',
  `label` varchar(64) DEFAULT NULL COMMENT '显示便签',
  `term_id` varchar(64) DEFAULT NULL,
  PRIMARY KEY (`id`)
) ENGINE=InnoDB DEFAULT CHARSET=utf8mb3;

-- ----------------------------
-- Records of dl_arr_set
-- ----------------------------
INSERT INTO `dl_arr_set` VALUES ('1363482181352865793', '1', '1', '0', '1359797361159086081', '0', '不排课', null);
INSERT INTO `dl_arr_set` VALUES ('1363482185622667265', '5', '7', '0', '1359797361159086081', '0', '不排课', null);
INSERT INTO `dl_arr_set` VALUES ('1363482268648914946', '5', '1', '1', '1359797361159086081', '1361665545919148034', '不排课', null);
INSERT INTO `dl_arr_set` VALUES ('1363482376966815746', '2', '5', '4', '1359797361159086081', '1363482079645188098', '音乐    小一、二班    周杰伦', null);
INSERT INTO `dl_arr_set` VALUES ('1363519203421540354', '1', '5', '4', '1359797361159086081', '1363482079645188098', '音乐    小一、二班    周杰伦', '1346713330594394113');
INSERT INTO `dl_arr_set` VALUES ('1363744141621338113', '5', '6', '4', '1359797361159086081', '1363482079695519745', '音乐    小二、一班    周杰伦', '1346713330594394113');
INSERT INTO `dl_arr_set` VALUES ('1363847217069973505', '1', '1', '0', '1360520275386908673', '0', '不排课', '1346713330594394113');
INSERT INTO `dl_arr_set` VALUES ('1363847220727406594', '5', '7', '0', '1360520275386908673', '0', '不排课', '1346713330594394113');
INSERT INTO `dl_arr_set` VALUES ('1363847433164709890', '2', '2', '4', '1360520275386908673', '1363847113864929282', '语文    初二、一班    周润发', '1346713330594394113');
INSERT INTO `dl_arr_set` VALUES ('1363847440664125442', '3', '2', '4', '1360520275386908673', '1363847113864929282', '语文    初二、一班    周润发', '1346713330594394113');
INSERT INTO `dl_arr_set` VALUES ('1374331575157444609', '1', '1', '4', '1373960129663000577', '1374331369825292289', '语文    小一、三班    罗娜', '1360518975966326786');
INSERT INTO `dl_arr_set` VALUES ('1374331585790005250', '2', '3', '4', '1373960129663000577', '1374331369825292289', '语文    小一、三班    罗娜', '1360518975966326786');
INSERT INTO `dl_arr_set` VALUES ('1374331593973092353', '3', '2', '4', '1373960129663000577', '1374331369825292289', '语文    小一、三班    罗娜', '1360518975966326786');
INSERT INTO `dl_arr_set` VALUES ('1374331604962168833', '5', '1', '4', '1373960129663000577', '1374331369825292289', '语文    小一、三班    罗娜', '1360518975966326786');
INSERT INTO `dl_arr_set` VALUES ('1374331616911740929', '4', '3', '4', '1373960129663000577', '1374331369825292289', '语文    小一、三班    罗娜', '1360518975966326786');

-- ----------------------------
-- Table structure for `dl_class`
-- ----------------------------
DROP TABLE IF EXISTS `dl_class`;
CREATE TABLE `dl_class` (
  `id` varchar(64) NOT NULL,
  `class_no` varchar(64) DEFAULT NULL COMMENT '班号',
  `master_id` varchar(64) DEFAULT NULL COMMENT '班主任ID',
  `stu_num` int DEFAULT NULL COMMENT '班级人数',
  `room_id` varchar(64) DEFAULT NULL COMMENT '班级教室ID',
  `status` int DEFAULT NULL COMMENT '状态1正常  2毕业',
  `class_type` int DEFAULT NULL COMMENT '1小学 2初中 3高中',
  `grade_id` varchar(64) DEFAULT NULL COMMENT '年级',
  `remark` varchar(255) DEFAULT NULL COMMENT '备注',
  `create_id` varchar(64) DEFAULT NULL,
  `create_time` datetime DEFAULT NULL,
  `grade_num` int DEFAULT NULL COMMENT '年级编号（用于判断是第级年级）',
  `deleted` int DEFAULT NULL,
  PRIMARY KEY (`id`),
  KEY `id` (`id`)
) ENGINE=InnoDB DEFAULT CHARSET=utf8mb3;

-- ----------------------------
-- Records of dl_class
-- ----------------------------
INSERT INTO `dl_class` VALUES ('1335503230873747457', '一', '1361666288046714882', '56', '1366385908942430209', '1', '2', '1335468385950769153', '', null, null, '2322', '1');
INSERT INTO `dl_class` VALUES ('1335576061456248833', '一', '1361656875160317953', '46', '1366385484910878721', '1', '1', '1338008812053135361', '', null, null, '1632', '1');
INSERT INTO `dl_class` VALUES ('1337686427581603842', '3', '1', '50', '1334845699547394049', '1', '2', '1335468385950769153', '', null, null, null, '0');
INSERT INTO `dl_class` VALUES ('1341348169993977858', '1', '1339193680802070530', '11', '1334852133605507074', '1', '1', '1335469590391369729', '', '1', '2020-12-22 19:41:39', '1611', '0');
INSERT INTO `dl_class` VALUES ('1341348282762035201', '3', '1341347778094989313', '34', '1334852194771042305', '1', '1', '1335469590391369729', '', '1', '2020-12-22 19:42:06', '1611', '0');
INSERT INTO `dl_class` VALUES ('1341348513469726722', '二', '1361666211404197889', '34', '1366385934565433346', '1', '2', '1335468385950769153', '', '1', '2020-12-22 19:43:01', '2322', '1');
INSERT INTO `dl_class` VALUES ('1341348579383214082', '三', '1361666022236893186', '56', '1366386003133915138', '1', '2', '1338008938872111106', '', '1', '2020-12-22 19:43:17', '2332', '1');
INSERT INTO `dl_class` VALUES ('1347030313466626050', '一', '1361663771472703489', '39', '1334848602098069506', '1', '1', '1335469590391369729', '', '1', '2021-01-07 12:00:28', '1612', '1');
INSERT INTO `dl_class` VALUES ('1347030377794666498', '二', '1361663636822962178', '38', '1334845699547394049', '1', '1', '1335469590391369729', '', '1', '2021-01-07 12:00:43', '1612', '1');
INSERT INTO `dl_class` VALUES ('1347030457700352002', '一', '1361659438731505666', '40', '1334852194771042305', '1', '1', '1338008847125905409', '', '1', '2021-01-07 12:01:02', '1622', '1');
INSERT INTO `dl_class` VALUES ('1347030503472791553', '二', '1361659221915348994', '43', '1334881724013473793', '1', '1', '1338008847125905409', '', '1', '2021-01-07 12:01:13', '1622', '1');
INSERT INTO `dl_class` VALUES ('1347030568522252289', '二', '1347029907218923522', '33', '1366385510210920450', '1', '1', '1338008812053135361', '', '1', '2021-01-07 12:01:28', '1632', '1');
INSERT INTO `dl_class` VALUES ('1347030846533304322', '一', '1347029568935723009', '55', '1366385621309644802', '1', '1', '1338008779685691393', '', '1', '2021-01-07 12:02:35', '1642', '1');
INSERT INTO `dl_class` VALUES ('1347030889940156417', '二', '1347029461406351361', '44', '1366385641077399554', '1', '1', '1338008779685691393', '', '1', '2021-01-07 12:02:45', '1642', '1');
INSERT INTO `dl_class` VALUES ('1347030944008929281', '一', '1347029397187362817', '54', '1366385662254440449', '1', '1', '1338008734819221506', '', '1', '2021-01-07 12:02:58', '1652', '1');
INSERT INTO `dl_class` VALUES ('1347031003182170114', '二', '1347029303025238018', '55', '1366385695297167362', '1', '1', '1338008734819221506', '', '1', '2021-01-07 12:03:12', '1652', '1');
INSERT INTO `dl_class` VALUES ('1347031061013233666', '一', '1341347778094989313', '44', '1366385730852282370', '1', '1', '1338009103213330434', '', '1', '2021-01-07 12:03:26', '1662', '1');
INSERT INTO `dl_class` VALUES ('1347031109386141697', '二', '1339193680802070530', '55', '1366385770773667841', '1', '1', '1338009103213330434', '', '1', '2021-01-07 12:03:37', '1662', '1');
INSERT INTO `dl_class` VALUES ('1347031177472278530', '一', '1361666523825319938', '44', '1366385829003190274', '1', '2', '1338008970820124673', '', '1', '2021-01-07 12:03:53', '2312', '1');
INSERT INTO `dl_class` VALUES ('1347031233332019202', '二', '1361666422490935298', '55', '1366385856824008706', '1', '2', '1338008970820124673', '', '1', '2021-01-07 12:04:07', '2312', '1');
INSERT INTO `dl_class` VALUES ('1347031319973756930', '三', '1361666331373875201', '44', '1366385881239052290', '1', '2', '1338008970820124673', '', '1', '2021-01-07 12:04:27', '2312', '1');
INSERT INTO `dl_class` VALUES ('1347031463809024002', '一', '1361666154869174273', '44', '1366385955893469185', '1', '2', '1338008938872111106', '', '1', '2021-01-07 12:05:02', '2332', '1');
INSERT INTO `dl_class` VALUES ('1347031514635599873', '二', '1361666112917745666', '55', '1366385979138301954', '1', '2', '1338008938872111106', '', '1', '2021-01-07 12:05:14', '2332', '1');
INSERT INTO `dl_class` VALUES ('1366386269749043202', '三', '1361659512253460482', '38', '1334852133605507074', '1', '1', '1335469590391369729', '', '1', '2021-03-01 21:54:07', '1612', '1');
INSERT INTO `dl_class` VALUES ('1366386527447080962', '三', '1361659072786870273', '45', '1366385395396042754', '1', '1', '1338008847125905409', '', '1', '2021-03-01 21:55:09', '1622', '1');
INSERT INTO `dl_class` VALUES ('1366386697341558785', '四', '1361657051421749249', '45', '1366385441537581057', '1', '1', '1338008847125905409', '', '1', '2021-03-01 21:55:49', '1622', '1');
INSERT INTO `dl_class` VALUES ('1366386962681618433', '三', '1347029758249828353', '45', '1366385536093970434', '1', '1', '1338008812053135361', '', '1', '2021-03-01 21:56:52', '1632', '1');
INSERT INTO `dl_class` VALUES ('1366387020118417409', '四', '1347029691988213762', '45', '1366385564749455361', '1', '1', '1338008812053135361', '', '1', '2021-03-01 21:57:06', '1632', '1');
INSERT INTO `dl_class` VALUES ('1366387654548840450', '三', '1366381595218206722', '45', '1366385799596924929', '1', '1', '1338009103213330434', '', '1', '2021-03-01 21:59:37', '1662', '1');

-- ----------------------------
-- Table structure for `dl_class_teacher`
-- ----------------------------
DROP TABLE IF EXISTS `dl_class_teacher`;
CREATE TABLE `dl_class_teacher` (
  `id` varchar(64) NOT NULL,
  `teacher_id` varchar(64) DEFAULT NULL COMMENT '教师ID',
  `course_id` varchar(64) DEFAULT NULL COMMENT '课程ID',
  `class_id` varchar(64) DEFAULT NULL COMMENT '班级ID',
  `term_id` varchar(64) DEFAULT NULL,
  PRIMARY KEY (`id`)
) ENGINE=InnoDB DEFAULT CHARSET=utf8mb3;

-- ----------------------------
-- Records of dl_class_teacher
-- ----------------------------
INSERT INTO `dl_class_teacher` VALUES ('1339573438383550466', '1361663771472703489', '1338841438093758466', '1335503230873747457', '1346713330594394113');
INSERT INTO `dl_class_teacher` VALUES ('1339576537244397570', '1347029758249828353', '1338841469836251137', '1335503230873747457', '1346713330594394113');
INSERT INTO `dl_class_teacher` VALUES ('1339579696813580289', '1361666022236893186', '1338841561876058114', '1335503230873747457', '1346713330594394113');
INSERT INTO `dl_class_teacher` VALUES ('1343497348140818433', '1361664821860642817', '1338841607535251457', '1335503230873747457', '1346713330594394113');
INSERT INTO `dl_class_teacher` VALUES ('1343497387776991234', '1361666112917745666', '1338841639579734018', '1335503230873747457', '1346713330594394113');
INSERT INTO `dl_class_teacher` VALUES ('1343890598269861889', '1361665760709455874', '1338823976392511490', '1335576061456248833', '1346713330594394113');
INSERT INTO `dl_class_teacher` VALUES ('1347032038420283393', '1347029568935723009', '1338672065913659394', '1347030313466626050', '1346713330594394113');
INSERT INTO `dl_class_teacher` VALUES ('1347032110658781186', '1361664481169911810', '1338673554375634946', '1347030313466626050', '1346713330594394113');
INSERT INTO `dl_class_teacher` VALUES ('1347032149829386242', '1361663771472703489', '1338672065913659394', '1347030377794666498', '1346713330594394113');
INSERT INTO `dl_class_teacher` VALUES ('1347032189964681217', '1361665014207229953', '1338673554375634946', '1347030377794666498', '1346713330594394113');
INSERT INTO `dl_class_teacher` VALUES ('1347032223930155010', '1341347778094989313', '1338676685679423489', '1347030457700352002', '1346713330594394113');
INSERT INTO `dl_class_teacher` VALUES ('1347032256406650881', '1361665829219217409', '1338676228303155201', '1347030457700352002', '1346713330594394113');
INSERT INTO `dl_class_teacher` VALUES ('1347032288002342913', '1361659072786870273', '1338676228303155201', '1347030503472791553', '1346713330594394113');
INSERT INTO `dl_class_teacher` VALUES ('1347032313017171969', '1347029397187362817', '1338676685679423489', '1347030503472791553', '1346713330594394113');
INSERT INTO `dl_class_teacher` VALUES ('1347032577803583489', '1347029303025238018', '1338824013189140482', '1335576061456248833', '1346713330594394113');
INSERT INTO `dl_class_teacher` VALUES ('1347032610007449601', '1347029758249828353', '1338823976392511490', '1347030568522252289', '1346713330594394113');
INSERT INTO `dl_class_teacher` VALUES ('1347032638507745281', '1341347517557407746', '1338824013189140482', '1347030568522252289', '1346713330594394113');
INSERT INTO `dl_class_teacher` VALUES ('1347032749228982274', '1361665123712118786', '1338824539414908930', '1347031177472278530', '1346713330594394113');
INSERT INTO `dl_class_teacher` VALUES ('1347032808993619970', '1347029907218923522', '1338824559677591553', '1347031177472278530', '1346713330594394113');
INSERT INTO `dl_class_teacher` VALUES ('1347032838882230274', '1361666523825319938', '1338824601352196097', '1347031177472278530', '1346713330594394113');
INSERT INTO `dl_class_teacher` VALUES ('1347032875125211138', '1361664821860642817', '1338824659099373569', '1347031177472278530', '1346713330594394113');
INSERT INTO `dl_class_teacher` VALUES ('1347032969899704322', '1347029956531355649', '1338824742352113665', '1347031177472278530', '1346713330594394113');
INSERT INTO `dl_class_teacher` VALUES ('1347032996906827777', '1347029691988213762', '1338824795191955458', '1347031177472278530', '1346713330594394113');
INSERT INTO `dl_class_teacher` VALUES ('1347033052657516546', '1361666154869174273', '1338824539414908930', '1347031319973756930', '1346713330594394113');
INSERT INTO `dl_class_teacher` VALUES ('1347033074384011266', '1361666523825319938', '1338824559677591553', '1347031319973756930', '1346713330594394113');
INSERT INTO `dl_class_teacher` VALUES ('1347033095238090754', '1361663469436678145', '1338824601352196097', '1347031319973756930', '1346713330594394113');
INSERT INTO `dl_class_teacher` VALUES ('1347033122077442049', '1341347664207052802', '1338824659099373569', '1347031319973756930', '1346713330594394113');
INSERT INTO `dl_class_teacher` VALUES ('1347033145766871041', '1347029691988213762', '1338824742352113665', '1347031319973756930', '1346713330594394113');
INSERT INTO `dl_class_teacher` VALUES ('1347033168890068994', '1347029397187362817', '1338824795191955458', '1347031319973756930', '1346713330594394113');
INSERT INTO `dl_class_teacher` VALUES ('1347033213693624321', '1341347778094989313', '1338824539414908930', '1347031233332019202', '1346713330594394113');
INSERT INTO `dl_class_teacher` VALUES ('1347033229954940929', '1361666331373875201', '1338824559677591553', '1347031233332019202', '1346713330594394113');
INSERT INTO `dl_class_teacher` VALUES ('1347033248992886785', '1361666422490935298', '1338824601352196097', '1347031233332019202', '1346713330594394113');
INSERT INTO `dl_class_teacher` VALUES ('1347033277447045122', '1347029907218923522', '1338824659099373569', '1347031233332019202', '1346713330594394113');
INSERT INTO `dl_class_teacher` VALUES ('1347033300851261442', '1347029691988213762', '1338824742352113665', '1347031233332019202', '1346713330594394113');
INSERT INTO `dl_class_teacher` VALUES ('1347033321441099777', '2', '1338824795191955458', '1347031233332019202', '1346713330594394113');
INSERT INTO `dl_class_teacher` VALUES ('1355371123988418562', '1361659512253460482', '1338824257226330114', '1347030944008929281', '1346713330594394113');
INSERT INTO `dl_class_teacher` VALUES ('1361666843183820801', '1361666288046714882', '1361612726621057026', '1347030313466626050', '1346713330594394113');
INSERT INTO `dl_class_teacher` VALUES ('1361666887869935617', '1361659221915348994', '1361612766320144385', '1347030313466626050', '1346713330594394113');
INSERT INTO `dl_class_teacher` VALUES ('1361667054627074049', '1361665545919148034', '1361612814407839746', '1347030313466626050', '1346713330594394113');
INSERT INTO `dl_class_teacher` VALUES ('1361667111707357186', '1347029397187362817', '1361612953956528129', '1347030313466626050', '1346713330594394113');
INSERT INTO `dl_class_teacher` VALUES ('1361667162919809025', '1361666211404197889', '1361613027046469633', '1347030313466626050', '1346713330594394113');
INSERT INTO `dl_class_teacher` VALUES ('1361667232599781378', '1361665323801391105', '1361612980061876226', '1347030313466626050', '1346713330594394113');
INSERT INTO `dl_class_teacher` VALUES ('1361667505464422402', '1361656875160317953', '1361612726621057026', '1347030377794666498', '1346713330594394113');
INSERT INTO `dl_class_teacher` VALUES ('1361667581221941250', '1361665692078059522', '1361612766320144385', '1347030377794666498', '1346713330594394113');
INSERT INTO `dl_class_teacher` VALUES ('1361667615766228993', '1347029568935723009', '1361612814407839746', '1347030377794666498', '1346713330594394113');
INSERT INTO `dl_class_teacher` VALUES ('1361669279248166914', '1361666288046714882', '1361612953956528129', '1347030377794666498', '1346713330594394113');
INSERT INTO `dl_class_teacher` VALUES ('1361669365218816002', '1347029956531355649', '1361612980061876226', '1347030377794666498', '1346713330594394113');
INSERT INTO `dl_class_teacher` VALUES ('1361669420977893377', '1361665450431623169', '1361613027046469633', '1347030377794666498', '1346713330594394113');
INSERT INTO `dl_class_teacher` VALUES ('1361671126440620033', '1361665692078059522', '1361614607024009217', '1347030457700352002', '1346713330594394113');
INSERT INTO `dl_class_teacher` VALUES ('1361671160695500802', '1347029956531355649', '1361614659125653505', '1347030457700352002', '1346713330594394113');
INSERT INTO `dl_class_teacher` VALUES ('1361671199438286850', '1361656875160317953', '1361614678788550658', '1347030457700352002', '1346713330594394113');
INSERT INTO `dl_class_teacher` VALUES ('1361671236008423426', '1361666422490935298', '1361614700234027009', '1347030457700352002', '1346713330594394113');
INSERT INTO `dl_class_teacher` VALUES ('1361671319181471745', '1361666211404197889', '1361614607024009217', '1347030503472791553', '1346713330594394113');
INSERT INTO `dl_class_teacher` VALUES ('1361671354157772801', '1361665609941004290', '1361614659125653505', '1347030503472791553', '1346713330594394113');
INSERT INTO `dl_class_teacher` VALUES ('1361671404212596738', '1361656875160317953', '1361614678788550658', '1347030503472791553', '1346713330594394113');
INSERT INTO `dl_class_teacher` VALUES ('1361671444138176514', '1361665323801391105', '1361614700234027009', '1347030503472791553', '1346713330594394113');
INSERT INTO `dl_class_teacher` VALUES ('1361671493798735873', '1361659221915348994', '1361614952257171457', '1335576061456248833', '1346713330594394113');
INSERT INTO `dl_class_teacher` VALUES ('1361671523737677825', '1361666288046714882', '1361615009664610306', '1335576061456248833', '1346713330594394113');
INSERT INTO `dl_class_teacher` VALUES ('1361671565106098177', '1347029461406351361', '1361615057689391105', '1335576061456248833', '1346713330594394113');
INSERT INTO `dl_class_teacher` VALUES ('1361671598232711169', '1361664758438572034', '1361615087141793794', '1335576061456248833', '1346713330594394113');
INSERT INTO `dl_class_teacher` VALUES ('1361671675252715522', '1361665952867299329', '1361614952257171457', '1347030568522252289', '1346713330594394113');
INSERT INTO `dl_class_teacher` VALUES ('1361671703430049794', '1361663636822962178', '1361615009664610306', '1347030568522252289', '1346713330594394113');
INSERT INTO `dl_class_teacher` VALUES ('1361671733582901249', '1347029691988213762', '1361615057689391105', '1347030568522252289', '1346713330594394113');
INSERT INTO `dl_class_teacher` VALUES ('1361671767841976321', '1361657051421749249', '1361615087141793794', '1347030568522252289', '1346713330594394113');
INSERT INTO `dl_class_teacher` VALUES ('1361672012655112193', '1361665323801391105', '1361625078020059138', '1347031177472278530', '1346713330594394113');
INSERT INTO `dl_class_teacher` VALUES ('1361672052505194497', '1361656875160317953', '1361625124283232257', '1347031177472278530', '1346713330594394113');
INSERT INTO `dl_class_teacher` VALUES ('1361672114190823426', '1361664147697577985', '1361625124283232257', '1347031319973756930', '1346713330594394113');
INSERT INTO `dl_class_teacher` VALUES ('1361672171598262273', '1361664933613678594', '1361625078020059138', '1347031319973756930', '1346713330594394113');
INSERT INTO `dl_class_teacher` VALUES ('1361672500037431298', '1361665450431623169', '1361625078020059138', '1347031233332019202', '1346713330594394113');
INSERT INTO `dl_class_teacher` VALUES ('1361672536058114049', '1361659438731505666', '1361625124283232257', '1347031233332019202', '1346713330594394113');
INSERT INTO `dl_class_teacher` VALUES ('1361672902174715905', '1361665323801391105', '1338841668600123393', '1335503230873747457', '1346713330594394113');
INSERT INTO `dl_class_teacher` VALUES ('1361672959858978817', '1347029461406351361', '1338841694613196802', '1335503230873747457', '1346713330594394113');
INSERT INTO `dl_class_teacher` VALUES ('1361672999352545282', '1361659221915348994', '1361625721849917442', '1335503230873747457', '1346713330594394113');
INSERT INTO `dl_class_teacher` VALUES ('1361673056063729666', '1361666331373875201', '1361625745807781890', '1335503230873747457', '1346713330594394113');
INSERT INTO `dl_class_teacher` VALUES ('1372865007504404482', '1361663771472703489', '1338691977994379265', '1347030313466626050', '1360518975966326786');
INSERT INTO `dl_class_teacher` VALUES ('1372865354381733889', '1361663636822962178', '1338801366921289730', '1347030313466626050', '1360518975966326786');
INSERT INTO `dl_class_teacher` VALUES ('1372865602613227521', '1366382274997444610', '1361614365083971586', '1347030313466626050', '1360518975966326786');
INSERT INTO `dl_class_teacher` VALUES ('1372865687942148097', '1366382171683348481', '1361614407127674882', '1347030313466626050', '1360518975966326786');
INSERT INTO `dl_class_teacher` VALUES ('1372868116960063489', '1361663771472703489', '1372862354946863106', '1347030313466626050', '1360518975966326786');
INSERT INTO `dl_class_teacher` VALUES ('1372868195578097665', '1361663771472703489', '1372862475314999298', '1347030313466626050', '1360518975966326786');
INSERT INTO `dl_class_teacher` VALUES ('1372868354852597761', '1361663771472703489', '1361614459174793218', '1347030313466626050', '1360518975966326786');
INSERT INTO `dl_class_teacher` VALUES ('1372868493767946241', '1361663636822962178', '1372863047573254145', '1347030313466626050', '1360518975966326786');
INSERT INTO `dl_class_teacher` VALUES ('1373945119033319425', '1361663636822962178', '1372863228913987586', '1347030313466626050', '1360518975966326786');
INSERT INTO `dl_class_teacher` VALUES ('1373946238769881090', '1373945549079502849', '1361614514518634498', '1347030313466626050', '1360518975966326786');
INSERT INTO `dl_class_teacher` VALUES ('1373946476180070401', '1366382274997444610', '1361614433971220482', '1347030313466626050', '1360518975966326786');
INSERT INTO `dl_class_teacher` VALUES ('1373946803549691905', '1361659512253460482', '1373946729859964929', '1347030313466626050', '1360518975966326786');
INSERT INTO `dl_class_teacher` VALUES ('1373953526419218433', '1361663636822962178', '1361614488165822466', '1347030313466626050', '1360518975966326786');
INSERT INTO `dl_class_teacher` VALUES ('1373957196691070977', '1361663771472703489', '1372866295709380610', '1347030313466626050', '1360518975966326786');
INSERT INTO `dl_class_teacher` VALUES ('1373957625558654978', '1366382068172120066', '1372863675947102210', '1347030313466626050', '1360518975966326786');
INSERT INTO `dl_class_teacher` VALUES ('1373957734094659585', '1366382068172120066', '1372869009428262913', '1347030313466626050', '1360518975966326786');
INSERT INTO `dl_class_teacher` VALUES ('1373957974428278786', '1361663469436678145', '1338691977994379265', '1366386269749043202', '1360518975966326786');
INSERT INTO `dl_class_teacher` VALUES ('1373958027209400321', '1361659512253460482', '1338801366921289730', '1366386269749043202', '1360518975966326786');
INSERT INTO `dl_class_teacher` VALUES ('1373958104204238850', '1361663469436678145', '1372863675947102210', '1366386269749043202', '1360518975966326786');
INSERT INTO `dl_class_teacher` VALUES ('1373958138475896833', '1366382274997444610', '1361614365083971586', '1366386269749043202', '1360518975966326786');
INSERT INTO `dl_class_teacher` VALUES ('1373958172642697217', '1366382171683348481', '1361614407127674882', '1366386269749043202', '1360518975966326786');
INSERT INTO `dl_class_teacher` VALUES ('1373958237683769346', '1373945549079502849', '1361614514518634498', '1366386269749043202', '1360518975966326786');
INSERT INTO `dl_class_teacher` VALUES ('1373958288216743937', '1361659512253460482', '1372862475314999298', '1366386269749043202', '1360518975966326786');
INSERT INTO `dl_class_teacher` VALUES ('1373958329253814273', '1361663469436678145', '1372863228913987586', '1366386269749043202', '1360518975966326786');
INSERT INTO `dl_class_teacher` VALUES ('1373958397507723265', '1361659512253460482', '1373946729859964929', '1366386269749043202', '1360518975966326786');
INSERT INTO `dl_class_teacher` VALUES ('1373958470044016642', '1361663469436678145', '1372869009428262913', '1366386269749043202', '1360518975966326786');
INSERT INTO `dl_class_teacher` VALUES ('1373958510594547713', '1366382274997444610', '1361614433971220482', '1366386269749043202', '1360518975966326786');
INSERT INTO `dl_class_teacher` VALUES ('1373958599916445697', '1361659512253460482', '1361614488165822466', '1366386269749043202', '1360518975966326786');
INSERT INTO `dl_class_teacher` VALUES ('1373958653305741313', '1361659512253460482', '1372863047573254145', '1366386269749043202', '1360518975966326786');
INSERT INTO `dl_class_teacher` VALUES ('1373958712806137858', '1361663469436678145', '1372862354946863106', '1366386269749043202', '1360518975966326786');
INSERT INTO `dl_class_teacher` VALUES ('1373958765717282818', '1361659512253460482', '1361614459174793218', '1366386269749043202', '1360518975966326786');
INSERT INTO `dl_class_teacher` VALUES ('1373958824303321089', '1361659512253460482', '1372866295709380610', '1366386269749043202', '1360518975966326786');
INSERT INTO `dl_class_teacher` VALUES ('1373958937352396801', '1361663771472703489', '1338691977994379265', '1347030377794666498', '1360518975966326786');
INSERT INTO `dl_class_teacher` VALUES ('1373958987252031490', '1361663771472703489', '1372863047573254145', '1347030377794666498', '1360518975966326786');
INSERT INTO `dl_class_teacher` VALUES ('1373959059591192577', '1366382171683348481', '1361614407127674882', '1347030377794666498', '1360518975966326786');
INSERT INTO `dl_class_teacher` VALUES ('1373959094445858818', '1361663636822962178', '1338801366921289730', '1347030377794666498', '1360518975966326786');
INSERT INTO `dl_class_teacher` VALUES ('1373959127358562306', '1366382274997444610', '1361614365083971586', '1347030377794666498', '1360518975966326786');
INSERT INTO `dl_class_teacher` VALUES ('1373959184057163777', '1361663636822962178', '1361614459174793218', '1347030377794666498', '1360518975966326786');
INSERT INTO `dl_class_teacher` VALUES ('1373959229343064065', '1366382171683348481', '1372869009428262913', '1347030377794666498', '1360518975966326786');
INSERT INTO `dl_class_teacher` VALUES ('1373959262717140993', '1361663636822962178', '1361614488165822466', '1347030377794666498', '1360518975966326786');
INSERT INTO `dl_class_teacher` VALUES ('1373959297731190785', '1373945549079502849', '1361614514518634498', '1347030377794666498', '1360518975966326786');
INSERT INTO `dl_class_teacher` VALUES ('1373959350260654081', '1361659512253460482', '1373946729859964929', '1347030377794666498', '1360518975966326786');
INSERT INTO `dl_class_teacher` VALUES ('1373959450705846273', '1361663636822962178', '1372863228913987586', '1347030377794666498', '1360518975966326786');
INSERT INTO `dl_class_teacher` VALUES ('1373959493533884418', '1366382068172120066', '1372863675947102210', '1347030377794666498', '1360518975966326786');
INSERT INTO `dl_class_teacher` VALUES ('1373959541747408898', '1366382274997444610', '1361614433971220482', '1347030377794666498', '1360518975966326786');
INSERT INTO `dl_class_teacher` VALUES ('1373959627080523777', '1347029568935723009', '1372862354946863106', '1347030377794666498', '1360518975966326786');
INSERT INTO `dl_class_teacher` VALUES ('1373959685918220290', '1361663636822962178', '1372866295709380610', '1347030377794666498', '1360518975966326786');
INSERT INTO `dl_class_teacher` VALUES ('1373959775894429698', '1361663636822962178', '1372862475314999298', '1347030377794666498', '1360518975966326786');

-- ----------------------------
-- Table structure for `dl_course`
-- ----------------------------
DROP TABLE IF EXISTS `dl_course`;
CREATE TABLE `dl_course` (
  `id` varchar(255) NOT NULL,
  `name` varchar(255) DEFAULT NULL,
  `grade` int DEFAULT NULL,
  `week_num` int DEFAULT NULL COMMENT '周课时数',
  `subject_id` varchar(255) DEFAULT NULL,
  `course_type` int DEFAULT NULL COMMENT '课程类型（主课，副课，普通课）字典',
  `create_id` varchar(255) DEFAULT NULL,
  `create_time` datetime DEFAULT NULL,
  `update_id` varchar(255) DEFAULT NULL,
  `update_time` datetime DEFAULT NULL,
  `deleted` int DEFAULT NULL,
  PRIMARY KEY (`id`)
) ENGINE=InnoDB DEFAULT CHARSET=utf8mb3;

-- ----------------------------
-- Records of dl_course
-- ----------------------------
INSERT INTO `dl_course` VALUES ('1338672065913659394', '语文', '1611', '10', '1338654760047476737', '1', null, null, null, null, '1');
INSERT INTO `dl_course` VALUES ('1338673554375634946', '数学', '1611', '10', '1338657261547204610', '1', null, null, '1', '2021-02-16 17:51:33', '1');
INSERT INTO `dl_course` VALUES ('1338676228303155201', '语文', '1621', '12', '1338654760047476737', '1', null, null, '1', '2021-02-16 17:53:08', '1');
INSERT INTO `dl_course` VALUES ('1338676685679423489', '数学', '1621', '12', '1338657261547204610', '1', null, null, null, null, '1');
INSERT INTO `dl_course` VALUES ('1338691977994379265', '语文', '1612', '8', '1338654760047476737', '1', null, null, '1', '2021-03-01 22:27:16', '1');
INSERT INTO `dl_course` VALUES ('1338801366921289730', '数学', '1612', '6', '1338657261547204610', '1', null, null, '1', '2021-03-19 18:52:38', '1');
INSERT INTO `dl_course` VALUES ('1338823976392511490', '语文', '1631', '12', '1338654760047476737', '1', null, null, '1', '2021-02-16 17:54:28', '1');
INSERT INTO `dl_course` VALUES ('1338824013189140482', '数学', '1631', '12', '1338657261547204610', '1', null, null, '1', '2021-02-16 17:54:31', '1');
INSERT INTO `dl_course` VALUES ('1338824047863451650', '语文', '1632', '12', '1338654760047476737', '1', null, null, null, null, '1');
INSERT INTO `dl_course` VALUES ('1338824072651788289', '数学', '1632', '12', '1338657261547204610', '1', null, null, null, null, '1');
INSERT INTO `dl_course` VALUES ('1338824096974557186', '数学', '1641', '10', '1338657261547204610', '1', null, null, '1', '2021-02-16 17:59:50', '1');
INSERT INTO `dl_course` VALUES ('1338824120231972866', '语文', '1641', '10', '1338654760047476737', '1', null, null, '1', '2021-02-16 17:59:55', '1');
INSERT INTO `dl_course` VALUES ('1338824147276845058', '语文', '1642', '10', '1338654760047476737', '1', null, null, '1', '2021-02-16 18:00:35', '1');
INSERT INTO `dl_course` VALUES ('1338824173600296961', '数学', '1642', '10', '1338657261547204610', '1', null, null, '1', '2021-02-16 18:00:39', '1');
INSERT INTO `dl_course` VALUES ('1338824257226330114', '数学', '1651', '10', '1338657261547204610', '1', null, null, '1', '2021-02-16 18:01:14', '1');
INSERT INTO `dl_course` VALUES ('1338824280940924930', '语文', '1651', '10', '1338654760047476737', '1', null, null, '1', '2021-02-16 18:01:17', '1');
INSERT INTO `dl_course` VALUES ('1338824304567439362', '语文', '1652', '10', '1338654760047476737', '1', null, null, '1', '2021-02-16 18:02:15', '1');
INSERT INTO `dl_course` VALUES ('1338824325035642882', '数学', '1652', '10', '1338657261547204610', '1', null, null, '1', '2021-02-16 18:02:18', '1');
INSERT INTO `dl_course` VALUES ('1338824350545399810', '数学', '1661', '10', '1338657261547204610', '1', null, null, '1', '2021-02-16 18:08:43', '1');
INSERT INTO `dl_course` VALUES ('1338824377418305538', '语文', '1661', '10', '1338654760047476737', '1', null, null, '1', '2021-02-16 17:29:06', '1');
INSERT INTO `dl_course` VALUES ('1338824420133097473', '语文', '1662', '10', '1338654760047476737', '1', null, null, '1', '2021-02-16 18:22:44', '1');
INSERT INTO `dl_course` VALUES ('1338824443688308737', '数学', '1662', '10', '1338657261547204610', '1', null, null, '1', '2021-02-16 18:22:47', '1');
INSERT INTO `dl_course` VALUES ('1338824539414908930', '语文', '2311', '6', '1338657336595886082', '1', null, null, '1', '2021-02-16 18:34:33', '1');
INSERT INTO `dl_course` VALUES ('1338824559677591553', '数学', '2311', '6', '1338657357991030785', '1', null, null, '1', '2021-02-16 18:34:36', '1');
INSERT INTO `dl_course` VALUES ('1338824601352196097', '英语', '2311', '6', '1338657379587502081', '1', null, null, '1', '2021-02-16 18:34:39', '1');
INSERT INTO `dl_course` VALUES ('1338824659099373569', '物理', '2311', '3', '1338657406854672385', '2', null, null, '1', '2021-02-16 18:34:08', '1');
INSERT INTO `dl_course` VALUES ('1338824742352113665', '历史', '2311', '3', '1338657461934272514', '2', null, null, '1', '2021-02-16 18:34:17', '1');
INSERT INTO `dl_course` VALUES ('1338824795191955458', '地理', '2311', '3', '1338657479349022721', '2', null, null, '1', '2021-02-16 18:34:19', '1');
INSERT INTO `dl_course` VALUES ('1338824892550139905', '语文', '2312', '6', '1338657336595886082', '1', null, null, '1', '2021-02-16 18:35:17', '1');
INSERT INTO `dl_course` VALUES ('1338824923130810369', '数学', '2312', '6', '1338657357991030785', '1', null, null, '1', '2021-02-16 18:35:20', '1');
INSERT INTO `dl_course` VALUES ('1338824951060680706', '英语', '2312', '6', '1338657379587502081', '1', null, null, '1', '2021-02-16 18:35:23', '1');
INSERT INTO `dl_course` VALUES ('1338824987387547650', '物理', '2312', '3', '1338657406854672385', '2', null, null, '1', '2021-02-16 18:35:28', '1');
INSERT INTO `dl_course` VALUES ('1338825040810397697', '历史', '2312', '3', '1338657461934272514', '2', null, null, '1', '2021-02-16 18:35:31', '1');
INSERT INTO `dl_course` VALUES ('1338825074901700609', '政治', '2312', '3', '1338657497095122945', '2', null, null, '1', '2021-02-16 18:35:43', '1');
INSERT INTO `dl_course` VALUES ('1338841300914851842', '语文', '1622', '12', '1338654760047476737', '1', null, null, null, null, '1');
INSERT INTO `dl_course` VALUES ('1338841332116279298', '数学', '1622', '12', '1338657261547204610', '1', null, null, null, null, '1');
INSERT INTO `dl_course` VALUES ('1338841438093758466', '语文', '2321', '6', '1338657336595886082', '1', null, null, '1', '2021-02-16 18:36:44', '1');
INSERT INTO `dl_course` VALUES ('1338841469836251137', '数学', '2321', '6', '1338657357991030785', '1', null, null, '1', '2021-02-16 18:36:42', '1');
INSERT INTO `dl_course` VALUES ('1338841497837424641', '英语', '2321', '6', '1338657379587502081', '1', null, null, '1', '2021-02-16 18:36:40', '1');
INSERT INTO `dl_course` VALUES ('1338841561876058114', '物理', '2321', '3', '1338657406854672385', '2', null, null, '1', '2021-02-16 18:37:06', '1');
INSERT INTO `dl_course` VALUES ('1338841607535251457', '生物', '2321', '2', '1338657444855066626', '2', null, null, '1', '2021-02-16 18:36:53', '1');
INSERT INTO `dl_course` VALUES ('1338841639579734018', '历史', '2321', '2', '1338657461934272514', '2', null, null, '1', '2021-02-16 18:36:57', '1');
INSERT INTO `dl_course` VALUES ('1338841668600123393', '地理', '2321', '2', '1338657479349022721', '2', null, null, '1', '2021-02-16 18:37:13', '1');
INSERT INTO `dl_course` VALUES ('1338841694613196802', '政治', '2321', '2', '1338657497095122945', '2', null, null, '1', '2021-02-16 18:37:17', '1');
INSERT INTO `dl_course` VALUES ('1338841736145195009', '语文', '2322', '6', '1338657336595886082', '1', null, null, '1', '2021-02-16 18:37:48', '1');
INSERT INTO `dl_course` VALUES ('1338841757733277697', '数学', '2322', '6', '1338657357991030785', '1', null, null, '1', '2021-02-16 18:37:50', '1');
INSERT INTO `dl_course` VALUES ('1338841807884570626', '英语', '2322', '6', '1338657379587502081', '1', null, null, '1', '2021-02-16 18:37:53', '1');
INSERT INTO `dl_course` VALUES ('1338841833293664258', '物理', '2322', '3', '1338657406854672385', '2', null, null, '1', '2021-02-16 18:37:57', '1');
INSERT INTO `dl_course` VALUES ('1338841906035478529', '生物', '2322', '2', '1338657444855066626', '2', null, null, '1', '2021-02-16 18:38:02', '1');
INSERT INTO `dl_course` VALUES ('1338841928848297985', '历史', '2322', '2', '1338657461934272514', '2', null, null, '1', '2021-02-16 18:38:06', '1');
INSERT INTO `dl_course` VALUES ('1338841954626490369', '地理', '2322', '2', '1338657479349022721', '2', null, null, '1', '2021-02-16 18:38:10', '1');
INSERT INTO `dl_course` VALUES ('1338841980052361218', '政治', '2322', '2', '1338657497095122945', '2', null, null, '1', '2021-02-16 18:38:13', '1');
INSERT INTO `dl_course` VALUES ('1338842047878451202', '语文', '2331', '6', '1338657336595886082', '1', null, null, '1', '2021-02-16 18:38:56', '1');
INSERT INTO `dl_course` VALUES ('1338842066891231233', '数学', '2331', '6', '1338657357991030785', '1', null, null, '1', '2021-02-16 18:38:59', '1');
INSERT INTO `dl_course` VALUES ('1338842084037545985', '英语', '2331', '6', '1338657379587502081', '1', null, null, '1', '2021-02-16 18:39:01', '1');
INSERT INTO `dl_course` VALUES ('1338842131831640065', '物理', '2331', '3', '1338657406854672385', '2', null, null, '1', '2021-02-16 18:39:05', '1');
INSERT INTO `dl_course` VALUES ('1338842167462252546', '化学', '2331', '3', '1338657424466554882', '2', null, null, '1', '2021-02-16 18:39:08', '1');
INSERT INTO `dl_course` VALUES ('1338842192355446785', '生物', '2331', '2', '1338657444855066626', '2', null, null, '1', '2021-02-16 18:39:12', '1');
INSERT INTO `dl_course` VALUES ('1338842225465282561', '历史', '2331', '2', '1338657461934272514', '2', null, null, '1', '2021-02-16 18:39:14', '1');
INSERT INTO `dl_course` VALUES ('1338842248840138753', '地理', '2331', '2', '1338657479349022721', '2', null, null, '1', '2021-02-16 18:39:17', '1');
INSERT INTO `dl_course` VALUES ('1338842270843457538', '政治', '2331', '2', '1338657497095122945', '2', null, null, '1', '2021-02-16 18:39:21', '1');
INSERT INTO `dl_course` VALUES ('1338842324287279106', '语文', '2332', '6', '1338657336595886082', '1', null, null, '1', '2021-02-16 18:39:58', '1');
INSERT INTO `dl_course` VALUES ('1338842348186423297', '数学', '2332', '6', '1338657357991030785', '1', null, null, '1', '2021-02-16 18:40:00', '1');
INSERT INTO `dl_course` VALUES ('1338842366393896962', '英语', '2332', '6', '1338657379587502081', '1', null, null, '1', '2021-02-16 18:40:03', '1');
INSERT INTO `dl_course` VALUES ('1338842390221737985', '物理', '2332', '3', '1338657406854672385', '2', null, null, '1', '2021-02-16 18:40:07', '1');
INSERT INTO `dl_course` VALUES ('1338842416842985473', '化学', '2332', '3', '1338657424466554882', '2', null, null, '1', '2021-02-16 18:40:10', '1');
INSERT INTO `dl_course` VALUES ('1338842435952234497', '生物', '2332', '2', '1338657444855066626', '2', null, null, '1', '2021-02-16 18:40:13', '1');
INSERT INTO `dl_course` VALUES ('1338842459578748929', '历史', '2332', '2', '1338657461934272514', '2', null, null, '1', '2021-02-16 18:40:16', '1');
INSERT INTO `dl_course` VALUES ('1338842484518080513', '地理', '2332', '2', '1338657479349022721', '2', null, null, '1', '2021-02-16 18:40:19', '1');
INSERT INTO `dl_course` VALUES ('1338842507767107585', '政治', '2332', '2', '1338657497095122945', '2', null, null, '1', '2021-02-16 18:40:23', '1');
INSERT INTO `dl_course` VALUES ('1361612726621057026', '音乐', '1611', '2', '1361511498675322882', '3', '1', '2021-02-16 17:45:46', null, null, '1');
INSERT INTO `dl_course` VALUES ('1361612766320144385', '体育', '1611', '2', '1361511531009212418', '3', '1', '2021-02-16 17:45:56', null, null, '1');
INSERT INTO `dl_course` VALUES ('1361612814407839746', '计算机', '1611', '1', '1361612119617187841', '3', '1', '2021-02-16 17:46:07', '1', '2021-02-16 17:51:54', '1');
INSERT INTO `dl_course` VALUES ('1361612953956528129', '绘画', '1611', '1', '1361612025044021250', '3', '1', '2021-02-16 17:46:40', '1', '2021-02-16 17:51:47', '1');
INSERT INTO `dl_course` VALUES ('1361612980061876226', '自然科学', '1611', '2', '1361611972271288321', '3', '1', '2021-02-16 17:46:47', null, null, '1');
INSERT INTO `dl_course` VALUES ('1361613027046469633', '道德与法', '1611', '2', '1361612259396562945', '3', '1', '2021-02-16 17:46:58', null, null, '1');
INSERT INTO `dl_course` VALUES ('1361614365083971586', '体育', '1612', '3', '1361511531009212418', '3', '1', '2021-02-16 17:52:17', '1', '2021-03-19 19:15:05', '1');
INSERT INTO `dl_course` VALUES ('1361614407127674882', '音乐', '1612', '2', '1361511498675322882', '3', '1', '2021-02-16 17:52:27', '1', '2021-03-19 19:14:50', '1');
INSERT INTO `dl_course` VALUES ('1361614433971220482', '体育与健康', '1612', '1', '1361611972271288321', '3', '1', '2021-02-16 17:52:33', '1', '2021-03-19 19:13:03', '1');
INSERT INTO `dl_course` VALUES ('1361614459174793218', '生命生活与安全', '1612', '3', '1361612259396562945', '3', '1', '2021-02-16 17:52:39', '1', '2021-03-19 19:13:27', '1');
INSERT INTO `dl_course` VALUES ('1361614488165822466', '国学经典', '1612', '1', '1361612119617187841', '3', '1', '2021-02-16 17:52:46', '1', '2021-03-22 19:04:09', '1');
INSERT INTO `dl_course` VALUES ('1361614514518634498', '美术', '1612', '2', '1361612025044021250', '3', '1', '2021-02-16 17:52:52', '1', '2021-03-01 22:27:33', '1');
INSERT INTO `dl_course` VALUES ('1361614607024009217', '体育', '1621', '2', '1361511531009212418', '3', '1', '2021-02-16 17:53:15', '1', '2021-02-16 17:53:19', '1');
INSERT INTO `dl_course` VALUES ('1361614659125653505', '自然科学', '1621', '2', '1361611972271288321', '3', '1', '2021-02-16 17:53:27', null, null, '1');
INSERT INTO `dl_course` VALUES ('1361614678788550658', '音乐', '1621', '1', '1361511498675322882', '3', '1', '2021-02-16 17:53:32', null, null, '1');
INSERT INTO `dl_course` VALUES ('1361614700234027009', '计算机', '1621', '1', '1361612119617187841', '3', '1', '2021-02-16 17:53:37', null, null, '1');
INSERT INTO `dl_course` VALUES ('1361614780290707457', '体育', '1622', '2', '1361511531009212418', '3', '1', '2021-02-16 17:53:56', null, null, '1');
INSERT INTO `dl_course` VALUES ('1361614802059145218', '音乐', '1622', '1', '1361511498675322882', '3', '1', '2021-02-16 17:54:01', null, null, '1');
INSERT INTO `dl_course` VALUES ('1361614824066658305', '计算机', '1622', '1', '1361612119617187841', '3', '1', '2021-02-16 17:54:06', null, null, '1');
INSERT INTO `dl_course` VALUES ('1361614853087047682', '自然科学', '1622', '2', '1361611972271288321', '3', '1', '2021-02-16 17:54:13', null, null, '1');
INSERT INTO `dl_course` VALUES ('1361614952257171457', '体育', '1631', '2', '1361511531009212418', '3', '1', '2021-02-16 17:54:37', '1', '2021-02-16 17:54:40', '1');
INSERT INTO `dl_course` VALUES ('1361615009664610306', '音乐', '1631', '1', '1361511498675322882', '3', '1', '2021-02-16 17:54:51', null, null, '1');
INSERT INTO `dl_course` VALUES ('1361615057689391105', '计算机', '1631', '1', '1361612119617187841', '3', '1', '2021-02-16 17:55:02', null, null, '1');
INSERT INTO `dl_course` VALUES ('1361615087141793794', '自然科学', '1631', '2', '1361611972271288321', '3', '1', '2021-02-16 17:55:09', null, null, '1');
INSERT INTO `dl_course` VALUES ('1361615131513335809', '体育', '1632', '2', '1361511531009212418', '3', '1', '2021-02-16 17:55:20', null, null, '1');
INSERT INTO `dl_course` VALUES ('1361615155890630657', '音乐', '1632', '1', '1361511498675322882', '3', '1', '2021-02-16 17:55:25', null, null, '1');
INSERT INTO `dl_course` VALUES ('1361615179307429890', '计算机', '1632', '1', '1361612119617187841', '3', '1', '2021-02-16 17:55:31', null, null, '1');
INSERT INTO `dl_course` VALUES ('1361615211096059905', '道德与法', '1632', '2', '1361612259396562945', '3', '1', '2021-02-16 17:55:39', null, null, '1');
INSERT INTO `dl_course` VALUES ('1361616322083303425', '体育', '1641', '2', '1361511531009212418', '3', '1', '2021-02-16 18:00:03', null, null, '1');
INSERT INTO `dl_course` VALUES ('1361616367780245505', '音乐', '1641', '2', '1361511498675322882', '3', '1', '2021-02-16 18:00:14', null, null, '1');
INSERT INTO `dl_course` VALUES ('1361616394552487938', '计算机', '1641', '1', '1361612119617187841', '3', '1', '2021-02-16 18:00:21', null, null, '1');
INSERT INTO `dl_course` VALUES ('1361616423140864001', '道德与法', '1641', '2', '1361612259396562945', '3', '1', '2021-02-16 18:00:28', null, null, '1');
INSERT INTO `dl_course` VALUES ('1361616498281820161', '体育', '1642', '2', '1361511531009212418', '3', '1', '2021-02-16 18:00:45', null, null, '1');
INSERT INTO `dl_course` VALUES ('1361616540321329153', '音乐', '1642', '2', '1361511498675322882', '3', '1', '2021-02-16 18:00:55', null, null, '1');
INSERT INTO `dl_course` VALUES ('1361616561993297922', '计算机', '1642', '1', '1361612119617187841', '3', '1', '2021-02-16 18:01:01', null, null, '1');
INSERT INTO `dl_course` VALUES ('1361616581878493186', '道德与法', '1642', '1', '1361612259396562945', '3', '1', '2021-02-16 18:01:05', null, null, '1');
INSERT INTO `dl_course` VALUES ('1361616653286518786', '体育', '1651', '2', '1361511531009212418', '3', '1', '2021-02-16 18:01:22', '1', '2021-02-16 18:01:27', '1');
INSERT INTO `dl_course` VALUES ('1361616694583635969', '音乐', '1651', '2', '1361511498675322882', '3', '1', '2021-02-16 18:01:32', null, null, '1');
INSERT INTO `dl_course` VALUES ('1361616765224103938', '计算机', '1651', '1', '1361612119617187841', '3', '1', '2021-02-16 18:01:49', null, null, '1');
INSERT INTO `dl_course` VALUES ('1361616791472058369', '道德与法', '1651', '1', '1361612259396562945', '3', '1', '2021-02-16 18:01:55', null, null, '1');
INSERT INTO `dl_course` VALUES ('1361616990584057858', '体育', '1652', '2', '1361511531009212418', '3', '1', '2021-02-16 18:02:43', null, null, '1');
INSERT INTO `dl_course` VALUES ('1361617009710084098', '音乐', '1652', '2', '1361511498675322882', '3', '1', '2021-02-16 18:02:47', null, null, '1');
INSERT INTO `dl_course` VALUES ('1361617029536559106', '计算机', '1652', '1', '1361612119617187841', '3', '1', '2021-02-16 18:02:52', null, null, '1');
INSERT INTO `dl_course` VALUES ('1361617048398344193', '道德与法', '1652', '1', '1361612259396562945', '3', '1', '2021-02-16 18:02:57', null, null, '1');
INSERT INTO `dl_course` VALUES ('1361621828650807297', '体育', '1661', '2', '1361511531009212418', '3', '1', '2021-02-16 18:21:56', null, null, '1');
INSERT INTO `dl_course` VALUES ('1361621869478162434', '音乐', '1661', '2', '1361511498675322882', '3', '1', '2021-02-16 18:22:06', null, null, '1');
INSERT INTO `dl_course` VALUES ('1361621901539422210', '计算机', '1661', '1', '1361612119617187841', '3', '1', '2021-02-16 18:22:14', null, null, '1');
INSERT INTO `dl_course` VALUES ('1361621920254406658', '道德与法', '1661', '1', '1361612259396562945', '3', '1', '2021-02-16 18:22:18', null, null, '1');
INSERT INTO `dl_course` VALUES ('1361621945030160386', '体育', '1662', '2', '1361511531009212418', '3', '1', '2021-02-16 18:22:24', null, null, '1');
INSERT INTO `dl_course` VALUES ('1361621964416233474', '音乐', '1662', '2', '1361511498675322882', '3', '1', '2021-02-16 18:22:29', null, null, '1');
INSERT INTO `dl_course` VALUES ('1361621984653750273', '计算机', '1662', '1', '1361612119617187841', '3', '1', '2021-02-16 18:22:34', null, null, '1');
INSERT INTO `dl_course` VALUES ('1361622004480225282', '道德与法', '1662', '1', '1361612259396562945', '3', '1', '2021-02-16 18:22:38', null, null, '1');
INSERT INTO `dl_course` VALUES ('1361625078020059138', '体育', '2311', '2', '1361612324299223042', '3', '1', '2021-02-16 18:34:51', '1', '2021-02-16 18:35:08', '1');
INSERT INTO `dl_course` VALUES ('1361625124283232257', '音乐', '2311', '1', '1361612354070392833', '3', '1', '2021-02-16 18:35:02', null, null, '1');
INSERT INTO `dl_course` VALUES ('1361625349479608322', '体育', '2312', '2', '1361612324299223042', '3', '1', '2021-02-16 18:35:56', '1', '2021-02-16 18:35:59', '1');
INSERT INTO `dl_course` VALUES ('1361625387274481665', '音乐', '2312', '1', '1361612354070392833', '3', '1', '2021-02-16 18:36:05', null, null, '1');
INSERT INTO `dl_course` VALUES ('1361625721849917442', '体育', '2321', '2', '1361612324299223042', '3', '1', '2021-02-16 18:37:25', null, null, '1');
INSERT INTO `dl_course` VALUES ('1361625745807781890', '音乐', '2321', '1', '1361612354070392833', '3', '1', '2021-02-16 18:37:30', null, null, '1');
INSERT INTO `dl_course` VALUES ('1361625954474405889', '体育', '2322', '2', '1361612324299223042', '3', '1', '2021-02-16 18:38:20', '1', '2021-02-16 18:38:40', '1');
INSERT INTO `dl_course` VALUES ('1361625974745477122', '音乐', '2322', '1', '1361612354070392833', '3', '1', '2021-02-16 18:38:25', '1', '2021-02-16 18:38:29', '1');
INSERT INTO `dl_course` VALUES ('1361626243537448962', '体育', '2331', '2', '1361612324299223042', '3', '1', '2021-02-16 18:39:29', '1', '2021-02-16 18:39:45', '1');
INSERT INTO `dl_course` VALUES ('1361626266266382337', '音乐', '2331', '1', '1361612354070392833', '3', '1', '2021-02-16 18:39:34', '1', '2021-02-16 18:39:48', '1');
INSERT INTO `dl_course` VALUES ('1361626493627019266', '体育', '2332', '2', '1361612324299223042', '3', '1', '2021-02-16 18:40:29', '1', '2021-02-16 18:40:34', '1');
INSERT INTO `dl_course` VALUES ('1361626546043236353', '音乐', '2332', '1', '1361612354070392833', '3', '1', '2021-02-16 18:40:41', null, null, '1');
INSERT INTO `dl_course` VALUES ('1372861976582893569', '阅读与写作', '1611', '1', '1366394096026705922', '3', '1', '2021-03-19 18:46:16', null, null, '1');
INSERT INTO `dl_course` VALUES ('1372862354946863106', '阅读与写作', '1612', '1', '1366394096026705922', '3', '1', '2021-03-19 18:47:46', '1', '2021-03-19 18:47:53', '1');
INSERT INTO `dl_course` VALUES ('1372862475314999298', '心理与健康教育', '1612', '1', '1372862247325216769', '3', '1', '2021-03-19 18:48:15', null, null, '1');
INSERT INTO `dl_course` VALUES ('1372863047573254145', '品德与生活', '1612', '2', '1372862974302957570', '3', '1', '2021-03-19 18:50:31', '1', '2021-03-19 19:19:06', '1');
INSERT INTO `dl_course` VALUES ('1372863228913987586', '活动', '1612', '1', '1366394178771935234', '3', '1', '2021-03-19 18:51:14', null, null, '1');
INSERT INTO `dl_course` VALUES ('1372863675947102210', '英语', '1612', '1', '1366393427303653377', '3', '1', '2021-03-19 18:53:01', '1', '2021-03-19 18:53:18', '1');
INSERT INTO `dl_course` VALUES ('1372866295709380610', '班队课', '1612', '1', '1372865908315074562', '3', '1', '2021-03-19 19:03:26', null, null, '1');
INSERT INTO `dl_course` VALUES ('1372869009428262913', '习字', '1612', '1', '1366394130550022146', '3', '1', '2021-03-19 19:14:13', null, null, '1');
INSERT INTO `dl_course` VALUES ('1373946729859964929', '综合实践', '1612', '1', '1373946666756661249', '3', '1', '2021-03-22 18:36:41', null, null, '1');

-- ----------------------------
-- Table structure for `dl_course_table`
-- ----------------------------
DROP TABLE IF EXISTS `dl_course_table`;
CREATE TABLE `dl_course_table` (
  `id` varchar(64) NOT NULL,
  `row` int DEFAULT NULL COMMENT '第几节课',
  `col` int DEFAULT NULL COMMENT '周几',
  `base_id` varchar(64) DEFAULT NULL,
  `arr_id` varchar(64) DEFAULT NULL,
  `teacher_id` varchar(64) DEFAULT NULL,
  `class_id` varchar(64) DEFAULT NULL,
  `course_id` varchar(64) DEFAULT NULL,
  `teacher_name` varchar(64) DEFAULT NULL,
  `class_name` varchar(64) DEFAULT NULL,
  `course_name` varchar(64) DEFAULT NULL,
  `week` int DEFAULT NULL COMMENT '第几周',
  `term_id` varchar(64) DEFAULT NULL COMMENT '学期ID',
  `room_id` varchar(64) DEFAULT NULL,
  `room_name` varchar(64) DEFAULT NULL,
  PRIMARY KEY (`id`)
) ENGINE=InnoDB DEFAULT CHARSET=utf8mb3;

-- ----------------------------
-- Records of dl_course_table
-- ----------------------------
INSERT INTO `dl_course_table` VALUES ('1363826085310795778', '6', '2', '1363482079708102658', '1359797361159086081', '1361666211404197889', '1347030503472791553', '1361614607024009217', '董子健', '小二、二班', '体育', null, '1346713330594394113', '1334881724013473793', '105');
INSERT INTO `dl_course_table` VALUES ('1363826085340155906', '3', '5', '1363482079573884930', '1359797361159086081', '1341347778094989313', '1347030457700352002', '1338676685679423489', '王五', '小二、一班', '数学', null, '1346713330594394113', '1334881724013473793', '105');
INSERT INTO `dl_course_table` VALUES ('1363826085348544513', '3', '4', '1363482079582273537', '1359797361159086081', '1361665829219217409', '1347030457700352002', '1338676228303155201', '金庸', '小二、一班', '语文', null, '1346713330594394113', '1334881724013473793', '105');
INSERT INTO `dl_course_table` VALUES ('1363826085356933121', '6', '5', '1363482079653576706', '1359797361159086081', '1361665692078059522', '1347030377794666498', '1361612766320144385', '周伯通', '小一、二班', '体育', null, '1346713330594394113', '1334845699547394049', '101');
INSERT INTO `dl_course_table` VALUES ('1363826085356933122', '3', '1', '1363482079573884930', '1359797361159086081', '1341347778094989313', '1347030457700352002', '1338676685679423489', '王五', '小二、一班', '数学', null, '1346713330594394113', '1334881724013473793', '105');
INSERT INTO `dl_course_table` VALUES ('1363826085373710338', '7', '1', '1363482079674548225', '1359797361159086081', '1361665450431623169', '1347030377794666498', '1361613027046469633', '展昭', '小一、二班', '道德与法', null, '1346713330594394113', '1334845699547394049', '101');
INSERT INTO `dl_course_table` VALUES ('1363826085373710339', '4', '4', '1363482079594856450', '1359797361159086081', '1347029397187362817', '1347030503472791553', '1338676685679423489', '张晋', '小二、二班', '数学', null, '1346713330594394113', '1334881724013473793', '105');
INSERT INTO `dl_course_table` VALUES ('1363826085382098945', '1', '3', '1363482079573884930', '1359797361159086081', '1341347778094989313', '1347030457700352002', '1338676685679423489', '王五', '小二、一班', '数学', null, '1346713330594394113', '1334881724013473793', '105');
INSERT INTO `dl_course_table` VALUES ('1363826085390487553', '2', '1', '1363482079573884930', '1359797361159086081', '1341347778094989313', '1347030457700352002', '1338676685679423489', '王五', '小二、一班', '数学', null, '1346713330594394113', '1334881724013473793', '105');
INSERT INTO `dl_course_table` VALUES ('1363826085390487554', '3', '5', '1363482079590662145', '1359797361159086081', '1361659072786870273', '1347030503472791553', '1338676228303155201', '周星驰', '小二、二班', '语文', null, '1346713330594394113', '1334881724013473793', '105');
INSERT INTO `dl_course_table` VALUES ('1363826085390487555', '7', '2', '1363482079607439361', '1359797361159086081', '1361659221915348994', '1347030313466626050', '1361612766320144385', '甄子丹', '小一、一班', '体育', null, '1346713330594394113', '1334845699547394049', '101');
INSERT INTO `dl_course_table` VALUES ('1363826085398876162', '7', '1', '1363482079603245057', '1359797361159086081', '1361666288046714882', '1347030313466626050', '1361612726621057026', '周笔畅', '小一、一班', '音乐', null, '1346713330594394113', '1334845699547394049', '101');
INSERT INTO `dl_course_table` VALUES ('1363826085398876163', '3', '3', '1363482079594856450', '1359797361159086081', '1347029397187362817', '1347030503472791553', '1338676685679423489', '张晋', '小二、二班', '数学', null, '1346713330594394113', '1334881724013473793', '105');
INSERT INTO `dl_course_table` VALUES ('1363826085407264770', '3', '2', '1363482079515164674', '1359797361159086081', '1347029568935723009', '1347030313466626050', '1338672065913659394', '余文乐', '小一、一班', '语文', null, '1346713330594394113', '1334845699547394049', '101');
INSERT INTO `dl_course_table` VALUES ('1363826085407264771', '5', '1', '1363482079552913409', '1359797361159086081', '1361664481169911810', '1347030313466626050', '1338673554375634946', '周芷若', '小一、一班', '数学', null, '1346713330594394113', '1334845699547394049', '101');
INSERT INTO `dl_course_table` VALUES ('1363826085415653377', '4', '4', '1363482079582273537', '1359797361159086081', '1361665829219217409', '1347030457700352002', '1338676228303155201', '金庸', '小二、一班', '语文', null, '1346713330594394113', '1334881724013473793', '105');
INSERT INTO `dl_course_table` VALUES ('1363826085424041986', '6', '2', '1363482079687131138', '1359797361159086081', '1347029956531355649', '1347030457700352002', '1361614659125653505', '梅超风', '小二、一班', '自然科学', null, '1346713330594394113', '1334881724013473793', '105');
INSERT INTO `dl_course_table` VALUES ('1363826085424041987', '2', '3', '1363482079565496322', '1359797361159086081', '1361665014207229953', '1347030377794666498', '1338673554375634946', '杨戬', '小一、二班', '数学', null, '1346713330594394113', '1334845699547394049', '101');
INSERT INTO `dl_course_table` VALUES ('1363826085424041988', '2', '5', '1363482079590662145', '1359797361159086081', '1361659072786870273', '1347030503472791553', '1338676228303155201', '周星驰', '小二、二班', '语文', null, '1346713330594394113', '1334881724013473793', '105');
INSERT INTO `dl_course_table` VALUES ('1363826085432430594', '6', '2', '1363482079624216578', '1359797361159086081', '1347029397187362817', '1347030313466626050', '1361612953956528129', '张晋', '小一、一班', '绘画', null, '1346713330594394113', '1334845699547394049', '101');
INSERT INTO `dl_course_table` VALUES ('1363826085432430595', '6', '4', '1363482079582273537', '1359797361159086081', '1361665829219217409', '1347030457700352002', '1338676228303155201', '金庸', '小二、一班', '语文', null, '1346713330594394113', '1334881724013473793', '105');
INSERT INTO `dl_course_table` VALUES ('1363826085440819202', '1', '3', '1363482079561302017', '1359797361159086081', '1361663771472703489', '1347030377794666498', '1338672065913659394', '周润发', '小一、二班', '语文', null, '1346713330594394113', '1334845699547394049', '101');
INSERT INTO `dl_course_table` VALUES ('1363826085440819203', '1', '4', '1363482079561302017', '1359797361159086081', '1361663771472703489', '1347030377794666498', '1338672065913659394', '周润发', '小一、二班', '语文', null, '1346713330594394113', '1334845699547394049', '101');
INSERT INTO `dl_course_table` VALUES ('1363826085449207809', '5', '5', '1363482079720685570', '1359797361159086081', '1361656875160317953', '1347030503472791553', '1361614678788550658', '周杰伦', '小二、二班', '音乐', null, '1346713330594394113', '1334881724013473793', '105');
INSERT INTO `dl_course_table` VALUES ('1363826085449207810', '3', '5', '1363482079552913409', '1359797361159086081', '1361664481169911810', '1347030313466626050', '1338673554375634946', '周芷若', '小一、一班', '数学', null, '1346713330594394113', '1334845699547394049', '101');
INSERT INTO `dl_course_table` VALUES ('1363826085457596418', '6', '3', '1363482079632605186', '1359797361159086081', '1361666211404197889', '1347030313466626050', '1361613027046469633', '董子健', '小一、一班', '道德与法', null, '1346713330594394113', '1334845699547394049', '101');
INSERT INTO `dl_course_table` VALUES ('1363826085457596419', '3', '3', '1363482079582273537', '1359797361159086081', '1361665829219217409', '1347030457700352002', '1338676228303155201', '金庸', '小二、一班', '语文', null, '1346713330594394113', '1334881724013473793', '105');
INSERT INTO `dl_course_table` VALUES ('1363826085465985026', '5', '4', '1363482079666159617', '1359797361159086081', '1347029956531355649', '1347030377794666498', '1361612980061876226', '梅超风', '小一、二班', '自然科学', null, '1346713330594394113', '1334845699547394049', '101');
INSERT INTO `dl_course_table` VALUES ('1363826085465985027', '1', '3', '1363482079515164674', '1359797361159086081', '1347029568935723009', '1347030313466626050', '1338672065913659394', '余文乐', '小一、一班', '语文', null, '1346713330594394113', '1334845699547394049', '101');
INSERT INTO `dl_course_table` VALUES ('1363826085474373634', '7', '3', '1363482079594856450', '1359797361159086081', '1347029397187362817', '1347030503472791553', '1338676685679423489', '张晋', '小二、二班', '数学', null, '1346713330594394113', '1334881724013473793', '105');
INSERT INTO `dl_course_table` VALUES ('1363826085474373635', '1', '2', '1363482079561302017', '1359797361159086081', '1361663771472703489', '1347030377794666498', '1338672065913659394', '周润发', '小一、二班', '语文', null, '1346713330594394113', '1334845699547394049', '101');
INSERT INTO `dl_course_table` VALUES ('1363826085482762242', '2', '2', '1363482079565496322', '1359797361159086081', '1361665014207229953', '1347030377794666498', '1338673554375634946', '杨戬', '小一、二班', '数学', null, '1346713330594394113', '1334845699547394049', '101');
INSERT INTO `dl_course_table` VALUES ('1363826085482762243', '6', '2', '1363482079674548225', '1359797361159086081', '1361665450431623169', '1347030377794666498', '1361613027046469633', '展昭', '小一、二班', '道德与法', null, '1346713330594394113', '1334845699547394049', '101');
INSERT INTO `dl_course_table` VALUES ('1363826085486956546', '7', '4', '1363482079708102658', '1359797361159086081', '1361666211404197889', '1347030503472791553', '1361614607024009217', '董子健', '小二、二班', '体育', null, '1346713330594394113', '1334881724013473793', '105');
INSERT INTO `dl_course_table` VALUES ('1363826085495345153', '3', '2', '1363482079590662145', '1359797361159086081', '1361659072786870273', '1347030503472791553', '1338676228303155201', '周星驰', '小二、二班', '语文', null, '1346713330594394113', '1334881724013473793', '105');
INSERT INTO `dl_course_table` VALUES ('1363826085495345154', '6', '4', '1363482079653576706', '1359797361159086081', '1361665692078059522', '1347030377794666498', '1361612766320144385', '周伯通', '小一、二班', '体育', null, '1346713330594394113', '1334845699547394049', '101');
INSERT INTO `dl_course_table` VALUES ('1363826085503733761', '6', '3', '1363482079712296961', '1359797361159086081', '1361665609941004290', '1347030503472791553', '1361614659125653505', '小龙女', '小二、二班', '自然科学', null, '1346713330594394113', '1334881724013473793', '105');
INSERT INTO `dl_course_table` VALUES ('1363826085503733762', '6', '4', '1363482079594856450', '1359797361159086081', '1347029397187362817', '1347030503472791553', '1338676685679423489', '张晋', '小二、二班', '数学', null, '1346713330594394113', '1334881724013473793', '105');
INSERT INTO `dl_course_table` VALUES ('1363826085512122370', '1', '2', '1363482079573884930', '1359797361159086081', '1341347778094989313', '1347030457700352002', '1338676685679423489', '王五', '小二、一班', '数学', null, '1346713330594394113', '1334881724013473793', '105');
INSERT INTO `dl_course_table` VALUES ('1363826085520510977', '2', '1', '1363482079590662145', '1359797361159086081', '1361659072786870273', '1347030503472791553', '1338676228303155201', '周星驰', '小二、二班', '语文', null, '1346713330594394113', '1334881724013473793', '105');
INSERT INTO `dl_course_table` VALUES ('1363826085520510978', '3', '4', '1363482079594856450', '1359797361159086081', '1347029397187362817', '1347030503472791553', '1338676685679423489', '张晋', '小二、二班', '数学', null, '1346713330594394113', '1334881724013473793', '105');
INSERT INTO `dl_course_table` VALUES ('1363826085528899586', '5', '5', '1363482079565496322', '1359797361159086081', '1361665014207229953', '1347030377794666498', '1338673554375634946', '杨戬', '小一、二班', '数学', null, '1346713330594394113', '1334845699547394049', '101');
INSERT INTO `dl_course_table` VALUES ('1363826085528899587', '5', '2', '1363482079645188098', '1359797361159086081', '1361656875160317953', '1347030377794666498', '1361612726621057026', '周杰伦', '小一、二班', '音乐', null, '1346713330594394113', '1334845699547394049', '101');
INSERT INTO `dl_course_table` VALUES ('1363826085537288194', '1', '4', '1363482079573884930', '1359797361159086081', '1341347778094989313', '1347030457700352002', '1338676685679423489', '王五', '小二、一班', '数学', null, '1346713330594394113', '1334881724013473793', '105');
INSERT INTO `dl_course_table` VALUES ('1363826085537288195', '2', '3', '1363482079573884930', '1359797361159086081', '1341347778094989313', '1347030457700352002', '1338676685679423489', '王五', '小二、一班', '数学', null, '1346713330594394113', '1334881724013473793', '105');
INSERT INTO `dl_course_table` VALUES ('1363826085545676802', '7', '1', '1363482079582273537', '1359797361159086081', '1361665829219217409', '1347030457700352002', '1338676228303155201', '金庸', '小二、一班', '语文', null, '1346713330594394113', '1334881724013473793', '105');
INSERT INTO `dl_course_table` VALUES ('1363826085554065409', '5', '5', '1363482079632605186', '1359797361159086081', '1361666211404197889', '1347030313466626050', '1361613027046469633', '董子健', '小一、一班', '道德与法', null, '1346713330594394113', '1334845699547394049', '101');
INSERT INTO `dl_course_table` VALUES ('1363826085554065410', '1', '4', '1363482079590662145', '1359797361159086081', '1361659072786870273', '1347030503472791553', '1338676228303155201', '周星驰', '小二、二班', '语文', null, '1346713330594394113', '1334881724013473793', '105');
INSERT INTO `dl_course_table` VALUES ('1363826085570842625', '2', '1', '1363482079561302017', '1359797361159086081', '1361663771472703489', '1347030377794666498', '1338672065913659394', '周润发', '小一、二班', '语文', null, '1346713330594394113', '1334845699547394049', '101');
INSERT INTO `dl_course_table` VALUES ('1363826085570842626', '3', '2', '1363482079561302017', '1359797361159086081', '1361663771472703489', '1347030377794666498', '1338672065913659394', '周润发', '小一、二班', '语文', null, '1346713330594394113', '1334845699547394049', '101');
INSERT INTO `dl_course_table` VALUES ('1363826085579231234', '5', '3', '1363482079636799489', '1359797361159086081', '1361665323801391105', '1347030313466626050', '1361612980061876226', '马汉', '小一、一班', '自然科学', null, '1346713330594394113', '1334845699547394049', '101');
INSERT INTO `dl_course_table` VALUES ('1363826085579231235', '6', '1', '1363482079582273537', '1359797361159086081', '1361665829219217409', '1347030457700352002', '1338676228303155201', '金庸', '小二、一班', '语文', null, '1346713330594394113', '1334881724013473793', '105');
INSERT INTO `dl_course_table` VALUES ('1363826085587619841', '4', '3', '1363482079582273537', '1359797361159086081', '1361665829219217409', '1347030457700352002', '1338676228303155201', '金庸', '小二、一班', '语文', null, '1346713330594394113', '1334881724013473793', '105');
INSERT INTO `dl_course_table` VALUES ('1363826085596008450', '6', '1', '1363482079636799489', '1359797361159086081', '1361665323801391105', '1347030313466626050', '1361612980061876226', '马汉', '小一、一班', '自然科学', null, '1346713330594394113', '1334845699547394049', '101');
INSERT INTO `dl_course_table` VALUES ('1363826085596008451', '1', '5', '1363482079582273537', '1359797361159086081', '1361665829219217409', '1347030457700352002', '1338676228303155201', '金庸', '小二、一班', '语文', null, '1346713330594394113', '1334881724013473793', '105');
INSERT INTO `dl_course_table` VALUES ('1363826085604397057', '2', '4', '1363482079565496322', '1359797361159086081', '1361665014207229953', '1347030377794666498', '1338673554375634946', '杨戬', '小一、二班', '数学', null, '1346713330594394113', '1334845699547394049', '101');
INSERT INTO `dl_course_table` VALUES ('1363826085604397058', '2', '5', '1363482079565496322', '1359797361159086081', '1361665014207229953', '1347030377794666498', '1338673554375634946', '杨戬', '小一、二班', '数学', null, '1346713330594394113', '1334845699547394049', '101');
INSERT INTO `dl_course_table` VALUES ('1363826085612785666', '2', '4', '1363482079573884930', '1359797361159086081', '1341347778094989313', '1347030457700352002', '1338676685679423489', '王五', '小二、一班', '数学', null, '1346713330594394113', '1334881724013473793', '105');
INSERT INTO `dl_course_table` VALUES ('1363826085616979970', '7', '1', '1363482079594856450', '1359797361159086081', '1347029397187362817', '1347030503472791553', '1338676685679423489', '张晋', '小二、二班', '数学', null, '1346713330594394113', '1334881724013473793', '105');
INSERT INTO `dl_course_table` VALUES ('1363826085625368577', '4', '3', '1363482079565496322', '1359797361159086081', '1361665014207229953', '1347030377794666498', '1338673554375634946', '杨戬', '小一、二班', '数学', null, '1346713330594394113', '1334845699547394049', '101');
INSERT INTO `dl_course_table` VALUES ('1363826085625368578', '4', '2', '1363482079582273537', '1359797361159086081', '1361665829219217409', '1347030457700352002', '1338676228303155201', '金庸', '小二、一班', '语文', null, '1346713330594394113', '1334881724013473793', '105');
INSERT INTO `dl_course_table` VALUES ('1363826085633757185', '7', '2', '1363482079712296961', '1359797361159086081', '1361665609941004290', '1347030503472791553', '1361614659125653505', '小龙女', '小二、二班', '自然科学', null, '1346713330594394113', '1334881724013473793', '105');
INSERT INTO `dl_course_table` VALUES ('1363826085633757186', '2', '4', '1363482079590662145', '1359797361159086081', '1361659072786870273', '1347030503472791553', '1338676228303155201', '周星驰', '小二、二班', '语文', null, '1346713330594394113', '1334881724013473793', '105');
INSERT INTO `dl_course_table` VALUES ('1363826085642145794', '1', '2', '1363482079515164674', '1359797361159086081', '1347029568935723009', '1347030313466626050', '1338672065913659394', '余文乐', '小一、一班', '语文', null, '1346713330594394113', '1334845699547394049', '101');
INSERT INTO `dl_course_table` VALUES ('1363826085646340097', '5', '5', '1363482079582273537', '1359797361159086081', '1361665829219217409', '1347030457700352002', '1338676228303155201', '金庸', '小二、一班', '语文', null, '1346713330594394113', '1334881724013473793', '105');
INSERT INTO `dl_course_table` VALUES ('1363826085654728705', '4', '5', '1363482079594856450', '1359797361159086081', '1347029397187362817', '1347030503472791553', '1338676685679423489', '张晋', '小二、二班', '数学', null, '1346713330594394113', '1334881724013473793', '105');
INSERT INTO `dl_course_table` VALUES ('1363826085654728706', '6', '1', '1363482079661965314', '1359797361159086081', '1361666288046714882', '1347030377794666498', '1361612953956528129', '周笔畅', '小一、二班', '绘画', null, '1346713330594394113', '1334845699547394049', '101');
INSERT INTO `dl_course_table` VALUES ('1363826085663117313', '3', '4', '1363482079552913409', '1359797361159086081', '1361664481169911810', '1347030313466626050', '1338673554375634946', '周芷若', '小一、一班', '数学', null, '1346713330594394113', '1334845699547394049', '101');
INSERT INTO `dl_course_table` VALUES ('1363826085663117314', '2', '5', '1363482079573884930', '1359797361159086081', '1341347778094989313', '1347030457700352002', '1338676685679423489', '王五', '小二、一班', '数学', null, '1346713330594394113', '1334881724013473793', '105');
INSERT INTO `dl_course_table` VALUES ('1363826085671505922', '1', '3', '1363482079590662145', '1359797361159086081', '1361659072786870273', '1347030503472791553', '1338676228303155201', '周星驰', '小二、二班', '语文', null, '1346713330594394113', '1334881724013473793', '105');
INSERT INTO `dl_course_table` VALUES ('1363826085671505923', '6', '5', '1363482079607439361', '1359797361159086081', '1361659221915348994', '1347030313466626050', '1361612766320144385', '甄子丹', '小一、一班', '体育', null, '1346713330594394113', '1334845699547394049', '101');
INSERT INTO `dl_course_table` VALUES ('1363826085679894530', '3', '1', '1363482079565496322', '1359797361159086081', '1361665014207229953', '1347030377794666498', '1338673554375634946', '杨戬', '小一、二班', '数学', null, '1346713330594394113', '1334845699547394049', '101');
INSERT INTO `dl_course_table` VALUES ('1363826085679894531', '5', '3', '1363482079657771009', '1359797361159086081', '1347029568935723009', '1347030377794666498', '1361612814407839746', '余文乐', '小一、二班', '计算机', null, '1346713330594394113', '1334845699547394049', '101');
INSERT INTO `dl_course_table` VALUES ('1363826085679894532', '4', '5', '1363482079565496322', '1359797361159086081', '1361665014207229953', '1347030377794666498', '1338673554375634946', '杨戬', '小一、二班', '数学', null, '1346713330594394113', '1334845699547394049', '101');
INSERT INTO `dl_course_table` VALUES ('1363826085688283137', '6', '1', '1363482079594856450', '1359797361159086081', '1347029397187362817', '1347030503472791553', '1338676685679423489', '张晋', '小二、二班', '数学', null, '1346713330594394113', '1334881724013473793', '105');
INSERT INTO `dl_course_table` VALUES ('1363826085688283138', '4', '2', '1363482079590662145', '1359797361159086081', '1361659072786870273', '1347030503472791553', '1338676228303155201', '周星驰', '小二、二班', '语文', null, '1346713330594394113', '1334881724013473793', '105');
INSERT INTO `dl_course_table` VALUES ('1363826085696671746', '6', '5', '1363482079695519745', '1359797361159086081', '1361656875160317953', '1347030457700352002', '1361614678788550658', '周杰伦', '小二、一班', '音乐', null, '1346713330594394113', '1334881724013473793', '105');
INSERT INTO `dl_course_table` VALUES ('1363826085696671747', '2', '2', '1363482079552913409', '1359797361159086081', '1361664481169911810', '1347030313466626050', '1338673554375634946', '周芷若', '小一、一班', '数学', null, '1346713330594394113', '1334845699547394049', '101');
INSERT INTO `dl_course_table` VALUES ('1363826085696671748', '4', '3', '1363482079552913409', '1359797361159086081', '1361664481169911810', '1347030313466626050', '1338673554375634946', '周芷若', '小一、一班', '数学', null, '1346713330594394113', '1334845699547394049', '101');
INSERT INTO `dl_course_table` VALUES ('1363826085705060354', '1', '2', '1363482079590662145', '1359797361159086081', '1361659072786870273', '1347030503472791553', '1338676228303155201', '周星驰', '小二、二班', '语文', null, '1346713330594394113', '1334881724013473793', '105');
INSERT INTO `dl_course_table` VALUES ('1363826085705060355', '4', '2', '1363482079552913409', '1359797361159086081', '1361664481169911810', '1347030313466626050', '1338673554375634946', '周芷若', '小一、一班', '数学', null, '1346713330594394113', '1334845699547394049', '101');
INSERT INTO `dl_course_table` VALUES ('1363826085705060356', '4', '5', '1363482079573884930', '1359797361159086081', '1341347778094989313', '1347030457700352002', '1338676685679423489', '王五', '小二、一班', '数学', null, '1346713330594394113', '1334881724013473793', '105');
INSERT INTO `dl_course_table` VALUES ('1363826085713448962', '7', '2', '1363482079678742530', '1359797361159086081', '1361665692078059522', '1347030457700352002', '1361614607024009217', '周伯通', '小二、一班', '体育', null, '1346713330594394113', '1334881724013473793', '105');
INSERT INTO `dl_course_table` VALUES ('1363826085717643266', '5', '1', '1363482079729074178', '1359797361159086081', '1361665323801391105', '1347030503472791553', '1361614700234027009', '马汉', '小二、二班', '计算机', null, '1346713330594394113', '1334881724013473793', '105');
INSERT INTO `dl_course_table` VALUES ('1363826085726031874', '4', '4', '1363482079552913409', '1359797361159086081', '1361664481169911810', '1347030313466626050', '1338673554375634946', '周芷若', '小一、一班', '数学', null, '1346713330594394113', '1334845699547394049', '101');
INSERT INTO `dl_course_table` VALUES ('1363826085726031875', '4', '5', '1363482079552913409', '1359797361159086081', '1361664481169911810', '1347030313466626050', '1338673554375634946', '周芷若', '小一、一班', '数学', null, '1346713330594394113', '1334845699547394049', '101');
INSERT INTO `dl_course_table` VALUES ('1363826085734420482', '3', '2', '1363482079582273537', '1359797361159086081', '1361665829219217409', '1347030457700352002', '1338676228303155201', '金庸', '小二、一班', '语文', null, '1346713330594394113', '1334881724013473793', '105');
INSERT INTO `dl_course_table` VALUES ('1363826085734420483', '4', '1', '1363482079590662145', '1359797361159086081', '1361659072786870273', '1347030503472791553', '1338676228303155201', '周星驰', '小二、二班', '语文', null, '1346713330594394113', '1334881724013473793', '105');
INSERT INTO `dl_course_table` VALUES ('1363826085742809090', '7', '2', '1363482079666159617', '1359797361159086081', '1347029956531355649', '1347030377794666498', '1361612980061876226', '梅超风', '小一、二班', '自然科学', null, '1346713330594394113', '1334845699547394049', '101');
INSERT INTO `dl_course_table` VALUES ('1363826085747003393', '2', '2', '1363482079573884930', '1359797361159086081', '1341347778094989313', '1347030457700352002', '1338676685679423489', '王五', '小二、一班', '数学', null, '1346713330594394113', '1334881724013473793', '105');
INSERT INTO `dl_course_table` VALUES ('1363826085747003394', '2', '1', '1363482079515164674', '1359797361159086081', '1347029568935723009', '1347030313466626050', '1338672065913659394', '余文乐', '小一、一班', '语文', null, '1346713330594394113', '1334845699547394049', '101');
INSERT INTO `dl_course_table` VALUES ('1363826085755392001', '6', '5', '1363482079594856450', '1359797361159086081', '1347029397187362817', '1347030503472791553', '1338676685679423489', '张晋', '小二、二班', '数学', null, '1346713330594394113', '1334881724013473793', '105');
INSERT INTO `dl_course_table` VALUES ('1363826085755392002', '5', '1', '1363482079645188098', '1359797361159086081', '1361656875160317953', '1347030377794666498', '1361612726621057026', '周杰伦', '小一、二班', '音乐', null, '1346713330594394113', '1334845699547394049', '101');
INSERT INTO `dl_course_table` VALUES ('1363826085763780610', '1', '5', '1363482079590662145', '1359797361159086081', '1361659072786870273', '1347030503472791553', '1338676228303155201', '周星驰', '小二、二班', '语文', null, '1346713330594394113', '1334881724013473793', '105');
INSERT INTO `dl_course_table` VALUES ('1363826085763780611', '4', '1', '1363482079573884930', '1359797361159086081', '1341347778094989313', '1347030457700352002', '1338676685679423489', '王五', '小二、一班', '数学', null, '1346713330594394113', '1334881724013473793', '105');
INSERT INTO `dl_course_table` VALUES ('1363826085772169218', '1', '5', '1363482079515164674', '1359797361159086081', '1347029568935723009', '1347030313466626050', '1338672065913659394', '余文乐', '小一、一班', '语文', null, '1346713330594394113', '1334845699547394049', '101');
INSERT INTO `dl_course_table` VALUES ('1363826085772169219', '4', '2', '1363482079565496322', '1359797361159086081', '1361665014207229953', '1347030377794666498', '1338673554375634946', '杨戬', '小一、二班', '数学', null, '1346713330594394113', '1334845699547394049', '101');
INSERT INTO `dl_course_table` VALUES ('1363826085780557825', '5', '4', '1363482079678742530', '1359797361159086081', '1361665692078059522', '1347030457700352002', '1361614607024009217', '周伯通', '小二、一班', '体育', null, '1346713330594394113', '1334881724013473793', '105');
INSERT INTO `dl_course_table` VALUES ('1363826085780557826', '3', '1', '1363482079515164674', '1359797361159086081', '1347029568935723009', '1347030313466626050', '1338672065913659394', '余文乐', '小一、一班', '语文', null, '1346713330594394113', '1334845699547394049', '101');
INSERT INTO `dl_course_table` VALUES ('1363826085788946434', '4', '4', '1363482079561302017', '1359797361159086081', '1361663771472703489', '1347030377794666498', '1338672065913659394', '周润发', '小一、二班', '语文', null, '1346713330594394113', '1334845699547394049', '101');
INSERT INTO `dl_course_table` VALUES ('1363826085788946435', '3', '1', '1363482079594856450', '1359797361159086081', '1347029397187362817', '1347030503472791553', '1338676685679423489', '张晋', '小二、二班', '数学', null, '1346713330594394113', '1334881724013473793', '105');
INSERT INTO `dl_course_table` VALUES ('1363826085797335042', '5', '4', '1363482079603245057', '1359797361159086081', '1361666288046714882', '1347030313466626050', '1361612726621057026', '周笔畅', '小一、一班', '音乐', null, '1346713330594394113', '1334845699547394049', '101');
INSERT INTO `dl_course_table` VALUES ('1363826085797335043', '4', '1', '1363482079515164674', '1359797361159086081', '1347029568935723009', '1347030313466626050', '1338672065913659394', '余文乐', '小一、一班', '语文', null, '1346713330594394113', '1334845699547394049', '101');
INSERT INTO `dl_course_table` VALUES ('1363826085805723650', '3', '4', '1363482079565496322', '1359797361159086081', '1361665014207229953', '1347030377794666498', '1338673554375634946', '杨戬', '小一、二班', '数学', null, '1346713330594394113', '1334845699547394049', '101');
INSERT INTO `dl_course_table` VALUES ('1363826085805723651', '6', '3', '1363482079687131138', '1359797361159086081', '1347029956531355649', '1347030457700352002', '1361614659125653505', '梅超风', '小二、一班', '自然科学', null, '1346713330594394113', '1334881724013473793', '105');
INSERT INTO `dl_course_table` VALUES ('1363826085805723652', '2', '5', '1363482079515164674', '1359797361159086081', '1347029568935723009', '1347030313466626050', '1338672065913659394', '余文乐', '小一、一班', '语文', null, '1346713330594394113', '1334845699547394049', '101');
INSERT INTO `dl_course_table` VALUES ('1363826085814112258', '2', '4', '1363482079515164674', '1359797361159086081', '1347029568935723009', '1347030313466626050', '1338672065913659394', '余文乐', '小一、一班', '语文', null, '1346713330594394113', '1334845699547394049', '101');
INSERT INTO `dl_course_table` VALUES ('1363826085814112259', '5', '2', '1363482079620022274', '1359797361159086081', '1361665545919148034', '1347030313466626050', '1361612814407839746', '杨过', '小一、一班', '计算机', null, '1346713330594394113', '1334845699547394049', '101');
INSERT INTO `dl_course_table` VALUES ('1363826085822500865', '3', '3', '1363482079552913409', '1359797361159086081', '1361664481169911810', '1347030313466626050', '1338673554375634946', '周芷若', '小一、一班', '数学', null, '1346713330594394113', '1334845699547394049', '101');
INSERT INTO `dl_course_table` VALUES ('1363826085822500866', '7', '3', '1363482079699714050', '1359797361159086081', '1361666422490935298', '1347030457700352002', '1361614700234027009', '何洁', '小二、一班', '计算机', null, '1346713330594394113', '1334881724013473793', '105');
INSERT INTO `dl_course_table` VALUES ('1363826085826695170', '2', '2', '1363482079594856450', '1359797361159086081', '1347029397187362817', '1347030503472791553', '1338676685679423489', '张晋', '小二、二班', '数学', null, '1346713330594394113', '1334881724013473793', '105');
INSERT INTO `dl_course_table` VALUES ('1363826085826695171', '2', '3', '1363482079552913409', '1359797361159086081', '1361664481169911810', '1347030313466626050', '1338673554375634946', '周芷若', '小一、一班', '数学', null, '1346713330594394113', '1334845699547394049', '101');
INSERT INTO `dl_course_table` VALUES ('1363826085835083778', '1', '4', '1363482079515164674', '1359797361159086081', '1347029568935723009', '1347030313466626050', '1338672065913659394', '余文乐', '小一、一班', '语文', null, '1346713330594394113', '1334845699547394049', '101');
INSERT INTO `dl_course_table` VALUES ('1363826085835083779', '1', '5', '1363482079561302017', '1359797361159086081', '1361663771472703489', '1347030377794666498', '1338672065913659394', '周润发', '小一、二班', '语文', null, '1346713330594394113', '1334845699547394049', '101');
INSERT INTO `dl_course_table` VALUES ('1363826085839278082', '5', '3', '1363482079582273537', '1359797361159086081', '1361665829219217409', '1347030457700352002', '1338676228303155201', '金庸', '小二、一班', '语文', null, '1346713330594394113', '1334881724013473793', '105');
INSERT INTO `dl_course_table` VALUES ('1363826085839278083', '2', '3', '1363482079590662145', '1359797361159086081', '1361659072786870273', '1347030503472791553', '1338676228303155201', '周星驰', '小二、二班', '语文', null, '1346713330594394113', '1334881724013473793', '105');
INSERT INTO `dl_course_table` VALUES ('1363826085847666690', '4', '3', '1363482079594856450', '1359797361159086081', '1347029397187362817', '1347030503472791553', '1338676685679423489', '张晋', '小二、二班', '数学', null, '1346713330594394113', '1334881724013473793', '105');
INSERT INTO `dl_course_table` VALUES ('1363826085847666691', '3', '3', '1363482079561302017', '1359797361159086081', '1361663771472703489', '1347030377794666498', '1338672065913659394', '周润发', '小一、二班', '语文', null, '1346713330594394113', '1334845699547394049', '101');
INSERT INTO `dl_course_table` VALUES ('1363826085851860993', '4', '1', '1363482079561302017', '1359797361159086081', '1361663771472703489', '1347030377794666498', '1338672065913659394', '周润发', '小一、二班', '语文', null, '1346713330594394113', '1334845699547394049', '101');
INSERT INTO `dl_course_table` VALUES ('1363826085851860994', '3', '5', '1363482079561302017', '1359797361159086081', '1361663771472703489', '1347030377794666498', '1338672065913659394', '周润发', '小一、二班', '语文', null, '1346713330594394113', '1334845699547394049', '101');
INSERT INTO `dl_course_table` VALUES ('1363848584929054722', '2', '1', '1363847113990758403', '1360520275386908673', '1361666331373875201', '1347031233332019202', '1338824559677591553', '李宇春', '初一、二班', '数学', null, '1346713330594394113', '1334852194771042305', '104');
INSERT INTO `dl_course_table` VALUES ('1363848584954220546', '2', '3', '1363847113898483713', '1360520275386908673', '1361665760709455874', '1335576061456248833', '1338823976392511490', '洪七公', '小三、一班', '语文', null, '1346713330594394113', '1334845699547394049', '101');
INSERT INTO `dl_course_table` VALUES ('1363848584966803458', '4', '5', '1363847113965592578', '1360520275386908673', '1361666523825319938', '1347031319973756930', '1338824559677591553', '王子怡', '初一、三班', '数学', null, '1346713330594394113', '1334852194771042305', '104');
INSERT INTO `dl_course_table` VALUES ('1363848584966803459', '2', '3', '1363847113999147009', '1360520275386908673', '1361666422490935298', '1347031233332019202', '1338824601352196097', '何洁', '初一、二班', '英语', null, '1346713330594394113', '1334852194771042305', '104');
INSERT INTO `dl_course_table` VALUES ('1363848584975192065', '5', '5', '1363847114070450178', '1360520275386908673', '1361664147697577985', '1347031319973756930', '1361625124283232257', '刘德华', '初一、三班', '音乐', null, '1346713330594394113', '1334852194771042305', '104');
INSERT INTO `dl_course_table` VALUES ('1363848584975192066', '3', '5', '1363847113932038146', '1360520275386908673', '1361665123712118786', '1347031177472278530', '1338824539414908930', '哪吒', '初一、一班', '语文', null, '1346713330594394113', '1334845699547394049', '101');
INSERT INTO `dl_course_table` VALUES ('1363848584983580674', '4', '5', '1363847113932038146', '1360520275386908673', '1361665123712118786', '1347031177472278530', '1338824539414908930', '哪吒', '初一、一班', '语文', null, '1346713330594394113', '1334845699547394049', '101');
INSERT INTO `dl_course_table` VALUES ('1363848584983580675', '4', '1', '1363847113965592578', '1360520275386908673', '1361666523825319938', '1347031319973756930', '1338824559677591553', '王子怡', '初一、三班', '数学', null, '1346713330594394113', '1334852194771042305', '104');
INSERT INTO `dl_course_table` VALUES ('1363848584991969282', '4', '1', '1363847114015924227', '1360520275386908673', '1361659512253460482', '1347030944008929281', '1338824257226330114', '谢霆锋', '小五、一班', '数学', null, '1346713330594394113', '1334852194771042305', '104');
INSERT INTO `dl_course_table` VALUES ('1363848584991969283', '2', '4', '1363847113906872321', '1360520275386908673', '1347029303025238018', '1335576061456248833', '1338824013189140482', '周冬雨', '小三、一班', '数学', null, '1346713330594394113', '1334845699547394049', '101');
INSERT INTO `dl_course_table` VALUES ('1363848585000357889', '3', '1', '1363847114015924227', '1360520275386908673', '1361659512253460482', '1347030944008929281', '1338824257226330114', '谢霆锋', '小五、一班', '数学', null, '1346713330594394113', '1334852194771042305', '104');
INSERT INTO `dl_course_table` VALUES ('1363848585000357890', '1', '3', '1363847113915260930', '1360520275386908673', '1347029758249828353', '1347030568522252289', '1338823976392511490', '张杰', '小三、二班', '语文', null, '1346713330594394113', '1334881724013473793', '105');
INSERT INTO `dl_course_table` VALUES ('1363848585008746497', '4', '3', '1363847113940426755', '1360520275386908673', '1361666523825319938', '1347031177472278530', '1338824601352196097', '王子怡', '初一、一班', '英语', null, '1346713330594394113', '1334845699547394049', '101');
INSERT INTO `dl_course_table` VALUES ('1363848585017135105', '2', '1', '1363847113898483713', '1360520275386908673', '1361665760709455874', '1335576061456248833', '1338823976392511490', '洪七公', '小三、一班', '语文', null, '1346713330594394113', '1334845699547394049', '101');
INSERT INTO `dl_course_table` VALUES ('1363848585017135106', '6', '5', '1363847114041090049', '1360520275386908673', '1361665952867299329', '1347030568522252289', '1361614952257171457', '张翠山', '小三、二班', '体育', null, '1346713330594394113', '1334881724013473793', '105');
INSERT INTO `dl_course_table` VALUES ('1363848585025523714', '1', '5', '1363847113898483713', '1360520275386908673', '1361665760709455874', '1335576061456248833', '1338823976392511490', '洪七公', '小三、一班', '语文', null, '1346713330594394113', '1334845699547394049', '101');
INSERT INTO `dl_course_table` VALUES ('1363848585025523715', '3', '1', '1363847113915260930', '1360520275386908673', '1347029758249828353', '1347030568522252289', '1338823976392511490', '张杰', '小三、二班', '语文', null, '1346713330594394113', '1334881724013473793', '105');
INSERT INTO `dl_course_table` VALUES ('1363848585025523716', '2', '2', '1363847113898483713', '1360520275386908673', '1361665760709455874', '1335576061456248833', '1338823976392511490', '洪七公', '小三、一班', '语文', null, '1346713330594394113', '1334845699547394049', '101');
INSERT INTO `dl_course_table` VALUES ('1363848585033912321', '1', '3', '1363847113965592579', '1360520275386908673', '1361663469436678145', '1347031319973756930', '1338824601352196097', '赵文卓', '初一、三班', '英语', null, '1346713330594394113', '1334852194771042305', '104');
INSERT INTO `dl_course_table` VALUES ('1363848585033912322', '7', '4', '1363847113948815361', '1360520275386908673', '1361664821860642817', '1347031177472278530', '1338824659099373569', '阳顶天', '初一、一班', '物理', null, '1346713330594394113', '1334845699547394049', '101');
INSERT INTO `dl_course_table` VALUES ('1363848585033912323', '4', '1', '1363847113940426754', '1360520275386908673', '1347029907218923522', '1347031177472278530', '1338824559677591553', '张信哲', '初一、一班', '数学', null, '1346713330594394113', '1334845699547394049', '101');
INSERT INTO `dl_course_table` VALUES ('1363848585042300929', '5', '3', '1363847114032701443', '1360520275386908673', '1361664758438572034', '1335576061456248833', '1361615087141793794', '杨不悔', '小三、一班', '自然科学', null, '1346713330594394113', '1334845699547394049', '101');
INSERT INTO `dl_course_table` VALUES ('1363848585042300930', '3', '4', '1363847113932038146', '1360520275386908673', '1361665123712118786', '1347031177472278530', '1338824539414908930', '哪吒', '初一、一班', '语文', null, '1346713330594394113', '1334845699547394049', '101');
INSERT INTO `dl_course_table` VALUES ('1363848585050689538', '2', '4', '1363847113915260930', '1360520275386908673', '1347029758249828353', '1347030568522252289', '1338823976392511490', '张杰', '小三、二班', '语文', null, '1346713330594394113', '1334881724013473793', '105');
INSERT INTO `dl_course_table` VALUES ('1363848585050689539', '3', '4', '1363847113898483713', '1360520275386908673', '1361665760709455874', '1335576061456248833', '1338823976392511490', '洪七公', '小三、一班', '语文', null, '1346713330594394113', '1334845699547394049', '101');
INSERT INTO `dl_course_table` VALUES ('1363848585050689540', '2', '4', '1363847113864929282', '1360520275386908673', '1361663771472703489', '1335503230873747457', '1338841438093758466', '周润发', '初二、一班', '语文', null, '1346713330594394113', '1334852133605507074', '103');
INSERT INTO `dl_course_table` VALUES ('1363848585050689541', '1', '5', '1363847114015924227', '1360520275386908673', '1361659512253460482', '1347030944008929281', '1338824257226330114', '谢霆锋', '小五、一班', '数学', null, '1346713330594394113', '1334852194771042305', '104');
INSERT INTO `dl_course_table` VALUES ('1363848585059078146', '7', '1', '1363847113953009666', '1360520275386908673', '1347029956531355649', '1347031177472278530', '1338824742352113665', '梅超风', '初一、一班', '历史', null, '1346713330594394113', '1334845699547394049', '101');
INSERT INTO `dl_course_table` VALUES ('1363848585059078147', '6', '3', '1363847113948815361', '1360520275386908673', '1361664821860642817', '1347031177472278530', '1338824659099373569', '阳顶天', '初一、一班', '物理', null, '1346713330594394113', '1334845699547394049', '101');
INSERT INTO `dl_course_table` VALUES ('1363848585067466754', '3', '4', '1363847114015924227', '1360520275386908673', '1361659512253460482', '1347030944008929281', '1338824257226330114', '谢霆锋', '小五、一班', '数学', null, '1346713330594394113', '1334852194771042305', '104');
INSERT INTO `dl_course_table` VALUES ('1363848585067466755', '7', '3', '1363847114091421699', '1360520275386908673', '1361659221915348994', '1335503230873747457', '1361625721849917442', '甄子丹', '初二、一班', '体育', null, '1346713330594394113', '1334852133605507074', '103');
INSERT INTO `dl_course_table` VALUES ('1363848585075855362', '7', '3', '1363847113906872321', '1360520275386908673', '1347029303025238018', '1335576061456248833', '1338824013189140482', '周冬雨', '小三、一班', '数学', null, '1346713330594394113', '1334845699547394049', '101');
INSERT INTO `dl_course_table` VALUES ('1363848585075855363', '2', '1', '1363847113923649537', '1360520275386908673', '1341347517557407746', '1347030568522252289', '1338824013189140482', '李四', '小三、二班', '数学', null, '1346713330594394113', '1334881724013473793', '105');
INSERT INTO `dl_course_table` VALUES ('1363848585084243970', '7', '1', '1363847114007535617', '1360520275386908673', '1347029907218923522', '1347031233332019202', '1338824659099373569', '张信哲', '初一、二班', '物理', null, '1346713330594394113', '1334852194771042305', '104');
INSERT INTO `dl_course_table` VALUES ('1363848585084243971', '4', '3', '1363847113906872321', '1360520275386908673', '1347029303025238018', '1335576061456248833', '1338824013189140482', '周冬雨', '小三、一班', '数学', null, '1346713330594394113', '1334845699547394049', '101');
INSERT INTO `dl_course_table` VALUES ('1363848585092632577', '3', '4', '1363847113864929282', '1360520275386908673', '1361663771472703489', '1335503230873747457', '1338841438093758466', '周润发', '初二、一班', '语文', null, '1346713330594394113', '1334852133605507074', '103');
INSERT INTO `dl_course_table` VALUES ('1363848585092632578', '1', '3', '1363847113890095105', '1360520275386908673', '1361666112917745666', '1335503230873747457', '1338841639579734018', '赵丽颖', '初二、一班', '历史', null, '1346713330594394113', '1334852133605507074', '103');
INSERT INTO `dl_course_table` VALUES ('1363848585092632579', '5', '1', '1363847114074644482', '1360520275386908673', '1361664933613678594', '1347031319973756930', '1361625078020059138', '姜子牙', '初一、三班', '体育', null, '1346713330594394113', '1334852194771042305', '104');
INSERT INTO `dl_course_table` VALUES ('1363848585101021185', '3', '2', '1363847113906872321', '1360520275386908673', '1347029303025238018', '1335576061456248833', '1338824013189140482', '周冬雨', '小三、一班', '数学', null, '1346713330594394113', '1334845699547394049', '101');
INSERT INTO `dl_course_table` VALUES ('1363848585101021186', '3', '5', '1363847113923649537', '1360520275386908673', '1341347517557407746', '1347030568522252289', '1338824013189140482', '李四', '小三、二班', '数学', null, '1346713330594394113', '1334881724013473793', '105');
INSERT INTO `dl_course_table` VALUES ('1363848585101021187', '4', '5', '1363847113999147009', '1360520275386908673', '1361666422490935298', '1347031233332019202', '1338824601352196097', '何洁', '初一、二班', '英语', null, '1346713330594394113', '1334852194771042305', '104');
INSERT INTO `dl_course_table` VALUES ('1363848585109409794', '2', '5', '1363847113965592579', '1360520275386908673', '1361663469436678145', '1347031319973756930', '1338824601352196097', '赵文卓', '初一、三班', '英语', null, '1346713330594394113', '1334852194771042305', '104');
INSERT INTO `dl_course_table` VALUES ('1363848585109409795', '1', '5', '1363847113999147009', '1360520275386908673', '1361666422490935298', '1347031233332019202', '1338824601352196097', '何洁', '初一、二班', '英语', null, '1346713330594394113', '1334852194771042305', '104');
INSERT INTO `dl_course_table` VALUES ('1363848585109409796', '6', '3', '1363847114007535618', '1360520275386908673', '1347029691988213762', '1347031233332019202', '1338824742352113665', '谢娜', '初一、二班', '历史', null, '1346713330594394113', '1334852194771042305', '104');
INSERT INTO `dl_course_table` VALUES ('1363848585117798402', '2', '4', '1363847113999147009', '1360520275386908673', '1361666422490935298', '1347031233332019202', '1338824601352196097', '何洁', '初一、二班', '英语', null, '1346713330594394113', '1334852194771042305', '104');
INSERT INTO `dl_course_table` VALUES ('1363848585117798403', '7', '1', '1363847114099810305', '1360520275386908673', '1361666331373875201', '1335503230873747457', '1361625745807781890', '李宇春', '初二、一班', '音乐', null, '1346713330594394113', '1334852133605507074', '103');
INSERT INTO `dl_course_table` VALUES ('1363848585117798404', '2', '3', '1363847113915260930', '1360520275386908673', '1347029758249828353', '1347030568522252289', '1338823976392511490', '张杰', '小三、二班', '语文', null, '1346713330594394113', '1334881724013473793', '105');
INSERT INTO `dl_course_table` VALUES ('1363848585126187010', '3', '2', '1363847113873317890', '1360520275386908673', '1347029758249828353', '1335503230873747457', '1338841469836251137', '张杰', '初二、一班', '数学', null, '1346713330594394113', '1334852133605507074', '103');
INSERT INTO `dl_course_table` VALUES ('1363848585126187011', '2', '3', '1363847113932038146', '1360520275386908673', '1361665123712118786', '1347031177472278530', '1338824539414908930', '哪吒', '初一、一班', '语文', null, '1346713330594394113', '1334845699547394049', '101');
INSERT INTO `dl_course_table` VALUES ('1363848585134575618', '7', '4', '1363847113973981186', '1360520275386908673', '1347029691988213762', '1347031319973756930', '1338824742352113665', '谢娜', '初一、三班', '历史', null, '1346713330594394113', '1334852194771042305', '104');
INSERT INTO `dl_course_table` VALUES ('1363848585138769921', '2', '1', '1363847113957203970', '1360520275386908673', '1361666154869174273', '1347031319973756930', '1338824539414908930', '张靓颖', '初一、三班', '语文', null, '1346713330594394113', '1334852194771042305', '104');
INSERT INTO `dl_course_table` VALUES ('1363848585138769922', '5', '5', '1363847113957203969', '1360520275386908673', '1347029691988213762', '1347031177472278530', '1338824795191955458', '谢娜', '初一、一班', '地理', null, '1346713330594394113', '1334845699547394049', '101');
INSERT INTO `dl_course_table` VALUES ('1363848585147158529', '5', '4', '1363847114053672961', '1360520275386908673', '1361657051421749249', '1347030568522252289', '1361615087141793794', '黄圣依', '小三、二班', '自然科学', null, '1346713330594394113', '1334881724013473793', '105');
INSERT INTO `dl_course_table` VALUES ('1363848585147158530', '5', '4', '1363847114083033089', '1360520275386908673', '1361659438731505666', '1347031233332019202', '1361625124283232257', '王菲', '初一、二班', '音乐', null, '1346713330594394113', '1334852194771042305', '104');
INSERT INTO `dl_course_table` VALUES ('1363848585155547137', '4', '4', '1363847113932038146', '1360520275386908673', '1361665123712118786', '1347031177472278530', '1338824539414908930', '哪吒', '初一、一班', '语文', null, '1346713330594394113', '1334845699547394049', '101');
INSERT INTO `dl_course_table` VALUES ('1363848585163935746', '7', '1', '1363847113973981185', '1360520275386908673', '1341347664207052802', '1347031319973756930', '1338824659099373569', '赵四', '初一、三班', '物理', null, '1346713330594394113', '1334852194771042305', '104');
INSERT INTO `dl_course_table` VALUES ('1363848585172324354', '1', '5', '1363847113923649537', '1360520275386908673', '1341347517557407746', '1347030568522252289', '1338824013189140482', '李四', '小三、二班', '数学', null, '1346713330594394113', '1334881724013473793', '105');
INSERT INTO `dl_course_table` VALUES ('1363848585172324355', '3', '3', '1363847113923649537', '1360520275386908673', '1341347517557407746', '1347030568522252289', '1338824013189140482', '李四', '小三、二班', '数学', null, '1346713330594394113', '1334881724013473793', '105');
INSERT INTO `dl_course_table` VALUES ('1363848585180712962', '4', '4', '1363847113923649537', '1360520275386908673', '1341347517557407746', '1347030568522252289', '1338824013189140482', '李四', '小三、二班', '数学', null, '1346713330594394113', '1334881724013473793', '105');
INSERT INTO `dl_course_table` VALUES ('1363848585180712963', '4', '1', '1363847113915260930', '1360520275386908673', '1347029758249828353', '1347030568522252289', '1338823976392511490', '张杰', '小三、二班', '语文', null, '1346713330594394113', '1334881724013473793', '105');
INSERT INTO `dl_course_table` VALUES ('1363848585189101570', '6', '4', '1363847114015924226', '1360520275386908673', '2', '1347031233332019202', '1338824795191955458', '张三', '初一、二班', '地理', null, '1346713330594394113', '1334852194771042305', '104');
INSERT INTO `dl_course_table` VALUES ('1363848585189101571', '5', '3', '1363847114062061571', '1360520275386908673', '1361656875160317953', '1347031177472278530', '1361625124283232257', '周杰伦', '初一、一班', '音乐', null, '1346713330594394113', '1334845699547394049', '101');
INSERT INTO `dl_course_table` VALUES ('1363848585189101572', '2', '1', '1363847113873317890', '1360520275386908673', '1347029758249828353', '1335503230873747457', '1338841469836251137', '张杰', '初二、一班', '数学', null, '1346713330594394113', '1334852133605507074', '103');
INSERT INTO `dl_course_table` VALUES ('1363848585205878786', '7', '4', '1363847114024312834', '1360520275386908673', '1361659221915348994', '1335576061456248833', '1361614952257171457', '甄子丹', '小三、一班', '体育', null, '1346713330594394113', '1334845699547394049', '101');
INSERT INTO `dl_course_table` VALUES ('1363848585205878787', '4', '3', '1363847113923649537', '1360520275386908673', '1341347517557407746', '1347030568522252289', '1338824013189140482', '李四', '小三、二班', '数学', null, '1346713330594394113', '1334881724013473793', '105');
INSERT INTO `dl_course_table` VALUES ('1363848585214267393', '4', '5', '1363847113877512194', '1360520275386908673', '1361666022236893186', '1335503230873747457', '1338841561876058114', '张三丰', '初二、一班', '物理', null, '1346713330594394113', '1334852133605507074', '103');
INSERT INTO `dl_course_table` VALUES ('1363848585218461698', '3', '3', '1363847113973981185', '1360520275386908673', '1341347664207052802', '1347031319973756930', '1338824659099373569', '赵四', '初一、三班', '物理', null, '1346713330594394113', '1334852194771042305', '104');
INSERT INTO `dl_course_table` VALUES ('1363848585218461699', '4', '2', '1363847113877512194', '1360520275386908673', '1361666022236893186', '1335503230873747457', '1338841561876058114', '张三丰', '初二、一班', '物理', null, '1346713330594394113', '1334852133605507074', '103');
INSERT INTO `dl_course_table` VALUES ('1363848585226850306', '2', '2', '1363847113864929282', '1360520275386908673', '1361663771472703489', '1335503230873747457', '1338841438093758466', '周润发', '初二、一班', '语文', null, '1346713330594394113', '1334852133605507074', '103');
INSERT INTO `dl_course_table` VALUES ('1363848585226850307', '2', '4', '1363847113957203970', '1360520275386908673', '1361666154869174273', '1347031319973756930', '1338824539414908930', '张靓颖', '初一、三班', '语文', null, '1346713330594394113', '1334852194771042305', '104');
INSERT INTO `dl_course_table` VALUES ('1363848585235238913', '4', '4', '1363847113906872321', '1360520275386908673', '1347029303025238018', '1335576061456248833', '1338824013189140482', '周冬雨', '小三、一班', '数学', null, '1346713330594394113', '1334845699547394049', '101');
INSERT INTO `dl_course_table` VALUES ('1363848585235238914', '7', '2', '1363847113982369794', '1360520275386908673', '1347029397187362817', '1347031319973756930', '1338824795191955458', '张晋', '初一、三班', '地理', null, '1346713330594394113', '1334852194771042305', '104');
INSERT INTO `dl_course_table` VALUES ('1363848585235238915', '4', '2', '1363847113965592578', '1360520275386908673', '1361666523825319938', '1347031319973756930', '1338824559677591553', '王子怡', '初一、三班', '数学', null, '1346713330594394113', '1334852194771042305', '104');
INSERT INTO `dl_course_table` VALUES ('1363848585243627522', '3', '2', '1363847113965592579', '1360520275386908673', '1361663469436678145', '1347031319973756930', '1338824601352196097', '赵文卓', '初一、三班', '英语', null, '1346713330594394113', '1334852194771042305', '104');
INSERT INTO `dl_course_table` VALUES ('1363848585243627523', '6', '4', '1363847113973981185', '1360520275386908673', '1341347664207052802', '1347031319973756930', '1338824659099373569', '赵四', '初一、三班', '物理', null, '1346713330594394113', '1334852194771042305', '104');
INSERT INTO `dl_course_table` VALUES ('1363848585243627524', '5', '1', '1363847113923649537', '1360520275386908673', '1341347517557407746', '1347030568522252289', '1338824013189140482', '李四', '小三、二班', '数学', null, '1346713330594394113', '1334881724013473793', '105');
INSERT INTO `dl_course_table` VALUES ('1363848585252016129', '4', '2', '1363847113898483713', '1360520275386908673', '1361665760709455874', '1335576061456248833', '1338823976392511490', '洪七公', '小三、一班', '语文', null, '1346713330594394113', '1334845699547394049', '101');
INSERT INTO `dl_course_table` VALUES ('1363848585252016130', '4', '4', '1363847113990758402', '1360520275386908673', '1341347778094989313', '1347031233332019202', '1338824539414908930', '王五', '初一、二班', '语文', null, '1346713330594394113', '1334852194771042305', '104');
INSERT INTO `dl_course_table` VALUES ('1363848585260404738', '7', '3', '1363847113973981186', '1360520275386908673', '1347029691988213762', '1347031319973756930', '1338824742352113665', '谢娜', '初一、三班', '历史', null, '1346713330594394113', '1334852194771042305', '104');
INSERT INTO `dl_course_table` VALUES ('1363848585268793345', '1', '4', '1363847113915260930', '1360520275386908673', '1347029758249828353', '1347030568522252289', '1338823976392511490', '张杰', '小三、二班', '语文', null, '1346713330594394113', '1334881724013473793', '105');
INSERT INTO `dl_course_table` VALUES ('1363848585268793346', '4', '4', '1363847114015924227', '1360520275386908673', '1361659512253460482', '1347030944008929281', '1338824257226330114', '谢霆锋', '小五、一班', '数学', null, '1346713330594394113', '1334852194771042305', '104');
INSERT INTO `dl_course_table` VALUES ('1363848585277181953', '3', '1', '1363847113898483713', '1360520275386908673', '1361665760709455874', '1335576061456248833', '1338823976392511490', '洪七公', '小三、一班', '语文', null, '1346713330594394113', '1334845699547394049', '101');
INSERT INTO `dl_course_table` VALUES ('1363848585277181954', '3', '2', '1363847114015924227', '1360520275386908673', '1361659512253460482', '1347030944008929281', '1338824257226330114', '谢霆锋', '小五、一班', '数学', null, '1346713330594394113', '1334852194771042305', '104');
INSERT INTO `dl_course_table` VALUES ('1363848585285570561', '6', '5', '1363847113906872321', '1360520275386908673', '1347029303025238018', '1335576061456248833', '1338824013189140482', '周冬雨', '小三、一班', '数学', null, '1346713330594394113', '1334845699547394049', '101');
INSERT INTO `dl_course_table` VALUES ('1363848585285570562', '3', '5', '1363847113990758403', '1360520275386908673', '1361666331373875201', '1347031233332019202', '1338824559677591553', '李宇春', '初一、二班', '数学', null, '1346713330594394113', '1334852194771042305', '104');
INSERT INTO `dl_course_table` VALUES ('1363848585298153473', '3', '3', '1363847114015924227', '1360520275386908673', '1361659512253460482', '1347030944008929281', '1338824257226330114', '谢霆锋', '小五、一班', '数学', null, '1346713330594394113', '1334852194771042305', '104');
INSERT INTO `dl_course_table` VALUES ('1363848585298153474', '5', '4', '1363847113957203969', '1360520275386908673', '1347029691988213762', '1347031177472278530', '1338824795191955458', '谢娜', '初一、一班', '地理', null, '1346713330594394113', '1334845699547394049', '101');
INSERT INTO `dl_course_table` VALUES ('1363848585306542081', '5', '1', '1363847114015924226', '1360520275386908673', '2', '1347031233332019202', '1338824795191955458', '张三', '初一、二班', '地理', null, '1346713330594394113', '1334852194771042305', '104');
INSERT INTO `dl_course_table` VALUES ('1363848585306542082', '2', '4', '1363847113940426755', '1360520275386908673', '1361666523825319938', '1347031177472278530', '1338824601352196097', '王子怡', '初一、一班', '英语', null, '1346713330594394113', '1334845699547394049', '101');
INSERT INTO `dl_course_table` VALUES ('1363848585314930690', '4', '3', '1363847113965592579', '1360520275386908673', '1361663469436678145', '1347031319973756930', '1338824601352196097', '赵文卓', '初一、三班', '英语', null, '1346713330594394113', '1334852194771042305', '104');
INSERT INTO `dl_course_table` VALUES ('1363848585314930691', '3', '4', '1363847113915260930', '1360520275386908673', '1347029758249828353', '1347030568522252289', '1338823976392511490', '张杰', '小三、二班', '语文', null, '1346713330594394113', '1334881724013473793', '105');
INSERT INTO `dl_course_table` VALUES ('1363848585314930692', '2', '2', '1363847113940426755', '1360520275386908673', '1361666523825319938', '1347031177472278530', '1338824601352196097', '王子怡', '初一、一班', '英语', null, '1346713330594394113', '1334845699547394049', '101');
INSERT INTO `dl_course_table` VALUES ('1363848585323319297', '1', '4', '1363847113898483713', '1360520275386908673', '1361665760709455874', '1335576061456248833', '1338823976392511490', '洪七公', '小三、一班', '语文', null, '1346713330594394113', '1334845699547394049', '101');
INSERT INTO `dl_course_table` VALUES ('1363848585331707906', '6', '4', '1363847114032701443', '1360520275386908673', '1361664758438572034', '1335576061456248833', '1361615087141793794', '杨不悔', '小三、一班', '自然科学', null, '1346713330594394113', '1334845699547394049', '101');
INSERT INTO `dl_course_table` VALUES ('1363848585331707907', '7', '3', '1363847114053672961', '1360520275386908673', '1361657051421749249', '1347030568522252289', '1361615087141793794', '黄圣依', '小三、二班', '自然科学', null, '1346713330594394113', '1334881724013473793', '105');
INSERT INTO `dl_course_table` VALUES ('1363848585331707908', '4', '1', '1363847113906872321', '1360520275386908673', '1347029303025238018', '1335576061456248833', '1338824013189140482', '周冬雨', '小三、一班', '数学', null, '1346713330594394113', '1334845699547394049', '101');
INSERT INTO `dl_course_table` VALUES ('1363848585331707909', '2', '3', '1363847113965592578', '1360520275386908673', '1361666523825319938', '1347031319973756930', '1338824559677591553', '王子怡', '初一、三班', '数学', null, '1346713330594394113', '1334852194771042305', '104');
INSERT INTO `dl_course_table` VALUES ('1363848585344290818', '2', '5', '1363847113915260930', '1360520275386908673', '1347029758249828353', '1347030568522252289', '1338823976392511490', '张杰', '小三、二班', '语文', null, '1346713330594394113', '1334881724013473793', '105');
INSERT INTO `dl_course_table` VALUES ('1363848585344290819', '3', '5', '1363847113873317890', '1360520275386908673', '1347029758249828353', '1335503230873747457', '1338841469836251137', '张杰', '初二、一班', '数学', null, '1346713330594394113', '1334852133605507074', '103');
INSERT INTO `dl_course_table` VALUES ('1363848585348485122', '2', '1', '1363847113932038146', '1360520275386908673', '1361665123712118786', '1347031177472278530', '1338824539414908930', '哪吒', '初一、一班', '语文', null, '1346713330594394113', '1334845699547394049', '101');
INSERT INTO `dl_course_table` VALUES ('1363848585356873729', '4', '4', '1363847113965592578', '1360520275386908673', '1361666523825319938', '1347031319973756930', '1338824559677591553', '王子怡', '初一、三班', '数学', null, '1346713330594394113', '1334852194771042305', '104');
INSERT INTO `dl_course_table` VALUES ('1363848585361068033', '3', '3', '1363847113898483713', '1360520275386908673', '1361665760709455874', '1335576061456248833', '1338823976392511490', '洪七公', '小三、一班', '语文', null, '1346713330594394113', '1334845699547394049', '101');
INSERT INTO `dl_course_table` VALUES ('1363848585361068034', '6', '3', '1363847114024312834', '1360520275386908673', '1361659221915348994', '1335576061456248833', '1361614952257171457', '甄子丹', '小三、一班', '体育', null, '1346713330594394113', '1334845699547394049', '101');
INSERT INTO `dl_course_table` VALUES ('1363848585365262337', '6', '1', '1363847114074644483', '1360520275386908673', '1361665450431623169', '1347031233332019202', '1361625078020059138', '展昭', '初一、二班', '体育', null, '1346713330594394113', '1334852194771042305', '104');
INSERT INTO `dl_course_table` VALUES ('1363848585365262338', '5', '4', '1363847113906872321', '1360520275386908673', '1347029303025238018', '1335576061456248833', '1338824013189140482', '周冬雨', '小三、一班', '数学', null, '1346713330594394113', '1334845699547394049', '101');
INSERT INTO `dl_course_table` VALUES ('1363848585373650946', '4', '5', '1363847113906872321', '1360520275386908673', '1347029303025238018', '1335576061456248833', '1338824013189140482', '周冬雨', '小三、一班', '数学', null, '1346713330594394113', '1334845699547394049', '101');
INSERT INTO `dl_course_table` VALUES ('1363848585373650947', '3', '4', '1363847113965592578', '1360520275386908673', '1361666523825319938', '1347031319973756930', '1338824559677591553', '王子怡', '初一、三班', '数学', null, '1346713330594394113', '1334852194771042305', '104');
INSERT INTO `dl_course_table` VALUES ('1363848585373650948', '4', '3', '1363847113990758402', '1360520275386908673', '1341347778094989313', '1347031233332019202', '1338824539414908930', '王五', '初一、二班', '语文', null, '1346713330594394113', '1334852194771042305', '104');
INSERT INTO `dl_course_table` VALUES ('1363848585373650949', '7', '2', '1363847114024312835', '1360520275386908673', '1361666288046714882', '1335576061456248833', '1361615009664610306', '周笔畅', '小三、一班', '音乐', null, '1346713330594394113', '1334845699547394049', '101');
INSERT INTO `dl_course_table` VALUES ('1363848585386233858', '1', '2', '1363847113990758403', '1360520275386908673', '1361666331373875201', '1347031233332019202', '1338824559677591553', '李宇春', '初一、二班', '数学', null, '1346713330594394113', '1334852194771042305', '104');
INSERT INTO `dl_course_table` VALUES ('1363848585386233859', '3', '1', '1363847113864929282', '1360520275386908673', '1361663771472703489', '1335503230873747457', '1338841438093758466', '周润发', '初二、一班', '语文', null, '1346713330594394113', '1334852133605507074', '103');
INSERT INTO `dl_course_table` VALUES ('1363848585394622465', '7', '2', '1363847113923649537', '1360520275386908673', '1341347517557407746', '1347030568522252289', '1338824013189140482', '李四', '小三、二班', '数学', null, '1346713330594394113', '1334881724013473793', '105');
INSERT INTO `dl_course_table` VALUES ('1363848585394622466', '6', '5', '1363847114091421698', '1360520275386908673', '1347029461406351361', '1335503230873747457', '1338841694613196802', '张韶涵', '初二、一班', '政治', null, '1346713330594394113', '1334852133605507074', '103');
INSERT INTO `dl_course_table` VALUES ('1363848585403011073', '1', '3', '1363847113999147009', '1360520275386908673', '1361666422490935298', '1347031233332019202', '1338824601352196097', '何洁', '初一、二班', '英语', null, '1346713330594394113', '1334852194771042305', '104');
INSERT INTO `dl_course_table` VALUES ('1363848585403011074', '5', '2', '1363847113906872321', '1360520275386908673', '1347029303025238018', '1335576061456248833', '1338824013189140482', '周冬雨', '小三、一班', '数学', null, '1346713330594394113', '1334845699547394049', '101');
INSERT INTO `dl_course_table` VALUES ('1363848585403011075', '2', '5', '1363847113940426754', '1360520275386908673', '1347029907218923522', '1347031177472278530', '1338824559677591553', '张信哲', '初一、一班', '数学', null, '1346713330594394113', '1334845699547394049', '101');
INSERT INTO `dl_course_table` VALUES ('1363848585403011076', '1', '3', '1363847113898483713', '1360520275386908673', '1361665760709455874', '1335576061456248833', '1338823976392511490', '洪七公', '小三、一班', '语文', null, '1346713330594394113', '1334845699547394049', '101');
INSERT INTO `dl_course_table` VALUES ('1363848585415593986', '1', '4', '1363847113940426754', '1360520275386908673', '1347029907218923522', '1347031177472278530', '1338824559677591553', '张信哲', '初一、一班', '数学', null, '1346713330594394113', '1334845699547394049', '101');
INSERT INTO `dl_course_table` VALUES ('1363848585415593987', '3', '3', '1363847113940426755', '1360520275386908673', '1361666523825319938', '1347031177472278530', '1338824601352196097', '王子怡', '初一、一班', '英语', null, '1346713330594394113', '1334845699547394049', '101');
INSERT INTO `dl_course_table` VALUES ('1363848585423982593', '5', '2', '1363847113953009666', '1360520275386908673', '1347029956531355649', '1347031177472278530', '1338824742352113665', '梅超风', '初一、一班', '历史', null, '1346713330594394113', '1334845699547394049', '101');
INSERT INTO `dl_course_table` VALUES ('1363848585423982594', '6', '2', '1363847114007535618', '1360520275386908673', '1347029691988213762', '1347031233332019202', '1338824742352113665', '谢娜', '初一、二班', '历史', null, '1346713330594394113', '1334852194771042305', '104');
INSERT INTO `dl_course_table` VALUES ('1363848585423982595', '1', '3', '1363847113940426754', '1360520275386908673', '1347029907218923522', '1347031177472278530', '1338824559677591553', '张信哲', '初一、一班', '数学', null, '1346713330594394113', '1334845699547394049', '101');
INSERT INTO `dl_course_table` VALUES ('1363848585423982596', '3', '2', '1363847113990758402', '1360520275386908673', '1341347778094989313', '1347031233332019202', '1338824539414908930', '王五', '初一、二班', '语文', null, '1346713330594394113', '1334852194771042305', '104');
INSERT INTO `dl_course_table` VALUES ('1363848585423982597', '5', '4', '1363847113982369794', '1360520275386908673', '1347029397187362817', '1347031319973756930', '1338824795191955458', '张晋', '初一、三班', '地理', null, '1346713330594394113', '1334852194771042305', '104');
INSERT INTO `dl_course_table` VALUES ('1363848585444954114', '4', '1', '1363847113885900802', '1360520275386908673', '1361664821860642817', '1335503230873747457', '1338841607535251457', '阳顶天', '初二、一班', '生物', null, '1346713330594394113', '1334852133605507074', '103');
INSERT INTO `dl_course_table` VALUES ('1363848585444954115', '1', '4', '1363847113965592579', '1360520275386908673', '1361663469436678145', '1347031319973756930', '1338824601352196097', '赵文卓', '初一、三班', '英语', null, '1346713330594394113', '1334852194771042305', '104');
INSERT INTO `dl_course_table` VALUES ('1363848585444954116', '1', '4', '1363847113885900802', '1360520275386908673', '1361664821860642817', '1335503230873747457', '1338841607535251457', '阳顶天', '初二、一班', '生物', null, '1346713330594394113', '1334852133605507074', '103');
INSERT INTO `dl_course_table` VALUES ('1363848585457537026', '6', '4', '1363847114091421699', '1360520275386908673', '1361659221915348994', '1335503230873747457', '1361625721849917442', '甄子丹', '初二、一班', '体育', null, '1346713330594394113', '1334852133605507074', '103');
INSERT INTO `dl_course_table` VALUES ('1363848585457537027', '5', '5', '1363847113923649537', '1360520275386908673', '1341347517557407746', '1347030568522252289', '1338824013189140482', '李四', '小三、二班', '数学', null, '1346713330594394113', '1334881724013473793', '105');
INSERT INTO `dl_course_table` VALUES ('1363848585457537028', '6', '1', '1363847113923649537', '1360520275386908673', '1341347517557407746', '1347030568522252289', '1338824013189140482', '李四', '小三、二班', '数学', null, '1346713330594394113', '1334881724013473793', '105');
INSERT INTO `dl_course_table` VALUES ('1363848585457537029', '3', '5', '1363847113957203970', '1360520275386908673', '1361666154869174273', '1347031319973756930', '1338824539414908930', '张靓颖', '初一、三班', '语文', null, '1346713330594394113', '1334852194771042305', '104');
INSERT INTO `dl_course_table` VALUES ('1363848585457537030', '4', '2', '1363847113990758402', '1360520275386908673', '1341347778094989313', '1347031233332019202', '1338824539414908930', '王五', '初一、二班', '语文', null, '1346713330594394113', '1334852194771042305', '104');
INSERT INTO `dl_course_table` VALUES ('1363848585457537031', '5', '5', '1363847114083033090', '1360520275386908673', '1361665323801391105', '1335503230873747457', '1338841668600123393', '马汉', '初二、一班', '地理', null, '1346713330594394113', '1334852133605507074', '103');
INSERT INTO `dl_course_table` VALUES ('1363848585457537032', '7', '1', '1363847114032701442', '1360520275386908673', '1347029461406351361', '1335576061456248833', '1361615057689391105', '张韶涵', '小三、一班', '计算机', null, '1346713330594394113', '1334845699547394049', '101');
INSERT INTO `dl_course_table` VALUES ('1363848585457537033', '5', '2', '1363847114045284354', '1360520275386908673', '1361663636822962178', '1347030568522252289', '1361615009664610306', '赵英俊', '小三、二班', '音乐', null, '1346713330594394113', '1334881724013473793', '105');
INSERT INTO `dl_course_table` VALUES ('1363848585457537034', '3', '3', '1363847113873317890', '1360520275386908673', '1347029758249828353', '1335503230873747457', '1338841469836251137', '张杰', '初二、一班', '数学', null, '1346713330594394113', '1334852133605507074', '103');
INSERT INTO `dl_course_table` VALUES ('1363848585457537035', '5', '2', '1363847114007535617', '1360520275386908673', '1347029907218923522', '1347031233332019202', '1338824659099373569', '张信哲', '初一、二班', '物理', null, '1346713330594394113', '1334852194771042305', '104');
INSERT INTO `dl_course_table` VALUES ('1363848585457537036', '2', '5', '1363847113990758403', '1360520275386908673', '1361666331373875201', '1347031233332019202', '1338824559677591553', '李宇春', '初一、二班', '数学', null, '1346713330594394113', '1334852194771042305', '104');
INSERT INTO `dl_course_table` VALUES ('1363848585457537037', '6', '5', '1363847114062061570', '1360520275386908673', '1361665323801391105', '1347031177472278530', '1361625078020059138', '马汉', '初一、一班', '体育', null, '1346713330594394113', '1334845699547394049', '101');
INSERT INTO `dl_course_table` VALUES ('1363848585457537038', '6', '4', '1363847114062061570', '1360520275386908673', '1361665323801391105', '1347031177472278530', '1361625078020059138', '马汉', '初一、一班', '体育', null, '1346713330594394113', '1334845699547394049', '101');
INSERT INTO `dl_course_table` VALUES ('1363848585457537039', '4', '2', '1363847113915260930', '1360520275386908673', '1347029758249828353', '1347030568522252289', '1338823976392511490', '张杰', '小三、二班', '语文', null, '1346713330594394113', '1334881724013473793', '105');
INSERT INTO `dl_course_table` VALUES ('1363848585457537040', '1', '3', '1363847114015924227', '1360520275386908673', '1361659512253460482', '1347030944008929281', '1338824257226330114', '谢霆锋', '小五、一班', '数学', null, '1346713330594394113', '1334852194771042305', '104');
INSERT INTO `dl_course_table` VALUES ('1363848585516257281', '3', '3', '1363847113990758402', '1360520275386908673', '1341347778094989313', '1347031233332019202', '1338824539414908930', '王五', '初一、二班', '语文', null, '1346713330594394113', '1334852194771042305', '104');
INSERT INTO `dl_course_table` VALUES ('1363848585516257282', '4', '2', '1363847113940426754', '1360520275386908673', '1347029907218923522', '1347031177472278530', '1338824559677591553', '张信哲', '初一、一班', '数学', null, '1346713330594394113', '1334845699547394049', '101');
INSERT INTO `dl_course_table` VALUES ('1363848585516257283', '4', '3', '1363847113873317890', '1360520275386908673', '1347029758249828353', '1335503230873747457', '1338841469836251137', '张杰', '初二、一班', '数学', null, '1346713330594394113', '1334852133605507074', '103');
INSERT INTO `dl_course_table` VALUES ('1363848585524645890', '3', '4', '1363847113990758402', '1360520275386908673', '1341347778094989313', '1347031233332019202', '1338824539414908930', '王五', '初一、二班', '语文', null, '1346713330594394113', '1334852194771042305', '104');
INSERT INTO `dl_course_table` VALUES ('1363848585524645891', '2', '2', '1363847113915260930', '1360520275386908673', '1347029758249828353', '1347030568522252289', '1338823976392511490', '张杰', '小三、二班', '语文', null, '1346713330594394113', '1334881724013473793', '105');
INSERT INTO `dl_course_table` VALUES ('1363848585524645892', '6', '4', '1363847114041090049', '1360520275386908673', '1361665952867299329', '1347030568522252289', '1361614952257171457', '张翠山', '小三、二班', '体育', null, '1346713330594394113', '1334881724013473793', '105');
INSERT INTO `dl_course_table` VALUES ('1363848585524645893', '7', '1', '1363847114045284355', '1360520275386908673', '1347029691988213762', '1347030568522252289', '1361615057689391105', '谢娜', '小三、二班', '计算机', null, '1346713330594394113', '1334881724013473793', '105');
INSERT INTO `dl_course_table` VALUES ('1363848585524645894', '5', '3', '1363847114074644483', '1360520275386908673', '1361665450431623169', '1347031233332019202', '1361625078020059138', '展昭', '初一、二班', '体育', null, '1346713330594394113', '1334852194771042305', '104');
INSERT INTO `dl_course_table` VALUES ('1363848585524645895', '5', '5', '1363847114007535617', '1360520275386908673', '1347029907218923522', '1347031233332019202', '1338824659099373569', '张信哲', '初一、二班', '物理', null, '1346713330594394113', '1334852194771042305', '104');
INSERT INTO `dl_course_table` VALUES ('1363848585549811714', '2', '2', '1363847113990758403', '1360520275386908673', '1361666331373875201', '1347031233332019202', '1338824559677591553', '李宇春', '初一、二班', '数学', null, '1346713330594394113', '1334852194771042305', '104');
INSERT INTO `dl_course_table` VALUES ('1363848585554006018', '3', '2', '1363847113940426755', '1360520275386908673', '1361666523825319938', '1347031177472278530', '1338824601352196097', '王子怡', '初一、一班', '英语', null, '1346713330594394113', '1334845699547394049', '101');
INSERT INTO `dl_course_table` VALUES ('1363848585554006019', '6', '5', '1363847114015924226', '1360520275386908673', '2', '1347031233332019202', '1338824795191955458', '张三', '初一、二班', '地理', null, '1346713330594394113', '1334852194771042305', '104');
INSERT INTO `dl_course_table` VALUES ('1363848585554006020', '6', '2', '1363847113906872321', '1360520275386908673', '1347029303025238018', '1335576061456248833', '1338824013189140482', '周冬雨', '小三、一班', '数学', null, '1346713330594394113', '1334845699547394049', '101');
INSERT INTO `dl_course_table` VALUES ('1363848585554006021', '1', '2', '1363847113890095105', '1360520275386908673', '1361666112917745666', '1335503230873747457', '1338841639579734018', '赵丽颖', '初二、一班', '历史', null, '1346713330594394113', '1334852133605507074', '103');
INSERT INTO `dl_course_table` VALUES ('1363848585554006022', '6', '1', '1363847114091421698', '1360520275386908673', '1347029461406351361', '1335503230873747457', '1338841694613196802', '张韶涵', '初二、一班', '政治', null, '1346713330594394113', '1334852133605507074', '103');
INSERT INTO `dl_course_table` VALUES ('1363848585574977538', '1', '2', '1363847113898483713', '1360520275386908673', '1361665760709455874', '1335576061456248833', '1338823976392511490', '洪七公', '小三、一班', '语文', null, '1346713330594394113', '1334845699547394049', '101');
INSERT INTO `dl_course_table` VALUES ('1363848585574977539', '2', '5', '1363847113906872321', '1360520275386908673', '1347029303025238018', '1335576061456248833', '1338824013189140482', '周冬雨', '小三、一班', '数学', null, '1346713330594394113', '1334845699547394049', '101');
INSERT INTO `dl_course_table` VALUES ('1363848585574977540', '7', '4', '1363847113923649537', '1360520275386908673', '1341347517557407746', '1347030568522252289', '1338824013189140482', '李四', '小三、二班', '数学', null, '1346713330594394113', '1334881724013473793', '105');
INSERT INTO `dl_course_table` VALUES ('1363848585574977541', '3', '1', '1363847113940426755', '1360520275386908673', '1361666523825319938', '1347031177472278530', '1338824601352196097', '王子怡', '初一、一班', '英语', null, '1346713330594394113', '1334845699547394049', '101');
INSERT INTO `dl_course_table` VALUES ('1363848585591754754', '1', '2', '1363847113948815361', '1360520275386908673', '1361664821860642817', '1347031177472278530', '1338824659099373569', '阳顶天', '初一、一班', '物理', null, '1346713330594394113', '1334845699547394049', '101');
INSERT INTO `dl_course_table` VALUES ('1363848585591754755', '5', '3', '1363847113982369794', '1360520275386908673', '1347029397187362817', '1347031319973756930', '1338824795191955458', '张晋', '初一、三班', '地理', null, '1346713330594394113', '1334852194771042305', '104');
INSERT INTO `dl_course_table` VALUES ('1363848585591754756', '7', '2', '1363847113957203969', '1360520275386908673', '1347029691988213762', '1347031177472278530', '1338824795191955458', '谢娜', '初一、一班', '地理', null, '1346713330594394113', '1334845699547394049', '101');
INSERT INTO `dl_course_table` VALUES ('1363848585591754757', '3', '1', '1363847113965592579', '1360520275386908673', '1361663469436678145', '1347031319973756930', '1338824601352196097', '赵文卓', '初一、三班', '英语', null, '1346713330594394113', '1334852194771042305', '104');
INSERT INTO `dl_course_table` VALUES ('1363848585604337666', '2', '4', '1363847114015924227', '1360520275386908673', '1361659512253460482', '1347030944008929281', '1338824257226330114', '谢霆锋', '小五、一班', '数学', null, '1346713330594394113', '1334852194771042305', '104');
INSERT INTO `dl_course_table` VALUES ('1363848585604337667', '1', '2', '1363847113957203970', '1360520275386908673', '1361666154869174273', '1347031319973756930', '1338824539414908930', '张靓颖', '初一、三班', '语文', null, '1346713330594394113', '1334852194771042305', '104');
INSERT INTO `dl_course_table` VALUES ('1363848585604337668', '7', '3', '1363847113953009666', '1360520275386908673', '1347029956531355649', '1347031177472278530', '1338824742352113665', '梅超风', '初一、一班', '历史', null, '1346713330594394113', '1334845699547394049', '101');
INSERT INTO `dl_course_table` VALUES ('1363848585612726273', '3', '2', '1363847113923649537', '1360520275386908673', '1341347517557407746', '1347030568522252289', '1338824013189140482', '李四', '小三、二班', '数学', null, '1346713330594394113', '1334881724013473793', '105');
INSERT INTO `dl_course_table` VALUES ('1363848585621114882', '1', '5', '1363847113940426754', '1360520275386908673', '1347029907218923522', '1347031177472278530', '1338824559677591553', '张信哲', '初一、一班', '数学', null, '1346713330594394113', '1334845699547394049', '101');
INSERT INTO `dl_course_table` VALUES ('1363848585621114883', '1', '5', '1363847113957203970', '1360520275386908673', '1361666154869174273', '1347031319973756930', '1338824539414908930', '张靓颖', '初一、三班', '语文', null, '1346713330594394113', '1334852194771042305', '104');
INSERT INTO `dl_course_table` VALUES ('1363848585621114884', '2', '2', '1363847113957203970', '1360520275386908673', '1361666154869174273', '1347031319973756930', '1338824539414908930', '张靓颖', '初一、三班', '语文', null, '1346713330594394113', '1334852194771042305', '104');
INSERT INTO `dl_course_table` VALUES ('1363848585637892097', '3', '1', '1363847113999147009', '1360520275386908673', '1361666422490935298', '1347031233332019202', '1338824601352196097', '何洁', '初一、二班', '英语', null, '1346713330594394113', '1334852194771042305', '104');
INSERT INTO `dl_course_table` VALUES ('1363848585646280706', '5', '2', '1363847113973981186', '1360520275386908673', '1347029691988213762', '1347031319973756930', '1338824742352113665', '谢娜', '初一、三班', '历史', null, '1346713330594394113', '1334852194771042305', '104');
INSERT INTO `dl_course_table` VALUES ('1363848585646280707', '1', '2', '1363847113915260930', '1360520275386908673', '1347029758249828353', '1347030568522252289', '1338823976392511490', '张杰', '小三、二班', '语文', null, '1346713330594394113', '1334881724013473793', '105');
INSERT INTO `dl_course_table` VALUES ('1363848585654669314', '6', '2', '1363847114083033090', '1360520275386908673', '1361665323801391105', '1335503230873747457', '1338841668600123393', '马汉', '初二、一班', '地理', null, '1346713330594394113', '1334852133605507074', '103');
INSERT INTO `dl_course_table` VALUES ('1363848585654669315', '2', '3', '1363847113864929282', '1360520275386908673', '1361663771472703489', '1335503230873747457', '1338841438093758466', '周润发', '初二、一班', '语文', null, '1346713330594394113', '1334852133605507074', '103');
INSERT INTO `dl_course_table` VALUES ('1363848585658863618', '4', '4', '1363847113877512194', '1360520275386908673', '1361666022236893186', '1335503230873747457', '1338841561876058114', '张三丰', '初二、一班', '物理', null, '1346713330594394113', '1334852133605507074', '103');
INSERT INTO `dl_course_table` VALUES ('1363848585658863619', '1', '5', '1363847113873317890', '1360520275386908673', '1347029758249828353', '1335503230873747457', '1338841469836251137', '张杰', '初二、一班', '数学', null, '1346713330594394113', '1334852133605507074', '103');
INSERT INTO `dl_course_table` VALUES ('1363848585667252225', '2', '5', '1363847113864929282', '1360520275386908673', '1361663771472703489', '1335503230873747457', '1338841438093758466', '周润发', '初二、一班', '语文', null, '1346713330594394113', '1334852133605507074', '103');
INSERT INTO `dl_course_table` VALUES ('1363848585667252226', '3', '5', '1363847113898483713', '1360520275386908673', '1361665760709455874', '1335576061456248833', '1338823976392511490', '洪七公', '小三、一班', '语文', null, '1346713330594394113', '1334845699547394049', '101');
INSERT INTO `dl_course_table` VALUES ('1363848585667252227', '1', '4', '1363847113990758403', '1360520275386908673', '1361666331373875201', '1347031233332019202', '1338824559677591553', '李宇春', '初一、二班', '数学', null, '1346713330594394113', '1334852194771042305', '104');
INSERT INTO `dl_course_table` VALUES ('1363848585675640833', '3', '5', '1363847114015924227', '1360520275386908673', '1361659512253460482', '1347030944008929281', '1338824257226330114', '谢霆锋', '小五、一班', '数学', null, '1346713330594394113', '1334852194771042305', '104');
INSERT INTO `dl_course_table` VALUES ('1363848585675640834', '4', '1', '1363847114007535618', '1360520275386908673', '1347029691988213762', '1347031233332019202', '1338824742352113665', '谢娜', '初一、二班', '历史', null, '1346713330594394113', '1334852194771042305', '104');
INSERT INTO `dl_course_table` VALUES ('1363848585675640835', '4', '5', '1363847113915260930', '1360520275386908673', '1347029758249828353', '1347030568522252289', '1338823976392511490', '张杰', '小三、二班', '语文', null, '1346713330594394113', '1334881724013473793', '105');
INSERT INTO `dl_course_table` VALUES ('1363848585688223745', '6', '3', '1363847114074644482', '1360520275386908673', '1361664933613678594', '1347031319973756930', '1361625078020059138', '姜子牙', '初一、三班', '体育', null, '1346713330594394113', '1334852194771042305', '104');
INSERT INTO `dl_course_table` VALUES ('1374331655935545346', '4', '1', '1374331369967898625', '1373960129663000577', '1361663636822962178', '1347030377794666498', '1338801366921289730', '梁金梅', '小一、二班', '数学', null, '1360518975966326786', '1334845699547394049', '一年级二班');
INSERT INTO `dl_course_table` VALUES ('1374331655943933954', '2', '4', '1374331369938538497', '1373960129663000577', '1361663771472703489', '1347030377794666498', '1338691977994379265', '陈雪莲', '小一、二班', '语文', null, '1360518975966326786', '1334845699547394049', '一年级二班');
INSERT INTO `dl_course_table` VALUES ('1374331655952322561', '1', '1', '1374331369665908737', '1373960129663000577', '1361663771472703489', '1347030313466626050', '1338691977994379265', '陈雪莲', '小一、一班', '语文', null, '1360518975966326786', '1334848602098069506', '一年级一班');
INSERT INTO `dl_course_table` VALUES ('1374331655956516865', '2', '1', '1374331369825292290', '1373960129663000577', '1361659512253460482', '1366386269749043202', '1338801366921289730', '张峻榕', '小一、三班', '数学', null, '1360518975966326786', '1334852133605507074', '一年级三班');
INSERT INTO `dl_course_table` VALUES ('1374331655956516866', '7', '2', '1374331370035007489', '1373960129663000577', '1361663636822962178', '1347030377794666498', '1372862475314999298', '梁金梅', '小一、二班', '心理与健康教育', null, '1360518975966326786', '1334845699547394049', '一年级二班');
INSERT INTO `dl_course_table` VALUES ('1374331655969099778', '4', '3', '1374331369703657473', '1373960129663000577', '1361663636822962178', '1347030313466626050', '1338801366921289730', '梁金梅', '小一、一班', '数学', null, '1360518975966326786', '1334848602098069506', '一年级一班');
INSERT INTO `dl_course_table` VALUES ('1374331655977488385', '5', '4', '1374331369930149890', '1373960129663000577', '1361659512253460482', '1366386269749043202', '1361614459174793218', '张峻榕', '小一、三班', '生命生活与安全', null, '1360518975966326786', '1334852133605507074', '一年级三班');
INSERT INTO `dl_course_table` VALUES ('1374331655977488386', '4', '5', '1374331369938538497', '1373960129663000577', '1361663771472703489', '1347030377794666498', '1338691977994379265', '陈雪莲', '小一、二班', '语文', null, '1360518975966326786', '1334845699547394049', '一年级二班');
INSERT INTO `dl_course_table` VALUES ('1374331655985876993', '7', '4', '1374331370014035970', '1373960129663000577', '1366382068172120066', '1347030377794666498', '1372863675947102210', '黄鹏', '小一、二班', '英语', null, '1360518975966326786', '1334845699547394049', '一年级二班');
INSERT INTO `dl_course_table` VALUES ('1374331655985876994', '1', '1', '1374331369825292289', '1373960129663000577', '1361663469436678145', '1366386269749043202', '1338691977994379265', '罗娜', '小一、三班', '语文', null, '1360518975966326786', '1334852133605507074', '一年级三班');
INSERT INTO `dl_course_table` VALUES ('1374331655994265602', '6', '4', '1374331369980481538', '1373960129663000577', '1366382171683348481', '1347030377794666498', '1372869009428262913', '肖璐', '小一、二班', '习字', null, '1360518975966326786', '1334845699547394049', '一年级二班');
INSERT INTO `dl_course_table` VALUES ('1374331655994265603', '1', '5', '1374331369951121409', '1373960129663000577', '1361663771472703489', '1347030377794666498', '1372863047573254145', '陈雪莲', '小一、二班', '品德与生活', null, '1360518975966326786', '1334845699547394049', '一年级二班');
INSERT INTO `dl_course_table` VALUES ('1374331656002654209', '2', '1', '1374331369703657473', '1373960129663000577', '1361663636822962178', '1347030313466626050', '1338801366921289730', '梁金梅', '小一、一班', '数学', null, '1360518975966326786', '1334848602098069506', '一年级一班');
INSERT INTO `dl_course_table` VALUES ('1374331656002654210', '2', '5', '1374331369665908737', '1373960129663000577', '1361663771472703489', '1347030313466626050', '1338691977994379265', '陈雪莲', '小一、一班', '语文', null, '1360518975966326786', '1334848602098069506', '一年级一班');
INSERT INTO `dl_course_table` VALUES ('1374331656011042817', '7', '2', '1374331369745600514', '1373960129663000577', '1361663771472703489', '1347030313466626050', '1361614459174793218', '陈雪莲', '小一、一班', '生命生活与安全', null, '1360518975966326786', '1334848602098069506', '一年级一班');
INSERT INTO `dl_course_table` VALUES ('1374331656011042818', '5', '3', '1374331369909178369', '1373960129663000577', '1361659512253460482', '1366386269749043202', '1372863047573254145', '张峻榕', '小一、三班', '品德与生活', null, '1360518975966326786', '1334852133605507074', '一年级三班');
INSERT INTO `dl_course_table` VALUES ('1374331656019431425', '2', '3', '1374331369967898626', '1373960129663000577', '1366382274997444610', '1347030377794666498', '1361614365083971586', '李朝政', '小一、二班', '体育', null, '1360518975966326786', '1334845699547394049', '一年级二班');
INSERT INTO `dl_course_table` VALUES ('1374331656019431426', '5', '4', '1374331369997258753', '1373960129663000577', '1373945549079502849', '1347030377794666498', '1361614514518634498', '肖征翠', '小一、二班', '美术', null, '1360518975966326786', '1334845699547394049', '一年级二班');
INSERT INTO `dl_course_table` VALUES ('1374331656019431427', '1', '5', '1374331369703657473', '1373960129663000577', '1361663636822962178', '1347030313466626050', '1338801366921289730', '梁金梅', '小一、一班', '数学', null, '1360518975966326786', '1334848602098069506', '一年级一班');
INSERT INTO `dl_course_table` VALUES ('1374331656027820034', '1', '4', '1374331369959510018', '1373960129663000577', '1366382171683348481', '1347030377794666498', '1361614407127674882', '肖璐', '小一、二班', '音乐', null, '1360518975966326786', '1334845699547394049', '一年级二班');
INSERT INTO `dl_course_table` VALUES ('1374331656032014338', '6', '3', '1374331370018230274', '1373960129663000577', '1347029568935723009', '1347030377794666498', '1372862354946863106', '陈蕾伊', '小一、二班', '阅读与写作', null, '1360518975966326786', '1334845699547394049', '一年级二班');
INSERT INTO `dl_course_table` VALUES ('1374331656032014339', '5', '3', '1374331369988870145', '1373960129663000577', '1361663636822962178', '1347030377794666498', '1361614488165822466', '梁金梅', '小一、二班', '国学经典', null, '1360518975966326786', '1334845699547394049', '一年级二班');
INSERT INTO `dl_course_table` VALUES ('1374331656032014340', '6', '4', '1374331369770766337', '1373960129663000577', '1373945549079502849', '1347030313466626050', '1361614514518634498', '肖征翠', '小一、一班', '美术', null, '1360518975966326786', '1334848602098069506', '一年级一班');
INSERT INTO `dl_course_table` VALUES ('1374331656040402946', '7', '5', '1374331370026618881', '1373960129663000577', '1361663636822962178', '1347030377794666498', '1372866295709380610', '梁金梅', '小一、二班', '班队课', null, '1360518975966326786', '1334845699547394049', '一年级二班');
INSERT INTO `dl_course_table` VALUES ('1374331656040402947', '7', '5', '1374331369909178369', '1373960129663000577', '1361659512253460482', '1366386269749043202', '1372863047573254145', '张峻榕', '小一、三班', '品德与生活', null, '1360518975966326786', '1334852133605507074', '一年级三班');
INSERT INTO `dl_course_table` VALUES ('1374331656040402948', '4', '3', '1374331369825292290', '1373960129663000577', '1361659512253460482', '1366386269749043202', '1338801366921289730', '张峻榕', '小一、三班', '数学', null, '1360518975966326786', '1334852133605507074', '一年级三班');
INSERT INTO `dl_course_table` VALUES ('1374331656048791554', '1', '1', '1374331369967898625', '1373960129663000577', '1361663636822962178', '1347030377794666498', '1338801366921289730', '梁金梅', '小一、二班', '数学', null, '1360518975966326786', '1334845699547394049', '一年级二班');
INSERT INTO `dl_course_table` VALUES ('1374331656048791555', '6', '3', '1374331369787543553', '1373960129663000577', '1361659512253460482', '1347030313466626050', '1373946729859964929', '张峻榕', '小一、一班', '综合实践', null, '1360518975966326786', '1334848602098069506', '一年级一班');
INSERT INTO `dl_course_table` VALUES ('1374331656057180161', '2', '1', '1374331369938538497', '1373960129663000577', '1361663771472703489', '1347030377794666498', '1338691977994379265', '陈雪莲', '小一、二班', '语文', null, '1360518975966326786', '1334845699547394049', '一年级二班');
INSERT INTO `dl_course_table` VALUES ('1374331656057180162', '4', '5', '1374331369833680897', '1373960129663000577', '1361663469436678145', '1366386269749043202', '1372863675947102210', '罗娜', '小一、三班', '英语', null, '1360518975966326786', '1334852133605507074', '一年级三班');
INSERT INTO `dl_course_table` VALUES ('1374331656065568770', '3', '4', '1374331369825292289', '1373960129663000577', '1361663469436678145', '1366386269749043202', '1338691977994379265', '罗娜', '小一、三班', '语文', null, '1360518975966326786', '1334852133605507074', '一年级三班');
INSERT INTO `dl_course_table` VALUES ('1374331656073957377', '7', '4', '1374331369753989121', '1373960129663000577', '1361663636822962178', '1347030313466626050', '1372863047573254145', '梁金梅', '小一、一班', '品德与生活', null, '1360518975966326786', '1334848602098069506', '一年级一班');
INSERT INTO `dl_course_table` VALUES ('1374331656073957378', '7', '3', '1374331369900789762', '1373960129663000577', '1361659512253460482', '1366386269749043202', '1361614488165822466', '张峻榕', '小一、三班', '国学经典', null, '1360518975966326786', '1334852133605507074', '一年级三班');
INSERT INTO `dl_course_table` VALUES ('1374331656082345985', '2', '4', '1374331369703657473', '1373960129663000577', '1361663636822962178', '1347030313466626050', '1338801366921289730', '梁金梅', '小一、一班', '数学', null, '1360518975966326786', '1334848602098069506', '一年级一班');
INSERT INTO `dl_course_table` VALUES ('1374331656086540290', '4', '2', '1374331369825292290', '1373960129663000577', '1361659512253460482', '1366386269749043202', '1338801366921289730', '张峻榕', '小一、三班', '数学', null, '1360518975966326786', '1334852133605507074', '一年级三班');
INSERT INTO `dl_course_table` VALUES ('1374331656086540291', '4', '5', '1374331369712046082', '1373960129663000577', '1366382274997444610', '1347030313466626050', '1361614365083971586', '李朝政', '小一、一班', '体育', null, '1360518975966326786', '1334848602098069506', '一年级一班');
INSERT INTO `dl_course_table` VALUES ('1374331656086540292', '7', '3', '1374331369812709378', '1373960129663000577', '1366382068172120066', '1347030313466626050', '1372863675947102210', '黄鹏', '小一、一班', '英语', null, '1360518975966326786', '1334848602098069506', '一年级一班');
INSERT INTO `dl_course_table` VALUES ('1374331656090734593', '4', '2', '1374331369967898625', '1373960129663000577', '1361663636822962178', '1347030377794666498', '1338801366921289730', '梁金梅', '小一、二班', '数学', null, '1360518975966326786', '1334845699547394049', '一年级二班');
INSERT INTO `dl_course_table` VALUES ('1374331656090734594', '5', '5', '1374331369745600514', '1373960129663000577', '1361663771472703489', '1347030313466626050', '1361614459174793218', '陈雪莲', '小一、一班', '生命生活与安全', null, '1360518975966326786', '1334848602098069506', '一年级一班');
INSERT INTO `dl_course_table` VALUES ('1374331656099123201', '2', '2', '1374331369938538497', '1373960129663000577', '1361663771472703489', '1347030377794666498', '1338691977994379265', '陈雪莲', '小一、二班', '语文', null, '1360518975966326786', '1334845699547394049', '一年级二班');
INSERT INTO `dl_course_table` VALUES ('1374331656099123202', '3', '1', '1374331369720434690', '1373960129663000577', '1366382171683348481', '1347030313466626050', '1361614407127674882', '肖璐', '小一、一班', '音乐', null, '1360518975966326786', '1334848602098069506', '一年级一班');
INSERT INTO `dl_course_table` VALUES ('1374331656107511810', '4', '1', '1374331369825292290', '1373960129663000577', '1361659512253460482', '1366386269749043202', '1338801366921289730', '张峻榕', '小一、三班', '数学', null, '1360518975966326786', '1334852133605507074', '一年级三班');
INSERT INTO `dl_course_table` VALUES ('1374331656111706114', '4', '4', '1374331369854652418', '1373960129663000577', '1366382171683348481', '1366386269749043202', '1361614407127674882', '肖璐', '小一、三班', '音乐', null, '1360518975966326786', '1334852133605507074', '一年级三班');
INSERT INTO `dl_course_table` VALUES ('1374331656111706115', '5', '2', '1374331369930149890', '1373960129663000577', '1361659512253460482', '1366386269749043202', '1361614459174793218', '张峻榕', '小一、三班', '生命生活与安全', null, '1360518975966326786', '1334852133605507074', '一年级三班');
INSERT INTO `dl_course_table` VALUES ('1374331656120094721', '3', '3', '1374331369825292289', '1373960129663000577', '1361663469436678145', '1366386269749043202', '1338691977994379265', '罗娜', '小一、三班', '语文', null, '1360518975966326786', '1334852133605507074', '一年级三班');
INSERT INTO `dl_course_table` VALUES ('1374331656120094722', '3', '4', '1374331369938538497', '1373960129663000577', '1361663771472703489', '1347030377794666498', '1338691977994379265', '陈雪莲', '小一、二班', '语文', null, '1360518975966326786', '1334845699547394049', '一年级二班');
INSERT INTO `dl_course_table` VALUES ('1374331656128483330', '5', '2', '1374331369770766337', '1373960129663000577', '1373945549079502849', '1347030313466626050', '1361614514518634498', '肖征翠', '小一、一班', '美术', null, '1360518975966326786', '1334848602098069506', '一年级一班');
INSERT INTO `dl_course_table` VALUES ('1374331656128483331', '2', '3', '1374331369665908737', '1373960129663000577', '1361663771472703489', '1347030313466626050', '1338691977994379265', '陈雪莲', '小一、一班', '语文', null, '1360518975966326786', '1334848602098069506', '一年级一班');
INSERT INTO `dl_course_table` VALUES ('1374331656128483332', '6', '5', '1374331369779154946', '1373960129663000577', '1366382274997444610', '1347030313466626050', '1361614433971220482', '李朝政', '小一、一班', '体育与健康', null, '1360518975966326786', '1334848602098069506', '一年级一班');
INSERT INTO `dl_course_table` VALUES ('1374331656136871937', '3', '3', '1374331369712046082', '1373960129663000577', '1366382274997444610', '1347030313466626050', '1361614365083971586', '李朝政', '小一、一班', '体育', null, '1360518975966326786', '1334848602098069506', '一年级一班');
INSERT INTO `dl_course_table` VALUES ('1374331656136871938', '6', '1', '1374331369850458114', '1373960129663000577', '1366382274997444610', '1366386269749043202', '1361614365083971586', '李朝政', '小一、三班', '体育', null, '1360518975966326786', '1334852133605507074', '一年级三班');
INSERT INTO `dl_course_table` VALUES ('1374331656145260545', '5', '2', '1374331369976287233', '1373960129663000577', '1361663636822962178', '1347030377794666498', '1361614459174793218', '梁金梅', '小一、二班', '生命生活与安全', null, '1360518975966326786', '1334845699547394049', '一年级二班');
INSERT INTO `dl_course_table` VALUES ('1374331656149454850', '6', '5', '1374331369863041025', '1373960129663000577', '1373945549079502849', '1366386269749043202', '1361614514518634498', '肖征翠', '小一、三班', '美术', null, '1360518975966326786', '1334852133605507074', '一年级三班');
INSERT INTO `dl_course_table` VALUES ('1374331656149454851', '5', '1', '1374331369967898626', '1373960129663000577', '1366382274997444610', '1347030377794666498', '1361614365083971586', '李朝政', '小一、二班', '体育', null, '1360518975966326786', '1334845699547394049', '一年级二班');
INSERT INTO `dl_course_table` VALUES ('1374331656149454852', '5', '1', '1374331369930149890', '1373960129663000577', '1361659512253460482', '1366386269749043202', '1361614459174793218', '张峻榕', '小一、三班', '生命生活与安全', null, '1360518975966326786', '1334852133605507074', '一年级三班');
INSERT INTO `dl_course_table` VALUES ('1374331656157843457', '3', '5', '1374331369665908737', '1373960129663000577', '1361663771472703489', '1347030313466626050', '1338691977994379265', '陈雪莲', '小一、一班', '语文', null, '1360518975966326786', '1334848602098069506', '一年级一班');
INSERT INTO `dl_course_table` VALUES ('1374331656157843458', '1', '3', '1374331369959510018', '1373960129663000577', '1366382171683348481', '1347030377794666498', '1361614407127674882', '肖璐', '小一、二班', '音乐', null, '1360518975966326786', '1334845699547394049', '一年级二班');
INSERT INTO `dl_course_table` VALUES ('1374331656166232065', '7', '2', '1374331369863041026', '1373960129663000577', '1361659512253460482', '1366386269749043202', '1372862475314999298', '张峻榕', '小一、三班', '心理与健康教育', null, '1360518975966326786', '1334852133605507074', '一年级三班');
INSERT INTO `dl_course_table` VALUES ('1374331656166232066', '2', '2', '1374331369753989121', '1373960129663000577', '1361663636822962178', '1347030313466626050', '1372863047573254145', '梁金梅', '小一、一班', '品德与生活', null, '1360518975966326786', '1334848602098069506', '一年级一班');
INSERT INTO `dl_course_table` VALUES ('1374331656174620674', '1', '4', '1374331369665908737', '1373960129663000577', '1361663771472703489', '1347030313466626050', '1338691977994379265', '陈雪莲', '小一、一班', '语文', null, '1360518975966326786', '1334848602098069506', '一年级一班');
INSERT INTO `dl_course_table` VALUES ('1374331656174620675', '6', '2', '1374331369896595458', '1373960129663000577', '1366382274997444610', '1366386269749043202', '1361614433971220482', '李朝政', '小一、三班', '体育与健康', null, '1360518975966326786', '1334852133605507074', '一年级三班');
INSERT INTO `dl_course_table` VALUES ('1374331656174620676', '2', '3', '1374331369825292290', '1373960129663000577', '1361659512253460482', '1366386269749043202', '1338801366921289730', '张峻榕', '小一、三班', '数学', null, '1360518975966326786', '1334852133605507074', '一年级三班');
INSERT INTO `dl_course_table` VALUES ('1374331656183009281', '1', '5', '1374331369930149891', '1373960129663000577', '1361659512253460482', '1366386269749043202', '1372866295709380610', '张峻榕', '小一、三班', '班队课', null, '1360518975966326786', '1334852133605507074', '一年级三班');
INSERT INTO `dl_course_table` VALUES ('1374331656191397889', '4', '3', '1374331369951121409', '1373960129663000577', '1361663771472703489', '1347030377794666498', '1372863047573254145', '陈雪莲', '小一、二班', '品德与生活', null, '1360518975966326786', '1334845699547394049', '一年级二班');
INSERT INTO `dl_course_table` VALUES ('1374331656195592193', '7', '1', '1374331369816903682', '1373960129663000577', '1366382068172120066', '1347030313466626050', '1372869009428262913', '黄鹏', '小一、一班', '习字', null, '1360518975966326786', '1334848602098069506', '一年级一班');
INSERT INTO `dl_course_table` VALUES ('1374331656195592194', '6', '4', '1374331369884012546', '1373960129663000577', '1361659512253460482', '1366386269749043202', '1373946729859964929', '张峻榕', '小一、三班', '综合实践', null, '1360518975966326786', '1334852133605507074', '一年级三班');
INSERT INTO `dl_course_table` VALUES ('1374331656195592195', '3', '2', '1374331369938538497', '1373960129663000577', '1361663771472703489', '1347030377794666498', '1338691977994379265', '陈雪莲', '小一、二班', '语文', null, '1360518975966326786', '1334845699547394049', '一年级二班');
INSERT INTO `dl_course_table` VALUES ('1374331656208175106', '7', '1', '1374331370005647362', '1373960129663000577', '1361659512253460482', '1347030377794666498', '1373946729859964929', '张峻榕', '小一、二班', '综合实践', null, '1360518975966326786', '1334845699547394049', '一年级二班');
INSERT INTO `dl_course_table` VALUES ('1374331656208175107', '1', '3', '1374331369850458114', '1373960129663000577', '1366382274997444610', '1366386269749043202', '1361614365083971586', '李朝政', '小一、三班', '体育', null, '1360518975966326786', '1334852133605507074', '一年级三班');
INSERT INTO `dl_course_table` VALUES ('1374331656216563714', '1', '4', '1374331369884012547', '1373960129663000577', '1361663469436678145', '1366386269749043202', '1372869009428262913', '罗娜', '小一、三班', '习字', null, '1360518975966326786', '1334852133605507074', '一年级三班');
INSERT INTO `dl_course_table` VALUES ('1374331656216563715', '2', '2', '1374331369850458114', '1373960129663000577', '1366382274997444610', '1366386269749043202', '1361614365083971586', '李朝政', '小一、三班', '体育', null, '1360518975966326786', '1334852133605507074', '一年级三班');
INSERT INTO `dl_course_table` VALUES ('1374331656224952321', '6', '1', '1374331369976287233', '1373960129663000577', '1361663636822962178', '1347030377794666498', '1361614459174793218', '梁金梅', '小一、二班', '生命生活与安全', null, '1360518975966326786', '1334845699547394049', '一年级二班');
INSERT INTO `dl_course_table` VALUES ('1374331656229146625', '7', '3', '1374331369976287233', '1373960129663000577', '1361663636822962178', '1347030377794666498', '1361614459174793218', '梁金梅', '小一、二班', '生命生活与安全', null, '1360518975966326786', '1334845699547394049', '一年级二班');
INSERT INTO `dl_course_table` VALUES ('1374331656229146626', '2', '5', '1374331369825292289', '1373960129663000577', '1361663469436678145', '1366386269749043202', '1338691977994379265', '罗娜', '小一、三班', '语文', null, '1360518975966326786', '1334852133605507074', '一年级三班');
INSERT INTO `dl_course_table` VALUES ('1374331656237535234', '3', '5', '1374331369967898625', '1373960129663000577', '1361663636822962178', '1347030377794666498', '1338801366921289730', '梁金梅', '小一、二班', '数学', null, '1360518975966326786', '1334845699547394049', '一年级二班');
INSERT INTO `dl_course_table` VALUES ('1374331656237535235', '4', '1', '1374331369665908737', '1373960129663000577', '1361663771472703489', '1347030313466626050', '1338691977994379265', '陈雪莲', '小一、一班', '语文', null, '1360518975966326786', '1334848602098069506', '一年级一班');
INSERT INTO `dl_course_table` VALUES ('1374331656245923842', '2', '5', '1374331369967898626', '1373960129663000577', '1366382274997444610', '1347030377794666498', '1361614365083971586', '李朝政', '小一、二班', '体育', null, '1360518975966326786', '1334845699547394049', '一年级二班');
INSERT INTO `dl_course_table` VALUES ('1374331656245923843', '6', '2', '1374331369795932162', '1373960129663000577', '1361663636822962178', '1347030313466626050', '1361614488165822466', '梁金梅', '小一、一班', '国学经典', null, '1360518975966326786', '1334848602098069506', '一年级一班');
INSERT INTO `dl_course_table` VALUES ('1374331656254312450', '1', '3', '1374331369825292289', '1373960129663000577', '1361663469436678145', '1366386269749043202', '1338691977994379265', '罗娜', '小一、三班', '语文', null, '1360518975966326786', '1334852133605507074', '一年级三班');
INSERT INTO `dl_course_table` VALUES ('1374331656258506754', '4', '4', '1374331369665908737', '1373960129663000577', '1361663771472703489', '1347030313466626050', '1338691977994379265', '陈雪莲', '小一、一班', '语文', null, '1360518975966326786', '1334848602098069506', '一年级一班');
INSERT INTO `dl_course_table` VALUES ('1374331656258506755', '7', '1', '1374331369871429633', '1373960129663000577', '1361663469436678145', '1366386269749043202', '1372863228913987586', '罗娜', '小一、三班', '活动', null, '1360518975966326786', '1334852133605507074', '一年级三班');
INSERT INTO `dl_course_table` VALUES ('1374331656258506756', '3', '2', '1374331369703657473', '1373960129663000577', '1361663636822962178', '1347030313466626050', '1338801366921289730', '梁金梅', '小一、一班', '数学', null, '1360518975966326786', '1334848602098069506', '一年级一班');
INSERT INTO `dl_course_table` VALUES ('1374331656271089665', '5', '4', '1374331369745600514', '1373960129663000577', '1361663771472703489', '1347030313466626050', '1361614459174793218', '陈雪莲', '小一、一班', '生命生活与安全', null, '1360518975966326786', '1334848602098069506', '一年级一班');
INSERT INTO `dl_course_table` VALUES ('1374331656279478274', '7', '5', '1374331369804320770', '1373960129663000577', '1361663771472703489', '1347030313466626050', '1372866295709380610', '陈雪莲', '小一、一班', '班队课', null, '1360518975966326786', '1334848602098069506', '一年级一班');
INSERT INTO `dl_course_table` VALUES ('1374331656279478275', '6', '2', '1374331369997258753', '1373960129663000577', '1373945549079502849', '1347030377794666498', '1361614514518634498', '肖征翠', '小一、二班', '美术', null, '1360518975966326786', '1334845699547394049', '一年级二班');
INSERT INTO `dl_course_table` VALUES ('1374331656287866882', '5', '1', '1374331369762377729', '1373960129663000577', '1361663636822962178', '1347030313466626050', '1372863228913987586', '梁金梅', '小一、一班', '活动', null, '1360518975966326786', '1334848602098069506', '一年级一班');
INSERT INTO `dl_course_table` VALUES ('1374331656287866883', '6', '1', '1374331369728823297', '1373960129663000577', '1361663771472703489', '1347030313466626050', '1372862354946863106', '陈雪莲', '小一、一班', '阅读与写作', null, '1360518975966326786', '1334848602098069506', '一年级一班');
INSERT INTO `dl_course_table` VALUES ('1374331656296255489', '1', '2', '1374331369825292289', '1373960129663000577', '1361663469436678145', '1366386269749043202', '1338691977994379265', '罗娜', '小一、三班', '语文', null, '1360518975966326786', '1334852133605507074', '一年级三班');
INSERT INTO `dl_course_table` VALUES ('1374331656296255490', '3', '1', '1374331369938538497', '1373960129663000577', '1361663771472703489', '1347030377794666498', '1338691977994379265', '陈雪莲', '小一、二班', '语文', null, '1360518975966326786', '1334845699547394049', '一年级二班');
INSERT INTO `dl_course_table` VALUES ('1374331656304644098', '4', '2', '1374331369712046082', '1373960129663000577', '1366382274997444610', '1347030313466626050', '1361614365083971586', '李朝政', '小一、一班', '体育', null, '1360518975966326786', '1334848602098069506', '一年级一班');
INSERT INTO `dl_course_table` VALUES ('1374331656304644099', '5', '3', '1374331369745600513', '1373960129663000577', '1361663771472703489', '1347030313466626050', '1372862475314999298', '陈雪莲', '小一、一班', '心理与健康教育', null, '1360518975966326786', '1334848602098069506', '一年级一班');
INSERT INTO `dl_course_table` VALUES ('1374331656313032705', '3', '5', '1374331369825292290', '1373960129663000577', '1361659512253460482', '1366386269749043202', '1338801366921289730', '张峻榕', '小一、三班', '数学', null, '1360518975966326786', '1334852133605507074', '一年级三班');
INSERT INTO `dl_course_table` VALUES ('1374331656313032706', '5', '5', '1374331370018230273', '1373960129663000577', '1366382274997444610', '1347030377794666498', '1361614433971220482', '李朝政', '小一、二班', '体育与健康', null, '1360518975966326786', '1334845699547394049', '一年级二班');
INSERT INTO `dl_course_table` VALUES ('1374331656321421313', '3', '2', '1374331369825292289', '1373960129663000577', '1361663469436678145', '1366386269749043202', '1338691977994379265', '罗娜', '小一、三班', '语文', null, '1360518975966326786', '1334852133605507074', '一年级三班');
INSERT INTO `dl_course_table` VALUES ('1374331656321421314', '1', '2', '1374331369967898625', '1373960129663000577', '1361663636822962178', '1347030377794666498', '1338801366921289730', '梁金梅', '小一、二班', '数学', null, '1360518975966326786', '1334845699547394049', '一年级二班');
INSERT INTO `dl_course_table` VALUES ('1374331656329809922', '2', '4', '1374331369854652418', '1373960129663000577', '1366382171683348481', '1366386269749043202', '1361614407127674882', '肖璐', '小一、三班', '音乐', null, '1360518975966326786', '1334852133605507074', '一年级三班');
INSERT INTO `dl_course_table` VALUES ('1374331656329809923', '3', '1', '1374331369825292289', '1373960129663000577', '1361663469436678145', '1366386269749043202', '1338691977994379265', '罗娜', '小一、三班', '语文', null, '1360518975966326786', '1334852133605507074', '一年级三班');
INSERT INTO `dl_course_table` VALUES ('1374331656338198530', '1', '2', '1374331369665908737', '1373960129663000577', '1361663771472703489', '1347030313466626050', '1338691977994379265', '陈雪莲', '小一、一班', '语文', null, '1360518975966326786', '1334848602098069506', '一年级一班');
INSERT INTO `dl_course_table` VALUES ('1374331656338198531', '3', '4', '1374331369720434690', '1373960129663000577', '1366382171683348481', '1347030313466626050', '1361614407127674882', '肖璐', '小一、一班', '音乐', null, '1360518975966326786', '1334848602098069506', '一年级一班');
INSERT INTO `dl_course_table` VALUES ('1374331656346587138', '7', '4', '1374331369863041025', '1373960129663000577', '1373945549079502849', '1366386269749043202', '1361614514518634498', '肖征翠', '小一、三班', '美术', null, '1360518975966326786', '1334852133605507074', '一年级三班');
INSERT INTO `dl_course_table` VALUES ('1374331656354975746', '4', '4', '1374331369967898625', '1373960129663000577', '1361663636822962178', '1347030377794666498', '1338801366921289730', '梁金梅', '小一、二班', '数学', null, '1360518975966326786', '1334845699547394049', '一年级二班');
INSERT INTO `dl_course_table` VALUES ('1374331656354975747', '1', '3', '1374331369703657473', '1373960129663000577', '1361663636822962178', '1347030313466626050', '1338801366921289730', '梁金梅', '小一、一班', '数学', null, '1360518975966326786', '1334848602098069506', '一年级一班');
INSERT INTO `dl_course_table` VALUES ('1374331656363364353', '5', '5', '1374331369917566977', '1373960129663000577', '1361663469436678145', '1366386269749043202', '1372862354946863106', '罗娜', '小一、三班', '阅读与写作', null, '1360518975966326786', '1334852133605507074', '一年级三班');
INSERT INTO `dl_course_table` VALUES ('1374331656363364354', '6', '5', '1374331370005647363', '1373960129663000577', '1361663636822962178', '1347030377794666498', '1372863228913987586', '梁金梅', '小一、二班', '活动', null, '1360518975966326786', '1334845699547394049', '一年级二班');
INSERT INTO `dl_course_table` VALUES ('1374331656371752962', '3', '3', '1374331369938538497', '1373960129663000577', '1361663771472703489', '1347030377794666498', '1338691977994379265', '陈雪莲', '小一、二班', '语文', null, '1360518975966326786', '1334845699547394049', '一年级二班');

-- ----------------------------
-- Table structure for `dl_course_teacher`
-- ----------------------------
DROP TABLE IF EXISTS `dl_course_teacher`;
CREATE TABLE `dl_course_teacher` (
  `ID` varchar(255) NOT NULL,
  `teacher_id` varchar(255) DEFAULT NULL,
  `course_id` varchar(255) DEFAULT NULL,
  PRIMARY KEY (`ID`)
) ENGINE=InnoDB DEFAULT CHARSET=utf8mb3;

-- ----------------------------
-- Records of dl_course_teacher
-- ----------------------------

-- ----------------------------
-- Table structure for `dl_exam_class`
-- ----------------------------
DROP TABLE IF EXISTS `dl_exam_class`;
CREATE TABLE `dl_exam_class` (
  `id` varchar(64) NOT NULL,
  `exam_id` varchar(64) DEFAULT NULL,
  `class_id` varchar(64) DEFAULT NULL,
  `remark` varchar(255) DEFAULT NULL,
  `class_name` varchar(64) DEFAULT NULL,
  PRIMARY KEY (`id`)
) ENGINE=InnoDB DEFAULT CHARSET=utf8mb3;

-- ----------------------------
-- Records of dl_exam_class
-- ----------------------------
INSERT INTO `dl_exam_class` VALUES ('1347038988692398082', '1347038973727121410', '1347030313466626050', null, '一班');
INSERT INTO `dl_exam_class` VALUES ('1347038988692398083', '1347038973727121410', '1347030377794666498', null, '二班');
INSERT INTO `dl_exam_class` VALUES ('1347165432974204929', '1347165372823691266', '1347030457700352002', null, '一班');
INSERT INTO `dl_exam_class` VALUES ('1347165432990982146', '1347165372823691266', '1347030503472791553', null, '二班');
INSERT INTO `dl_exam_class` VALUES ('1367101973771137025', '1367101960584245250', '1347030377794666498', null, '二班');
INSERT INTO `dl_exam_class` VALUES ('1367101973771137026', '1367101960584245250', '1347030313466626050', null, '一班');
INSERT INTO `dl_exam_class` VALUES ('1367101973771137027', '1367101960584245250', '1366386269749043202', null, '三班');
INSERT INTO `dl_exam_class` VALUES ('1373960583901929473', '1373960568915681282', '1347030313466626050', null, '一班');
INSERT INTO `dl_exam_class` VALUES ('1373960583901929474', '1373960568915681282', '1366386269749043202', null, '三班');
INSERT INTO `dl_exam_class` VALUES ('1373960583901929475', '1373960568915681282', '1347030377794666498', null, '二班');

-- ----------------------------
-- Table structure for `dl_exam_list`
-- ----------------------------
DROP TABLE IF EXISTS `dl_exam_list`;
CREATE TABLE `dl_exam_list` (
  `id` varchar(64) NOT NULL,
  `exam_room_id` varchar(64) DEFAULT NULL,
  `exam_plan_id` varchar(64) DEFAULT NULL,
  `course_id` varchar(64) DEFAULT NULL,
  `teacher_id` varchar(64) DEFAULT NULL,
  `exam_time` date DEFAULT NULL,
  `status` int DEFAULT NULL,
  `start_time` time DEFAULT NULL,
  `end_time` time DEFAULT NULL,
  PRIMARY KEY (`id`)
) ENGINE=InnoDB DEFAULT CHARSET=utf8mb3;

-- ----------------------------
-- Records of dl_exam_list
-- ----------------------------
INSERT INTO `dl_exam_list` VALUES ('1347042810127015938', '1347040099360874497', '1347038973727121410', '1338672065913659394', null, '2021-01-07', '1', '08:30:00', '10:00:00');
INSERT INTO `dl_exam_list` VALUES ('1347042810139598851', '1347040103018307585', '1347038973727121410', '1338672065913659394', null, '2021-01-07', '1', '08:30:00', '10:00:00');
INSERT INTO `dl_exam_list` VALUES ('1347042810156376066', '1347040106222755842', '1347038973727121410', '1338672065913659394', null, '2021-01-07', '1', '08:30:00', '10:00:00');
INSERT INTO `dl_exam_list` VALUES ('1347042810173153283', '1347040111910232066', '1347038973727121410', '1338672065913659394', null, '2021-01-07', '1', '08:30:00', '10:00:00');
INSERT INTO `dl_exam_list` VALUES ('1347042810194124801', '1347040099360874497', '1347038973727121410', '1338673554375634946', null, '2021-01-07', '1', '10:30:00', '12:00:00');
INSERT INTO `dl_exam_list` VALUES ('1347042810210902018', '1347040103018307585', '1347038973727121410', '1338673554375634946', null, '2021-01-07', '1', '10:30:00', '12:00:00');
INSERT INTO `dl_exam_list` VALUES ('1347042810227679234', '1347040106222755842', '1347038973727121410', '1338673554375634946', null, '2021-01-07', '1', '10:30:00', '12:00:00');
INSERT INTO `dl_exam_list` VALUES ('1347042810244456449', '1347040111910232066', '1347038973727121410', '1338673554375634946', null, '2021-01-07', '1', '10:30:00', '12:00:00');
INSERT INTO `dl_exam_list` VALUES ('1367101060826345473', '1367099959544721409', '1347165372823691266', '1338676228303155201', null, '2021-01-22', '1', '08:30:00', '10:00:00');
INSERT INTO `dl_exam_list` VALUES ('1367101060838928385', '1367099967421624321', '1347165372823691266', '1338676228303155201', null, '2021-01-22', '1', '08:30:00', '10:00:00');
INSERT INTO `dl_exam_list` VALUES ('1367101060851511297', '1367099959544721409', '1347165372823691266', '1338676685679423489', null, '2021-01-22', '1', '10:30:00', '12:00:00');
INSERT INTO `dl_exam_list` VALUES ('1367101060859899905', '1367099967421624321', '1347165372823691266', '1338676685679423489', null, '2021-01-22', '1', '10:30:00', '12:00:00');
INSERT INTO `dl_exam_list` VALUES ('1373961748790173697', '1373960875271839746', '1373960568915681282', '1338691977994379265', null, '2021-03-31', '1', '08:30:00', '09:30:00');
INSERT INTO `dl_exam_list` VALUES ('1373961748806950914', '1373960879227068418', '1373960568915681282', '1338691977994379265', null, '2021-03-31', '1', '08:30:00', '09:30:00');
INSERT INTO `dl_exam_list` VALUES ('1373961748815339523', '1373960881596850177', '1373960568915681282', '1338691977994379265', null, '2021-03-31', '1', '08:30:00', '09:30:00');
INSERT INTO `dl_exam_list` VALUES ('1373961748832116738', '1373960875271839746', '1373960568915681282', '1338801366921289730', null, '2021-03-31', '1', '10:00:00', '11:00:00');
INSERT INTO `dl_exam_list` VALUES ('1373961748840505345', '1373960879227068418', '1373960568915681282', '1338801366921289730', null, '2021-03-31', '1', '10:00:00', '11:00:00');
INSERT INTO `dl_exam_list` VALUES ('1373961748848893954', '1373960881596850177', '1373960568915681282', '1338801366921289730', null, '2021-03-31', '1', '10:00:00', '11:00:00');

-- ----------------------------
-- Table structure for `dl_exam_list_teacher`
-- ----------------------------
DROP TABLE IF EXISTS `dl_exam_list_teacher`;
CREATE TABLE `dl_exam_list_teacher` (
  `id` varchar(64) NOT NULL,
  `teacher_id` varchar(64) DEFAULT NULL,
  `exam_list_id` varchar(64) DEFAULT NULL COMMENT '是否试主监考1是2否',
  `main` int DEFAULT NULL,
  `teacher_name` varchar(64) DEFAULT NULL,
  PRIMARY KEY (`id`)
) ENGINE=InnoDB DEFAULT CHARSET=utf8mb3;

-- ----------------------------
-- Records of dl_exam_list_teacher
-- ----------------------------
INSERT INTO `dl_exam_list_teacher` VALUES ('1347042810131210241', '1341347664207052802', '1347042810127015938', null, '赵四');
INSERT INTO `dl_exam_list_teacher` VALUES ('1347042810139598850', '1347029907218923522', '1347042810127015938', null, 't7');
INSERT INTO `dl_exam_list_teacher` VALUES ('1347042810147987458', '1347029397187362817', '1347042810139598851', null, 't2');
INSERT INTO `dl_exam_list_teacher` VALUES ('1347042810156376065', '1347029568935723009', '1347042810139598851', null, 't4');
INSERT INTO `dl_exam_list_teacher` VALUES ('1347042810164764673', '1347029691988213762', '1347042810156376066', null, 't5');
INSERT INTO `dl_exam_list_teacher` VALUES ('1347042810173153282', '1341347778094989313', '1347042810156376066', null, '王五');
INSERT INTO `dl_exam_list_teacher` VALUES ('1347042810181541890', '1347029461406351361', '1347042810173153283', null, 't3');
INSERT INTO `dl_exam_list_teacher` VALUES ('1347042810189930498', '1347029303025238018', '1347042810173153283', null, 't1');
INSERT INTO `dl_exam_list_teacher` VALUES ('1347042810202513409', '1341347664207052802', '1347042810194124801', null, '赵四');
INSERT INTO `dl_exam_list_teacher` VALUES ('1347042810202513410', '1347029907218923522', '1347042810194124801', null, 't7');
INSERT INTO `dl_exam_list_teacher` VALUES ('1347042810219290625', '1347029397187362817', '1347042810210902018', null, 't2');
INSERT INTO `dl_exam_list_teacher` VALUES ('1347042810219290626', '1347029568935723009', '1347042810210902018', null, 't4');
INSERT INTO `dl_exam_list_teacher` VALUES ('1347042810227679235', '1347029691988213762', '1347042810227679234', null, 't5');
INSERT INTO `dl_exam_list_teacher` VALUES ('1347042810236067841', '1341347778094989313', '1347042810227679234', null, '王五');
INSERT INTO `dl_exam_list_teacher` VALUES ('1347042810252845058', '1347029461406351361', '1347042810244456449', null, 't3');
INSERT INTO `dl_exam_list_teacher` VALUES ('1347042810252845059', '1347029303025238018', '1347042810244456449', null, 't1');
INSERT INTO `dl_exam_list_teacher` VALUES ('1367101060830539777', '1366381749862195202', '1367101060826345473', null, '杨倩玉');
INSERT INTO `dl_exam_list_teacher` VALUES ('1367101060843122690', '1366382463191670786', '1367101060838928385', null, '美术老师');
INSERT INTO `dl_exam_list_teacher` VALUES ('1367101060851511298', '1366381749862195202', '1367101060851511297', null, '杨倩玉');
INSERT INTO `dl_exam_list_teacher` VALUES ('1367101060868288514', '1366382463191670786', '1367101060859899905', null, '美术老师');
INSERT INTO `dl_exam_list_teacher` VALUES ('1373961748806950913', '1366381749862195202', '1373961748790173697', null, '杨倩玉');
INSERT INTO `dl_exam_list_teacher` VALUES ('1373961748815339522', '1366382171683348481', '1373961748806950914', null, '肖璐');
INSERT INTO `dl_exam_list_teacher` VALUES ('1373961748823728130', '1366381977948446721', '1373961748815339523', null, '杨杨');
INSERT INTO `dl_exam_list_teacher` VALUES ('1373961748832116739', '1366381749862195202', '1373961748832116738', null, '杨倩玉');
INSERT INTO `dl_exam_list_teacher` VALUES ('1373961748840505346', '1366382171683348481', '1373961748840505345', null, '肖璐');
INSERT INTO `dl_exam_list_teacher` VALUES ('1373961748853088257', '1366381977948446721', '1373961748848893954', null, '杨杨');

-- ----------------------------
-- Table structure for `dl_exam_plan`
-- ----------------------------
DROP TABLE IF EXISTS `dl_exam_plan`;
CREATE TABLE `dl_exam_plan` (
  `id` varchar(64) NOT NULL,
  `name` varchar(255) DEFAULT NULL COMMENT '考试标题',
  `time_start` datetime DEFAULT NULL COMMENT '考试开始时间',
  `exam_desc` varchar(6) DEFAULT NULL COMMENT '考试描述',
  `time_end` datetime DEFAULT NULL COMMENT '考试结束时间',
  `invigilator_num` int DEFAULT NULL COMMENT '监考教师人数',
  `result_input_status` int DEFAULT NULL COMMENT '成绩录入状态 1否2是',
  `status` int DEFAULT NULL,
  `class_type` int DEFAULT NULL,
  `grade_id` varchar(64) DEFAULT NULL COMMENT '参考年级',
  `exam_type` int DEFAULT NULL COMMENT '考试类型(期末考试，期中考试，月考，周考）',
  `deleted` int DEFAULT NULL,
  `create_id` varchar(64) DEFAULT NULL,
  `update_id` varchar(64) DEFAULT NULL,
  `create_time` datetime DEFAULT NULL,
  `update_time` datetime DEFAULT NULL,
  `term_id` varchar(64) DEFAULT NULL,
  `term_name` varchar(120) DEFAULT NULL,
  PRIMARY KEY (`id`)
) ENGINE=InnoDB DEFAULT CHARSET=utf8mb3;

-- ----------------------------
-- Records of dl_exam_plan
-- ----------------------------
INSERT INTO `dl_exam_plan` VALUES ('1347038973727121410', '2020~2021年度小学一年级期末考试', '2021-01-20 00:00:00', '', '2021-01-21 00:00:00', '2', '2', '2', '1', '1335469590391369729', '1', '1', '1', '1', '2021-01-07 12:34:52', '2021-03-23 19:15:22', '1346713330594394113', '2020~2021学年度第一学期');
INSERT INTO `dl_exam_plan` VALUES ('1347165372823691266', '2020-2021年小学二年级期末考试', '2021-01-22 00:00:00', '', '2021-01-23 00:00:00', '1', '2', '1', '1', '1338008847125905409', '1', '0', '1', '1', '2021-01-07 20:57:08', '2021-03-03 21:09:20', '1346713330594394113', '2020~2021学年度第一学期');
INSERT INTO `dl_exam_plan` VALUES ('1367101960584245250', '期末考试', '2021-04-06 00:00:00', '', '2021-04-07 00:00:00', '2', '2', '1', '1', '1335469590391369729', '1', '0', '1', '1', '2021-03-03 21:18:01', '2021-03-03 21:27:54', '1360518975966326786', '2020~2021学年度第二学期');
INSERT INTO `dl_exam_plan` VALUES ('1373960568915681282', '2020-2021年第二学期一年级第一次月考', '2021-03-31 00:00:00', '', '2021-03-31 00:00:00', '1', '1', '2', '1', '1335469590391369729', '3', '1', '1', '1', '2021-03-22 19:31:41', '2021-03-23 18:58:11', '1360518975966326786', '2020~2021学年度第二学期');

-- ----------------------------
-- Table structure for `dl_exam_result`
-- ----------------------------
DROP TABLE IF EXISTS `dl_exam_result`;
CREATE TABLE `dl_exam_result` (
  `id` varchar(64) NOT NULL,
  `exam_id` varchar(64) DEFAULT NULL COMMENT '考试ID',
  `exam_title` varchar(120) DEFAULT NULL COMMENT '考试标题',
  `course_id` varchar(64) DEFAULT NULL COMMENT '课程ID',
  `course_name` varchar(32) DEFAULT NULL COMMENT '课程名称',
  `class_id` varchar(64) DEFAULT NULL COMMENT '班级ID',
  `class_name` varchar(32) DEFAULT NULL COMMENT '班级名称',
  `teacher_id` varchar(64) DEFAULT NULL COMMENT '教师ID',
  `status` int DEFAULT NULL COMMENT '状态',
  `grade_id` varchar(64) DEFAULT NULL,
  `input_status` int DEFAULT NULL COMMENT '成绩录入状态 1.表示允许录入， 2表示不允许录入',
  `exam_time` date DEFAULT NULL,
  PRIMARY KEY (`id`)
) ENGINE=InnoDB DEFAULT CHARSET=utf8mb3;

-- ----------------------------
-- Records of dl_exam_result
-- ----------------------------
INSERT INTO `dl_exam_result` VALUES ('1347153264664981506', '1347038973727121410', '2020~2021年度小学一年级期末考试', '1338672065913659394', '语文', '1347030313466626050', '一班', '1347029568935723009', '1', '1335469590391369729', '2', null);
INSERT INTO `dl_exam_result` VALUES ('1347153264673370113', '1347038973727121410', '2020~2021年度小学一年级期末考试', '1338672065913659394', '语文', '1347030377794666498', '二班', '1341347664207052802', '1', '1335469590391369729', '2', null);
INSERT INTO `dl_exam_result` VALUES ('1347153265000525826', '1347038973727121410', '2020~2021年度小学一年级期末考试', '1338673554375634946', '数学', '1347030313466626050', '一班', '1341347778094989313', '1', '1335469590391369729', '2', null);
INSERT INTO `dl_exam_result` VALUES ('1347153265017303042', '1347038973727121410', '2020~2021年度小学一年级期末考试', '1338673554375634946', '数学', '1347030377794666498', '二班', '1347029907218923522', '1', '1335469590391369729', '2', null);
INSERT INTO `dl_exam_result` VALUES ('1373983444871979009', '1373960568915681282', '2020-2021年第二学期一年级第一次月考', '1338691977994379265', '语文', '1347030313466626050', '一班', '1361663771472703489', '1', '1335469590391369729', '1', '2021-03-31');
INSERT INTO `dl_exam_result` VALUES ('1373983444892950529', '1373960568915681282', '2020-2021年第二学期一年级第一次月考', '1338691977994379265', '语文', '1366386269749043202', '三班', '1361663469436678145', '1', '1335469590391369729', '1', '2021-03-31');
INSERT INTO `dl_exam_result` VALUES ('1373983444909727746', '1373960568915681282', '2020-2021年第二学期一年级第一次月考', '1338801366921289730', '数学', '1347030377794666498', '二班', '1361663636822962178', '1', '1335469590391369729', '1', '2021-03-31');
INSERT INTO `dl_exam_result` VALUES ('1373983446063161363', '1373960568915681282', '2020-2021年第二学期一年级第一次月考', '1338801366921289730', '数学', '1347030313466626050', '一班', '1361663636822962178', '1', '1335469590391369729', '1', '2021-03-31');
INSERT INTO `dl_exam_result` VALUES ('1373983446226739201', '1373960568915681282', '2020-2021年第二学期一年级第一次月考', '1338801366921289730', '数学', '1366386269749043202', '三班', '1361659512253460482', '1', '1335469590391369729', '1', '2021-03-31');
INSERT INTO `dl_exam_result` VALUES ('1373983446226739202', '1373960568915681282', '2020-2021年第二学期一年级第一次月考', '1338691977994379265', '语文', '1347030377794666498', '二班', '1361663771472703489', '1', '1335469590391369729', '1', '2021-03-31');

-- ----------------------------
-- Table structure for `dl_exam_room`
-- ----------------------------
DROP TABLE IF EXISTS `dl_exam_room`;
CREATE TABLE `dl_exam_room` (
  `id` varchar(255) NOT NULL,
  `exam_id` varchar(255) DEFAULT NULL,
  `room_id` varchar(255) DEFAULT NULL,
  `room_name` varchar(64) DEFAULT NULL COMMENT '考场名称',
  `capacity` int DEFAULT NULL COMMENT '容纳量',
  `class_room_name` varchar(64) DEFAULT NULL,
  `chief_examiner` varchar(64) DEFAULT NULL COMMENT '主监考ID',
  `deputy_examiner` varchar(64) DEFAULT NULL COMMENT '副监考ID',
  `deputy_examiner2` varchar(64) DEFAULT NULL COMMENT '副监考ID',
  PRIMARY KEY (`id`)
) ENGINE=InnoDB DEFAULT CHARSET=utf8mb3;

-- ----------------------------
-- Records of dl_exam_room
-- ----------------------------
INSERT INTO `dl_exam_room` VALUES ('1347040099360874497', '1347038973727121410', '1334845699547394049', '第一考场', '25', '101', null, null, null);
INSERT INTO `dl_exam_room` VALUES ('1347040103018307585', '1347038973727121410', '1334848602098069506', '第二考场', '25', '102', null, null, null);
INSERT INTO `dl_exam_room` VALUES ('1347040106222755842', '1347038973727121410', '1334852133605507074', '第三考场', '25', '103', null, null, null);
INSERT INTO `dl_exam_room` VALUES ('1347040111910232066', '1347038973727121410', '1334852194771042305', '第四考场', '26', '104', null, null, null);
INSERT INTO `dl_exam_room` VALUES ('1367099959544721409', '1347165372823691266', '1334848602098069506', '一年级一班', '90', '一年级一班', null, null, null);
INSERT INTO `dl_exam_room` VALUES ('1367099967421624321', '1347165372823691266', '1334852194771042305', '二年级一班', '60', '二年级一班', null, null, null);
INSERT INTO `dl_exam_room` VALUES ('1367102766351986690', '1367101960584245250', '1334852133605507074', '一年级三班', '51', '一年级三班', null, null, null);
INSERT INTO `dl_exam_room` VALUES ('1367102770458210305', '1367101960584245250', '1334881724013473793', '二年级二班', '65', '二年级二班', null, null, null);
INSERT INTO `dl_exam_room` VALUES ('1367102779299803137', '1367101960584245250', '1334845699547394049', '一年级二班', '45', '一年级二班', null, null, null);
INSERT INTO `dl_exam_room` VALUES ('1373960875271839746', '1373960568915681282', '1334845699547394049', '02考场', '38', '一年级二班', null, null, null);
INSERT INTO `dl_exam_room` VALUES ('1373960879227068418', '1373960568915681282', '1334848602098069506', '01考场', '39', '一年级一班', null, null, null);
INSERT INTO `dl_exam_room` VALUES ('1373960881596850177', '1373960568915681282', '1334852133605507074', '03考场', '38', '一年级三班', null, null, null);

-- ----------------------------
-- Table structure for `dl_exam_score`
-- ----------------------------
DROP TABLE IF EXISTS `dl_exam_score`;
CREATE TABLE `dl_exam_score` (
  `id` varchar(64) NOT NULL,
  `student_id` varchar(64) DEFAULT NULL COMMENT '学生ID',
  `student_name` varchar(16) DEFAULT NULL COMMENT '学生姓名',
  `score` decimal(10,1) DEFAULT NULL,
  `total_score` decimal(10,0) DEFAULT NULL,
  `result_id` varchar(64) DEFAULT NULL,
  `remark` varchar(255) DEFAULT NULL,
  `exam_id` varchar(64) DEFAULT NULL,
  `course_id` varchar(64) DEFAULT NULL,
  `seat_num` int DEFAULT NULL COMMENT '座位号',
  `exam_room_name` varchar(64) DEFAULT NULL,
  `exam_room_id` varchar(64) DEFAULT NULL,
  PRIMARY KEY (`id`)
) ENGINE=InnoDB DEFAULT CHARSET=utf8mb3;

-- ----------------------------
-- Records of dl_exam_score
-- ----------------------------
INSERT INTO `dl_exam_score` VALUES ('1373983444918116353', '1371753188836577281', '杨诗雨', '100.0', '100', '1373983444909727746', null, '1373960568915681282', '1338691977994379265', '1', '02考场', '1373960875271839746');
INSERT INTO `dl_exam_score` VALUES ('1373983444939087874', '1371753188555558913', '余瑞欣', '89.0', '100', '1373983444909727746', null, '1373960568915681282', '1338691977994379265', '2', '02考场', '1373960875271839746');
INSERT INTO `dl_exam_score` VALUES ('1373983444947476481', '1371753189276979202', '祝瑞霖', '98.0', '100', '1373983444871979009', null, '1373960568915681282', '1338691977994379265', '3', '02考场', '1373960875271839746');
INSERT INTO `dl_exam_score` VALUES ('1373983444955865090', '1371753190380081154', '邱慧姈', '95.0', '100', '1373983444871979009', null, '1373960568915681282', '1338691977994379265', '4', '02考场', '1373960875271839746');
INSERT INTO `dl_exam_score` VALUES ('1373983444960059393', '1371753189973233665', '唐希妍', '100.0', '100', '1373983444871979009', null, '1373960568915681282', '1338691977994379265', '5', '02考场', '1373960875271839746');
INSERT INTO `dl_exam_score` VALUES ('1373983444976836610', '1371753189646077954', '谢永乐', '100.0', '100', '1373983444871979009', null, '1373960568915681282', '1338691977994379265', '6', '02考场', '1373960875271839746');
INSERT INTO `dl_exam_score` VALUES ('1373983444976836611', '1371753190283612162', '谢雅萱', '61.0', '100', '1373983444892950529', null, '1373960568915681282', '1338691977994379265', '7', '02考场', '1373960875271839746');
INSERT INTO `dl_exam_score` VALUES ('1373983444989419522', '1371753189734158337', '何梓瑶', '90.0', '100', '1373983444909727746', null, '1373960568915681282', '1338691977994379265', '8', '02考场', '1373960875271839746');
INSERT INTO `dl_exam_score` VALUES ('1373983444989419523', '1371753189566386177', '刘雨辰', '95.0', '100', '1373983444909727746', null, '1373960568915681282', '1338691977994379265', '9', '02考场', '1373960875271839746');
INSERT INTO `dl_exam_score` VALUES ('1373983444989419524', '1371753188979183618', '李诗涵', '95.0', '100', '1373983444871979009', null, '1373960568915681282', '1338691977994379265', '10', '02考场', '1373960875271839746');
INSERT INTO `dl_exam_score` VALUES ('1373983444989419525', '1371753189864181764', '史晗瑶', '96.0', '100', '1373983444892950529', null, '1373960568915681282', '1338691977994379265', '11', '02考场', '1373960875271839746');
INSERT INTO `dl_exam_score` VALUES ('1373983445052334082', '1371753189415391233', '陶芯雨', '95.0', '100', '1373983444909727746', null, '1373960568915681282', '1338691977994379265', '12', '02考场', '1373960875271839746');
INSERT INTO `dl_exam_score` VALUES ('1373983445052334083', '1371753188467478530', '付语蕊', '96.0', '100', '1373983444909727746', null, '1373960568915681282', '1338691977994379265', '13', '02考场', '1373960875271839746');
INSERT INTO `dl_exam_score` VALUES ('1373983445052334084', '1371753188417146882', '向阳', '96.0', '100', '1373983444909727746', null, '1373960568915681282', '1338691977994379265', '14', '02考场', '1373960875271839746');
INSERT INTO `dl_exam_score` VALUES ('1373983445115248642', '1371753190191337474', '陆馨瑶', '100.0', '100', '1373983444892950529', null, '1373960568915681282', '1338691977994379265', '15', '02考场', '1373960875271839746');
INSERT INTO `dl_exam_score` VALUES ('1373983445115248643', '1371753190447190018', '李青霞', '94.0', '100', '1373983444909727746', null, '1373960568915681282', '1338691977994379265', '16', '02考场', '1373960875271839746');
INSERT INTO `dl_exam_score` VALUES ('1373983445115248644', '1371753188907880449', '周慧祥', '99.5', '100', '1373983444892950529', null, '1373960568915681282', '1338691977994379265', '17', '02考场', '1373960875271839746');
INSERT INTO `dl_exam_score` VALUES ('1373983445224300545', '1371753190493327361', '蒋胜美', '91.0', '100', '1373983444871979009', null, '1373960568915681282', '1338691977994379265', '18', '02考场', '1373960875271839746');
INSERT INTO `dl_exam_score` VALUES ('1373983445224300546', '1371753188752691202', '殷一畅', '91.0', '100', '1373983444871979009', null, '1373960568915681282', '1338691977994379265', '19', '02考场', '1373960875271839746');
INSERT INTO `dl_exam_score` VALUES ('1373983445224300547', '1371753188282929153', '侯艺涵', '92.0', '100', '1373983444871979009', null, '1373960568915681282', '1338691977994379265', '20', '02考场', '1373960875271839746');
INSERT INTO `dl_exam_score` VALUES ('1373983445257854978', '1371753189797072897', '王浩哲', '95.0', '100', '1373983444871979009', null, '1373960568915681282', '1338691977994379265', '21', '02考场', '1373960875271839746');
INSERT INTO `dl_exam_score` VALUES ('1373983445257854979', '1371753190476550145', '傅梓滢', '93.0', '100', '1373983444871979009', null, '1373960568915681282', '1338691977994379265', '22', '02考场', '1373960875271839746');
INSERT INTO `dl_exam_score` VALUES ('1373983445257854980', '1371753190006788097', '黄辰宇', '92.0', '100', '1373983444871979009', null, '1373960568915681282', '1338691977994379265', '23', '02考场', '1373960875271839746');
INSERT INTO `dl_exam_score` VALUES ('1373983445333352449', '1371753190174560257', '卢梓航', '92.0', '100', '1373983444909727746', null, '1373960568915681282', '1338691977994379265', '24', '02考场', '1373960875271839746');
INSERT INTO `dl_exam_score` VALUES ('1373983445333352450', '1371753189373448194', '刘兴豪', '98.0', '100', '1373983444892950529', null, '1373960568915681282', '1338691977994379265', '25', '02考场', '1373960875271839746');
INSERT INTO `dl_exam_score` VALUES ('1373983445333352451', '1371753188819800065', '王子睿', '95.0', '100', '1373983444871979009', null, '1373960568915681282', '1338691977994379265', '26', '02考场', '1373960875271839746');
INSERT INTO `dl_exam_score` VALUES ('1373983445371101186', '1371753189335699457', '刘雨欣', '98.0', '100', '1373983444892950529', null, '1373960568915681282', '1338691977994379265', '27', '02考场', '1373960875271839746');
INSERT INTO `dl_exam_score` VALUES ('1373983445383684097', '1371753188937240577', '段悦熹', '90.0', '100', '1373983444909727746', null, '1373960568915681282', '1338691977994379265', '28', '02考场', '1373960875271839746');
INSERT INTO `dl_exam_score` VALUES ('1373983445383684098', '1371753189226647553', '彭琳玲', '91.0', '100', '1373983444909727746', null, '1373960568915681282', '1338691977994379265', '29', '02考场', '1373960875271839746');
INSERT INTO `dl_exam_score` VALUES ('1373983445400461314', '1371753188383592449', '黄雅培', '96.0', '100', '1373983444892950529', null, '1373960568915681282', '1338691977994379265', '30', '02考场', '1373960875271839746');
INSERT INTO `dl_exam_score` VALUES ('1373983445408849922', '1371753189499277314', '叶青青', '92.0', '100', '1373983444909727746', null, '1373960568915681282', '1338691977994379265', '31', '02考场', '1373960875271839746');
INSERT INTO `dl_exam_score` VALUES ('1373983445408849923', '1371753188882714626', '欧阳欣悦', '99.0', '100', '1373983444871979009', null, '1373960568915681282', '1338691977994379265', '32', '02考场', '1373960875271839746');
INSERT INTO `dl_exam_score` VALUES ('1373983445434015745', '1371753189696409602', '曾成林', '79.0', '100', '1373983444871979009', null, '1373960568915681282', '1338691977994379265', '33', '02考场', '1373960875271839746');
INSERT INTO `dl_exam_score` VALUES ('1373983445442404354', '1371753189578969090', '邓茗茗', '100.0', '100', '1373983444892950529', null, '1373960568915681282', '1338691977994379265', '34', '02考场', '1373960875271839746');
INSERT INTO `dl_exam_score` VALUES ('1373983445450792961', '1371753190292000770', '张晓洋', '100.0', '100', '1373983444892950529', null, '1373960568915681282', '1338691977994379265', '35', '02考场', '1373960875271839746');
INSERT INTO `dl_exam_score` VALUES ('1373983445450792962', '1371753189184704513', '罗芝馨', '99.0', '100', '1373983444871979009', null, '1373960568915681282', '1338691977994379265', '36', '02考场', '1373960875271839746');
INSERT INTO `dl_exam_score` VALUES ('1373983445450792963', '1371753190086479873', '廖茄湘', '90.0', '100', '1373983444909727746', null, '1373960568915681282', '1338691977994379265', '37', '02考场', '1373960875271839746');
INSERT INTO `dl_exam_score` VALUES ('1373983445450792964', '1371753189146955778', '王艺迪', '96.0', '100', '1373983444892950529', null, '1373960568915681282', '1338691977994379265', '38', '02考场', '1373960875271839746');
INSERT INTO `dl_exam_score` VALUES ('1373983445450792965', '1371753189448945665', '李梓萱', '91.5', '100', '1373983444892950529', null, '1373960568915681282', '1338691977994379265', '1', '01考场', '1373960879227068418');
INSERT INTO `dl_exam_score` VALUES ('1373983445450792966', '1371753190136811522', '张宸', '100.0', '100', '1373983444892950529', null, '1373960568915681282', '1338691977994379265', '2', '01考场', '1373960879227068418');
INSERT INTO `dl_exam_score` VALUES ('1373983445450792967', '1371753188798828545', '倪晨皓', '99.5', '100', '1373983444871979009', null, '1373960568915681282', '1338691977994379265', '3', '01考场', '1373960879227068418');
INSERT INTO `dl_exam_score` VALUES ('1373983445450792968', '1371753190329749506', '朱子羲', '98.5', '100', '1373983444871979009', null, '1373960568915681282', '1338691977994379265', '4', '01考场', '1373960879227068418');
INSERT INTO `dl_exam_score` VALUES ('1373983445450792969', '1371753190455578626', '严晨轩', '97.5', '100', '1373983444892950529', null, '1373960568915681282', '1338691977994379265', '5', '01考场', '1373960879227068418');
INSERT INTO `dl_exam_score` VALUES ('1373983445450792970', '1371753189679632385', '巫博文', '100.0', '100', '1373983444892950529', null, '1373960568915681282', '1338691977994379265', '6', '01考场', '1373960879227068418');
INSERT INTO `dl_exam_score` VALUES ('1373983445585010689', '1371753189864181763', '彭佳尧', '97.0', '100', '1373983444871979009', null, '1373960568915681282', '1338691977994379265', '7', '01考场', '1373960879227068418');
INSERT INTO `dl_exam_score` VALUES ('1373983445585010690', '1371753189398614018', '李新宇', '96.0', '100', '1373983444892950529', null, '1373960568915681282', '1338691977994379265', '8', '01考场', '1373960879227068418');
INSERT INTO `dl_exam_score` VALUES ('1373983445601787905', '1371753188605890562', '陈明佑', '96.5', '100', '1373983444909727746', null, '1373960568915681282', '1338691977994379265', '9', '01考场', '1373960879227068418');
INSERT INTO `dl_exam_score` VALUES ('1373983445610176514', '1371753189956456450', '徐怡菲', '100.0', '100', '1373983444892950529', null, '1373960568915681282', '1338691977994379265', '10', '01考场', '1373960879227068418');
INSERT INTO `dl_exam_score` VALUES ('1373983445618565122', '1371753188522004482', '欧阳佳鸿', '98.0', '100', '1373983444909727746', null, '1373960568915681282', '1338691977994379265', '11', '01考场', '1373960879227068418');
INSERT INTO `dl_exam_score` VALUES ('1373983445618565123', '1371753188501032962', '舒欣', '98.0', '100', '1373983444871979009', null, '1373960568915681282', '1338691977994379265', '12', '01考场', '1373960879227068418');
INSERT INTO `dl_exam_score` VALUES ('1373983445618565124', '1371753190107451394', '王俊豪', '97.0', '100', '1373983444892950529', null, '1373960568915681282', '1338691977994379265', '13', '01考场', '1373960879227068418');
INSERT INTO `dl_exam_score` VALUES ('1373983445656313857', '1371753189847404546', '潘和平', '95.0', '100', '1373983444892950529', null, '1373960568915681282', '1338691977994379265', '14', '01考场', '1373960879227068418');
INSERT INTO `dl_exam_score` VALUES ('1373983445664702466', '1371753188224208898', '苏陈', '100.0', '100', '1373983444871979009', null, '1373960568915681282', '1338691977994379265', '15', '01考场', '1373960879227068418');
INSERT INTO `dl_exam_score` VALUES ('1373983445673091073', '1371753188861743106', '刘鑫宇', '100.0', '100', '1373983444871979009', null, '1373960568915681282', '1338691977994379265', '16', '01考场', '1373960879227068418');
INSERT INTO `dl_exam_score` VALUES ('1373983445681479682', '1371753189243424770', '宋昆', '100.0', '100', '1373983444909727746', null, '1373960568915681282', '1338691977994379265', '17', '01考场', '1373960879227068418');
INSERT INTO `dl_exam_score` VALUES ('1373983445689868289', '1371753189318922241', '陈紫琪', '89.0', '100', '1373983444892950529', null, '1373960568915681282', '1338691977994379265', '18', '01考场', '1373960879227068418');
INSERT INTO `dl_exam_score` VALUES ('1373983445689868290', '1371753188677193729', '李怡萌', '98.0', '100', '1373983444892950529', null, '1373960568915681282', '1338691977994379265', '19', '01考场', '1373960879227068418');
INSERT INTO `dl_exam_score` VALUES ('1373983445689868291', '1371753190422024194', '漆照轩', '94.0', '100', '1373983444909727746', null, '1373960568915681282', '1338691977994379265', '20', '01考场', '1373960879227068418');
INSERT INTO `dl_exam_score` VALUES ('1373983445706645506', '1371753189478305793', '胡俊熙', '94.0', '100', '1373983444892950529', null, '1373960568915681282', '1338691977994379265', '21', '01考场', '1373960879227068418');
INSERT INTO `dl_exam_score` VALUES ('1373983445715034114', '1371753189432168449', '任国龙', '97.0', '100', '1373983444909727746', null, '1373960568915681282', '1338691977994379265', '22', '01考场', '1373960879227068418');
INSERT INTO `dl_exam_score` VALUES ('1373983445723422722', '1371753188962406401', '陈娜', '59.0', '100', '1373983444892950529', null, '1373960568915681282', '1338691977994379265', '23', '01考场', '1373960879227068418');
INSERT INTO `dl_exam_score` VALUES ('1373983445723422723', '1371753189105012738', '李佩源', '95.0', '100', '1373983444871979009', null, '1373960568915681282', '1338691977994379265', '24', '01考场', '1373960879227068418');
INSERT INTO `dl_exam_score` VALUES ('1373983445731811329', '1371753189990010881', '崔若菲', '94.0', '100', '1373983444909727746', null, '1373960568915681282', '1338691977994379265', '25', '01考场', '1373960879227068418');
INSERT INTO `dl_exam_score` VALUES ('1373983445740199938', '1371753188358426626', '丁王沐嫣', '95.0', '100', '1373983444892950529', null, '1373960568915681282', '1338691977994379265', '26', '01考场', '1373960879227068418');
INSERT INTO `dl_exam_score` VALUES ('1373983445748588545', '1371753190061314049', '崔若茹', '95.0', '100', '1373983444909727746', null, '1373960568915681282', '1338691977994379265', '27', '01考场', '1373960879227068418');
INSERT INTO `dl_exam_score` VALUES ('1373983445756977154', '1371753190363303938', '陈嘉淇', '92.0', '100', '1373983444909727746', null, '1373960568915681282', '1338691977994379265', '28', '01考场', '1373960879227068418');
INSERT INTO `dl_exam_score` VALUES ('1373983445756977155', '1371753189125984258', '张晋晨', '100.0', '100', '1373983444892950529', null, '1373960568915681282', '1338691977994379265', '29', '01考场', '1373960879227068418');
INSERT INTO `dl_exam_score` VALUES ('1373983445765365761', '1371753189163732993', '陈心语', '96.0', '100', '1373983444909727746', null, '1373960568915681282', '1338691977994379265', '30', '01考场', '1373960879227068418');
INSERT INTO `dl_exam_score` VALUES ('1373983445777948673', '1371753189864181762', '张策', '91.0', '100', '1373983444871979009', null, '1373960568915681282', '1338691977994379265', '31', '01考场', '1373960879227068418');
INSERT INTO `dl_exam_score` VALUES ('1373983445786337282', '1371753189671243777', '刘辰', '91.0', '100', '1373983444871979009', null, '1373960568915681282', '1338691977994379265', '32', '01考场', '1373960879227068418');
INSERT INTO `dl_exam_score` VALUES ('1373983445794725890', '1371753189780295681', '李佳瑶', '98.0', '100', '1373983444909727746', null, '1373960568915681282', '1338691977994379265', '33', '01考场', '1373960879227068418');
INSERT INTO `dl_exam_score` VALUES ('1373983445803114498', '1371753189910319106', '娄志涵', '95.0', '100', '1373983444892950529', null, '1373960568915681282', '1338691977994379265', '34', '01考场', '1373960879227068418');
INSERT INTO `dl_exam_score` VALUES ('1373983445811503106', '1371753188920463361', '邓福祥', '80.0', '100', '1373983444892950529', null, '1373960568915681282', '1338691977994379265', '35', '01考场', '1373960879227068418');
INSERT INTO `dl_exam_score` VALUES ('1373983445815697410', '1371753188769468417', '李思彤', '88.0', '100', '1373983444871979009', null, '1373960568915681282', '1338691977994379265', '36', '01考场', '1373960879227068418');
INSERT INTO `dl_exam_score` VALUES ('1373983445824086018', '1371753188727525377', '李中铭', '65.0', '100', '1373983444871979009', null, '1373960568915681282', '1338691977994379265', '37', '01考场', '1373960879227068418');
INSERT INTO `dl_exam_score` VALUES ('1373983445832474626', '1371753189302145025', '程梓涵', '85.0', '100', '1373983444871979009', null, '1373960568915681282', '1338691977994379265', '38', '01考场', '1373960879227068418');
INSERT INTO `dl_exam_score` VALUES ('1373983445832474627', '1371753188136128514', '徐靖阳', '98.0', '100', '1373983444909727746', null, '1373960568915681282', '1338691977994379265', '39', '01考场', '1373960879227068418');
INSERT INTO `dl_exam_score` VALUES ('1373983445845057537', '1371753188249374722', '万欣然', '99.5', '100', '1373983444892950529', null, '1373960568915681282', '1338691977994379265', '1', '03考场', '1373960881596850177');
INSERT INTO `dl_exam_score` VALUES ('1373983445853446146', '1371753189834821633', '时雨晨', '89.0', '100', '1373983444909727746', null, '1373960568915681282', '1338691977994379265', '2', '03考场', '1373960881596850177');
INSERT INTO `dl_exam_score` VALUES ('1373983445853446147', '1371753188316483585', '顾天溢', '89.0', '100', '1373983444871979009', null, '1373960568915681282', '1338691977994379265', '3', '03考场', '1373960881596850177');
INSERT INTO `dl_exam_score` VALUES ('1373983445853446148', '1371753189197287425', '王诗文', '100.0', '100', '1373983444909727746', null, '1373960568915681282', '1338691977994379265', '4', '03考场', '1373960881596850177');
INSERT INTO `dl_exam_score` VALUES ('1373983445853446149', '1371753189595746306', '陈欣悦', '89.0', '100', '1373983444871979009', null, '1373960568915681282', '1338691977994379265', '5', '03考场', '1373960881596850177');
INSERT INTO `dl_exam_score` VALUES ('1373983445853446150', '1371753190346526722', '苏彪', '100.0', '100', '1373983444892950529', null, '1373960568915681282', '1338691977994379265', '6', '03考场', '1373960881596850177');
INSERT INTO `dl_exam_score` VALUES ('1373983445853446151', '1371753189717381121', '蒋毅', '99.0', '100', '1373983444892950529', null, '1373960568915681282', '1338691977994379265', '7', '03考场', '1373960881596850177');
INSERT INTO `dl_exam_score` VALUES ('1373983445853446152', '1371753189079846913', '吴懿瑾萱', '100.0', '100', '1373983444892950529', null, '1373960568915681282', '1338691977994379265', '8', '03考场', '1373960881596850177');
INSERT INTO `dl_exam_score` VALUES ('1373983445853446153', '1371753190044536834', '杨梦杰', '96.0', '100', '1373983444909727746', null, '1373960568915681282', '1338691977994379265', '9', '03考场', '1373960881596850177');
INSERT INTO `dl_exam_score` VALUES ('1373983445853446154', '1371753189012738050', '许博文', '100.0', '100', '1373983444909727746', null, '1373960568915681282', '1338691977994379265', '10', '03考场', '1373960881596850177');
INSERT INTO `dl_exam_score` VALUES ('1373983445853446155', '1371753188442312705', '易鑫悦', '100.0', '100', '1373983444871979009', null, '1373960568915681282', '1338691977994379265', '11', '03考场', '1373960881596850177');
INSERT INTO `dl_exam_score` VALUES ('1373983445853446156', '1371753188580724737', '周佩霓', '99.0', '100', '1373983444871979009', null, '1373960568915681282', '1338691977994379265', '12', '03考场', '1373960881596850177');
INSERT INTO `dl_exam_score` VALUES ('1373983445853446157', '1371753190208114690', '小芳莫', '78.0', '100', '1373983444892950529', null, '1373960568915681282', '1338691977994379265', '13', '03考场', '1373960881596850177');
INSERT INTO `dl_exam_score` VALUES ('1373983445853446158', '1371753188706553858', '黄辰熙', '91.0', '100', '1373983444892950529', null, '1373960568915681282', '1338691977994379265', '14', '03考场', '1373960881596850177');
INSERT INTO `dl_exam_score` VALUES ('1373983445853446159', '1371753189541220353', '李佳赢', '99.5', '100', '1373983444909727746', null, '1373960568915681282', '1338691977994379265', '15', '03考场', '1373960881596850177');
INSERT INTO `dl_exam_score` VALUES ('1373983445853446160', '1371753189352476673', '范明辉', '90.0', '100', '1373983444892950529', null, '1373960568915681282', '1338691977994379265', '16', '03考场', '1373960881596850177');
INSERT INTO `dl_exam_score` VALUES ('1373983445853446161', '1371753190153588738', '万芯如', '99.0', '100', '1373983444892950529', null, '1373960568915681282', '1338691977994379265', '17', '03考场', '1373960881596850177');
INSERT INTO `dl_exam_score` VALUES ('1373983445853446162', '1371753189629300738', '朱星雨', '89.0', '100', '1373983444909727746', null, '1373960568915681282', '1338691977994379265', '18', '03考场', '1373960881596850177');
INSERT INTO `dl_exam_score` VALUES ('1373983446063161346', '1371753189767712770', '骆宝泽', '92.0', '100', '1373983444892950529', null, '1373960568915681282', '1338691977994379265', '19', '03考场', '1373960881596850177');
INSERT INTO `dl_exam_score` VALUES ('1373983446063161347', '1371753190396858369', '杨杰瑞', '93.0', '100', '1373983444909727746', null, '1373960568915681282', '1338691977994379265', '20', '03考场', '1373960881596850177');
INSERT INTO `dl_exam_score` VALUES ('1373983446063161348', '1371753189750935554', '何金浩', '55.0', '100', '1373983444871979009', null, '1373960568915681282', '1338691977994379265', '21', '03考场', '1373960881596850177');
INSERT INTO `dl_exam_score` VALUES ('1373983446063161349', '1371753189063069697', '江昕远', '80.0', '100', '1373983444871979009', null, '1373960568915681282', '1338691977994379265', '22', '03考场', '1373960881596850177');
INSERT INTO `dl_exam_score` VALUES ('1373983446063161350', '1371753188647833601', '林一凡', '78.0', '100', '1373983444871979009', null, '1373960568915681282', '1338691977994379265', '23', '03考场', '1373960881596850177');
INSERT INTO `dl_exam_score` VALUES ('1373983446063161351', '1371753189260201985', '郑依萱', '100.0', '100', '1373983444871979009', null, '1373960568915681282', '1338691977994379265', '24', '03考场', '1373960881596850177');
INSERT INTO `dl_exam_score` VALUES ('1373983446063161352', '1371753190224891905', '王晨毅', '99.0', '100', '1373983444909727746', null, '1373960568915681282', '1338691977994379265', '25', '03考场', '1373960881596850177');
INSERT INTO `dl_exam_score` VALUES ('1373983446063161353', '1371753190124228609', '张雅凤', '55.0', '100', '1373983444909727746', null, '1373960568915681282', '1338691977994379265', '26', '03考场', '1373960881596850177');
INSERT INTO `dl_exam_score` VALUES ('1373983446063161354', '1371753188995960833', '陈洪旺', '62.0', '100', '1373983444871979009', null, '1373960568915681282', '1338691977994379265', '27', '03考场', '1373960881596850177');
INSERT INTO `dl_exam_score` VALUES ('1373983446063161355', '1371753189612523522', '汤诗宇', '100.0', '100', '1373983444892950529', null, '1373960568915681282', '1338691977994379265', '28', '03考场', '1373960881596850177');
INSERT INTO `dl_exam_score` VALUES ('1373983446063161356', '1371753189524443137', '周梓琳', '87.5', '100', '1373983444892950529', null, '1373960568915681282', '1338691977994379265', '29', '03考场', '1373960881596850177');
INSERT INTO `dl_exam_score` VALUES ('1373983446063161357', '1371753190241669121', '林少涵', '92.0', '100', '1373983444909727746', null, '1373960568915681282', '1338691977994379265', '30', '03考场', '1373960881596850177');
INSERT INTO `dl_exam_score` VALUES ('1373983446063161358', '1371753190027759618', '周宏森', '85.0', '100', '1373983444871979009', null, '1373960568915681282', '1338691977994379265', '31', '03考场', '1373960881596850177');
INSERT INTO `dl_exam_score` VALUES ('1373983446063161359', '1371753189931290626', '李思琪', '94.0', '100', '1373983444892950529', null, '1373960568915681282', '1338691977994379265', '32', '03考场', '1373960881596850177');
INSERT INTO `dl_exam_score` VALUES ('1373983446063161360', '1371753190413635586', '周雨萱', '100.0', '100', '1373983444909727746', null, '1373960568915681282', '1338691977994379265', '33', '03考场', '1373960881596850177');
INSERT INTO `dl_exam_score` VALUES ('1373983446063161361', '1371753189818044417', '周佩熹', '100.0', '100', '1373983444909727746', null, '1373960568915681282', '1338691977994379265', '34', '03考场', '1373960881596850177');
INSERT INTO `dl_exam_score` VALUES ('1373983446063161362', '1371753189033709569', '张展宁', '99.5', '100', '1373983444892950529', null, '1373960568915681282', '1338691977994379265', '35', '03考场', '1373960881596850177');
INSERT INTO `dl_exam_score` VALUES ('1373983446226739203', '1371753188836577281', '杨诗雨', '95.0', '100', '1373983446226739202', null, '1373960568915681282', '1338801366921289730', '1', '02考场', '1373960875271839746');
INSERT INTO `dl_exam_score` VALUES ('1373983446226739204', '1371753188555558913', '余瑞欣', '91.0', '100', '1373983446226739202', null, '1373960568915681282', '1338801366921289730', '2', '02考场', '1373960875271839746');
INSERT INTO `dl_exam_score` VALUES ('1373983446226739205', '1371753189276979202', '祝瑞霖', '96.0', '100', '1373983446063161363', null, '1373960568915681282', '1338801366921289730', '3', '02考场', '1373960875271839746');
INSERT INTO `dl_exam_score` VALUES ('1373983446226739206', '1371753190380081154', '邱慧姈', '91.0', '100', '1373983446063161363', null, '1373960568915681282', '1338801366921289730', '4', '02考场', '1373960875271839746');
INSERT INTO `dl_exam_score` VALUES ('1373983446226739207', '1371753189973233665', '唐希妍', '91.0', '100', '1373983446063161363', null, '1373960568915681282', '1338801366921289730', '5', '02考场', '1373960875271839746');
INSERT INTO `dl_exam_score` VALUES ('1373983446226739208', '1371753189646077954', '谢永乐', '100.0', '100', '1373983446063161363', null, '1373960568915681282', '1338801366921289730', '6', '02考场', '1373960875271839746');
INSERT INTO `dl_exam_score` VALUES ('1373983446226739209', '1371753190283612162', '谢雅萱', '80.0', '100', '1373983446226739201', null, '1373960568915681282', '1338801366921289730', '7', '02考场', '1373960875271839746');
INSERT INTO `dl_exam_score` VALUES ('1373983446226739210', '1371753189734158337', '何梓瑶', '92.0', '100', '1373983446226739202', null, '1373960568915681282', '1338801366921289730', '8', '02考场', '1373960875271839746');
INSERT INTO `dl_exam_score` VALUES ('1373983446226739211', '1371753189566386177', '刘雨辰', '91.0', '100', '1373983446226739202', null, '1373960568915681282', '1338801366921289730', '9', '02考场', '1373960875271839746');
INSERT INTO `dl_exam_score` VALUES ('1373983446226739212', '1371753188979183618', '李诗涵', '91.0', '100', '1373983446063161363', null, '1373960568915681282', '1338801366921289730', '10', '02考场', '1373960875271839746');
INSERT INTO `dl_exam_score` VALUES ('1373983446226739213', '1371753189864181764', '史晗瑶', '96.0', '100', '1373983446226739201', null, '1373960568915681282', '1338801366921289730', '11', '02考场', '1373960875271839746');
INSERT INTO `dl_exam_score` VALUES ('1373983446226739214', '1371753189415391233', '陶芯雨', '96.0', '100', '1373983446226739202', null, '1373960568915681282', '1338801366921289730', '12', '02考场', '1373960875271839746');
INSERT INTO `dl_exam_score` VALUES ('1373983446226739215', '1371753188467478530', '付语蕊', '99.0', '100', '1373983446226739202', null, '1373960568915681282', '1338801366921289730', '13', '02考场', '1373960875271839746');
INSERT INTO `dl_exam_score` VALUES ('1373983446226739216', '1371753188417146882', '向阳', '98.0', '100', '1373983446226739202', null, '1373960568915681282', '1338801366921289730', '14', '02考场', '1373960875271839746');
INSERT INTO `dl_exam_score` VALUES ('1373983446226739217', '1371753190191337474', '陆馨瑶', '100.0', '100', '1373983446226739201', null, '1373960568915681282', '1338801366921289730', '15', '02考场', '1373960875271839746');
INSERT INTO `dl_exam_score` VALUES ('1373983446226739218', '1371753190447190018', '李青霞', '97.0', '100', '1373983446226739202', null, '1373960568915681282', '1338801366921289730', '16', '02考场', '1373960875271839746');
INSERT INTO `dl_exam_score` VALUES ('1373983446226739219', '1371753188907880449', '周慧祥', '99.0', '100', '1373983446226739201', null, '1373960568915681282', '1338801366921289730', '17', '02考场', '1373960875271839746');
INSERT INTO `dl_exam_score` VALUES ('1373983446226739220', '1371753190493327361', '蒋胜美', '99.0', '100', '1373983446063161363', null, '1373960568915681282', '1338801366921289730', '18', '02考场', '1373960875271839746');
INSERT INTO `dl_exam_score` VALUES ('1373983446226739221', '1371753188752691202', '殷一畅', '100.0', '100', '1373983446063161363', null, '1373960568915681282', '1338801366921289730', '19', '02考场', '1373960875271839746');
INSERT INTO `dl_exam_score` VALUES ('1373983446226739222', '1371753188282929153', '侯艺涵', '100.0', '100', '1373983446063161363', null, '1373960568915681282', '1338801366921289730', '20', '02考场', '1373960875271839746');
INSERT INTO `dl_exam_score` VALUES ('1373983446226739223', '1371753189797072897', '王浩哲', '92.0', '100', '1373983446063161363', null, '1373960568915681282', '1338801366921289730', '21', '02考场', '1373960875271839746');
INSERT INTO `dl_exam_score` VALUES ('1373983446226739224', '1371753190476550145', '傅梓滢', '93.5', '100', '1373983446063161363', null, '1373960568915681282', '1338801366921289730', '22', '02考场', '1373960875271839746');
INSERT INTO `dl_exam_score` VALUES ('1373983446226739225', '1371753190006788097', '黄辰宇', '100.0', '100', '1373983446063161363', null, '1373960568915681282', '1338801366921289730', '23', '02考场', '1373960875271839746');
INSERT INTO `dl_exam_score` VALUES ('1373983446516146178', '1371753190174560257', '卢梓航', '96.0', '100', '1373983446226739202', null, '1373960568915681282', '1338801366921289730', '24', '02考场', '1373960875271839746');
INSERT INTO `dl_exam_score` VALUES ('1373983446516146179', '1371753189373448194', '刘兴豪', '96.0', '100', '1373983446226739201', null, '1373960568915681282', '1338801366921289730', '25', '02考场', '1373960875271839746');
INSERT INTO `dl_exam_score` VALUES ('1373983446516146180', '1371753188819800065', '王子睿', '94.0', '100', '1373983446063161363', null, '1373960568915681282', '1338801366921289730', '26', '02考场', '1373960875271839746');
INSERT INTO `dl_exam_score` VALUES ('1373983446537117697', '1371753189335699457', '刘雨欣', '97.0', '100', '1373983446226739201', null, '1373960568915681282', '1338801366921289730', '27', '02考场', '1373960875271839746');
INSERT INTO `dl_exam_score` VALUES ('1373983446537117698', '1371753188937240577', '段悦熹', '96.0', '100', '1373983446226739202', null, '1373960568915681282', '1338801366921289730', '28', '02考场', '1373960875271839746');
INSERT INTO `dl_exam_score` VALUES ('1373983446537117699', '1371753189226647553', '彭琳玲', '96.0', '100', '1373983446226739202', null, '1373960568915681282', '1338801366921289730', '29', '02考场', '1373960875271839746');
INSERT INTO `dl_exam_score` VALUES ('1373983446562283522', '1371753188383592449', '黄雅培', '98.0', '100', '1373983446226739201', null, '1373960568915681282', '1338801366921289730', '30', '02考场', '1373960875271839746');
INSERT INTO `dl_exam_score` VALUES ('1373983446562283523', '1371753189499277314', '叶青青', '91.0', '100', '1373983446226739202', null, '1373960568915681282', '1338801366921289730', '31', '02考场', '1373960875271839746');
INSERT INTO `dl_exam_score` VALUES ('1373983446574866434', '1371753188882714626', '欧阳欣悦', '96.0', '100', '1373983446063161363', null, '1373960568915681282', '1338801366921289730', '32', '02考场', '1373960875271839746');
INSERT INTO `dl_exam_score` VALUES ('1373983446587449346', '1371753189696409602', '曾成林', '86.0', '100', '1373983446063161363', null, '1373960568915681282', '1338801366921289730', '33', '02考场', '1373960875271839746');
INSERT INTO `dl_exam_score` VALUES ('1373983446587449347', '1371753189578969090', '邓茗茗', '100.0', '100', '1373983446226739201', null, '1373960568915681282', '1338801366921289730', '34', '02考场', '1373960875271839746');
INSERT INTO `dl_exam_score` VALUES ('1373983446587449348', '1371753190292000770', '张晓洋', '100.0', '100', '1373983446226739201', null, '1373960568915681282', '1338801366921289730', '35', '02考场', '1373960875271839746');
INSERT INTO `dl_exam_score` VALUES ('1373983446616809474', '1371753189184704513', '罗芝馨', '100.0', '100', '1373983446063161363', null, '1373960568915681282', '1338801366921289730', '36', '02考场', '1373960875271839746');
INSERT INTO `dl_exam_score` VALUES ('1373983446616809475', '1371753190086479873', '廖茄湘', '93.5', '100', '1373983446226739202', null, '1373960568915681282', '1338801366921289730', '37', '02考场', '1373960875271839746');
INSERT INTO `dl_exam_score` VALUES ('1373983446616809476', '1371753189146955778', '王艺迪', '98.0', '100', '1373983446226739201', null, '1373960568915681282', '1338801366921289730', '38', '02考场', '1373960875271839746');
INSERT INTO `dl_exam_score` VALUES ('1373983446616809477', '1371753189448945665', '李梓萱', '96.0', '100', '1373983446226739201', null, '1373960568915681282', '1338801366921289730', '1', '01考场', '1373960879227068418');
INSERT INTO `dl_exam_score` VALUES ('1373983446616809478', '1371753190136811522', '张宸', '100.0', '100', '1373983446226739201', null, '1373960568915681282', '1338801366921289730', '2', '01考场', '1373960879227068418');
INSERT INTO `dl_exam_score` VALUES ('1373983446658752513', '1371753188798828545', '倪晨皓', '95.0', '100', '1373983446063161363', null, '1373960568915681282', '1338801366921289730', '3', '01考场', '1373960879227068418');
INSERT INTO `dl_exam_score` VALUES ('1373983446658752514', '1371753190329749506', '朱子羲', '93.0', '100', '1373983446063161363', null, '1373960568915681282', '1338801366921289730', '4', '01考场', '1373960879227068418');
INSERT INTO `dl_exam_score` VALUES ('1373983446658752515', '1371753190455578626', '严晨轩', '95.0', '100', '1373983446226739201', null, '1373960568915681282', '1338801366921289730', '5', '01考场', '1373960879227068418');
INSERT INTO `dl_exam_score` VALUES ('1373983446658752516', '1371753189679632385', '巫博文', '98.0', '100', '1373983446226739201', null, '1373960568915681282', '1338801366921289730', '6', '01考场', '1373960879227068418');
INSERT INTO `dl_exam_score` VALUES ('1373983446658752517', '1371753189864181763', '彭佳尧', '100.0', '100', '1373983446063161363', null, '1373960568915681282', '1338801366921289730', '7', '01考场', '1373960879227068418');
INSERT INTO `dl_exam_score` VALUES ('1373983446658752518', '1371753189398614018', '李新宇', '100.0', '100', '1373983446226739201', null, '1373960568915681282', '1338801366921289730', '8', '01考场', '1373960879227068418');
INSERT INTO `dl_exam_score` VALUES ('1373983446658752519', '1371753188605890562', '陈明佑', '90.0', '100', '1373983446226739202', null, '1373960568915681282', '1338801366921289730', '9', '01考场', '1373960879227068418');
INSERT INTO `dl_exam_score` VALUES ('1373983446658752520', '1371753189956456450', '徐怡菲', '100.0', '100', '1373983446226739201', null, '1373960568915681282', '1338801366921289730', '10', '01考场', '1373960879227068418');
INSERT INTO `dl_exam_score` VALUES ('1373983446658752521', '1371753188522004482', '欧阳佳鸿', '100.0', '100', '1373983446226739202', null, '1373960568915681282', '1338801366921289730', '11', '01考场', '1373960879227068418');
INSERT INTO `dl_exam_score` VALUES ('1373983446658752522', '1371753188501032962', '舒欣', '65.0', '100', '1373983446063161363', null, '1373960568915681282', '1338801366921289730', '12', '01考场', '1373960879227068418');
INSERT INTO `dl_exam_score` VALUES ('1373983446658752523', '1371753190107451394', '王俊豪', '99.0', '100', '1373983446226739201', null, '1373960568915681282', '1338801366921289730', '13', '01考场', '1373960879227068418');
INSERT INTO `dl_exam_score` VALUES ('1373983446658752524', '1371753189847404546', '潘和平', '96.0', '100', '1373983446226739201', null, '1373960568915681282', '1338801366921289730', '14', '01考场', '1373960879227068418');
INSERT INTO `dl_exam_score` VALUES ('1373983446742638594', '1371753188224208898', '苏陈', '89.0', '100', '1373983446063161363', null, '1373960568915681282', '1338801366921289730', '15', '01考场', '1373960879227068418');
INSERT INTO `dl_exam_score` VALUES ('1373983446742638595', '1371753188861743106', '刘鑫宇', '90.0', '100', '1373983446063161363', null, '1373960568915681282', '1338801366921289730', '16', '01考场', '1373960879227068418');
INSERT INTO `dl_exam_score` VALUES ('1373983446742638596', '1371753189243424770', '宋昆', '90.0', '100', '1373983446226739202', null, '1373960568915681282', '1338801366921289730', '17', '01考场', '1373960879227068418');
INSERT INTO `dl_exam_score` VALUES ('1373983446742638597', '1371753189318922241', '陈紫琪', '95.0', '100', '1373983446226739201', null, '1373960568915681282', '1338801366921289730', '18', '01考场', '1373960879227068418');
INSERT INTO `dl_exam_score` VALUES ('1373983446742638598', '1371753188677193729', '李怡萌', '100.0', '100', '1373983446226739201', null, '1373960568915681282', '1338801366921289730', '19', '01考场', '1373960879227068418');
INSERT INTO `dl_exam_score` VALUES ('1373983446742638599', '1371753190422024194', '漆照轩', '90.0', '100', '1373983446226739202', null, '1373960568915681282', '1338801366921289730', '20', '01考场', '1373960879227068418');
INSERT INTO `dl_exam_score` VALUES ('1373983446742638600', '1371753189478305793', '胡俊熙', '95.0', '100', '1373983446226739201', null, '1373960568915681282', '1338801366921289730', '21', '01考场', '1373960879227068418');
INSERT INTO `dl_exam_score` VALUES ('1373983446742638601', '1371753189432168449', '任国龙', '99.0', '100', '1373983446226739202', null, '1373960568915681282', '1338801366921289730', '22', '01考场', '1373960879227068418');
INSERT INTO `dl_exam_score` VALUES ('1373983446742638602', '1371753188962406401', '陈娜', '75.0', '100', '1373983446226739201', null, '1373960568915681282', '1338801366921289730', '23', '01考场', '1373960879227068418');
INSERT INTO `dl_exam_score` VALUES ('1373983446742638603', '1371753189105012738', '李佩源', '98.0', '100', '1373983446063161363', null, '1373960568915681282', '1338801366921289730', '24', '01考场', '1373960879227068418');
INSERT INTO `dl_exam_score` VALUES ('1373983446742638604', '1371753189990010881', '崔若菲', '96.0', '100', '1373983446226739202', null, '1373960568915681282', '1338801366921289730', '25', '01考场', '1373960879227068418');
INSERT INTO `dl_exam_score` VALUES ('1373983446826524673', '1371753188358426626', '丁王沐嫣', '96.0', '100', '1373983446226739201', null, '1373960568915681282', '1338801366921289730', '26', '01考场', '1373960879227068418');
INSERT INTO `dl_exam_score` VALUES ('1373983446826524674', '1371753190061314049', '崔若茹', '98.0', '100', '1373983446226739202', null, '1373960568915681282', '1338801366921289730', '27', '01考场', '1373960879227068418');
INSERT INTO `dl_exam_score` VALUES ('1373983446826524675', '1371753190363303938', '陈嘉淇', '95.0', '100', '1373983446226739202', null, '1373960568915681282', '1338801366921289730', '28', '01考场', '1373960879227068418');
INSERT INTO `dl_exam_score` VALUES ('1373983446826524676', '1371753189125984258', '张晋晨', '100.0', '100', '1373983446226739201', null, '1373960568915681282', '1338801366921289730', '29', '01考场', '1373960879227068418');
INSERT INTO `dl_exam_score` VALUES ('1373983446826524677', '1371753189163732993', '陈心语', '99.0', '100', '1373983446226739202', null, '1373960568915681282', '1338801366921289730', '30', '01考场', '1373960879227068418');
INSERT INTO `dl_exam_score` VALUES ('1373983446826524678', '1371753189864181762', '张策', '96.0', '100', '1373983446063161363', null, '1373960568915681282', '1338801366921289730', '31', '01考场', '1373960879227068418');
INSERT INTO `dl_exam_score` VALUES ('1373983446868467713', '1371753189671243777', '刘辰', '93.5', '100', '1373983446063161363', null, '1373960568915681282', '1338801366921289730', '32', '01考场', '1373960879227068418');
INSERT INTO `dl_exam_score` VALUES ('1373983446868467714', '1371753189780295681', '李佳瑶', '95.5', '100', '1373983446226739202', null, '1373960568915681282', '1338801366921289730', '33', '01考场', '1373960879227068418');
INSERT INTO `dl_exam_score` VALUES ('1373983446868467715', '1371753189910319106', '娄志涵', '96.0', '100', '1373983446226739201', null, '1373960568915681282', '1338801366921289730', '34', '01考场', '1373960879227068418');
INSERT INTO `dl_exam_score` VALUES ('1373983446868467716', '1371753188920463361', '邓福祥', '91.0', '100', '1373983446226739201', null, '1373960568915681282', '1338801366921289730', '35', '01考场', '1373960879227068418');
INSERT INTO `dl_exam_score` VALUES ('1373983446868467717', '1371753188769468417', '李思彤', '95.0', '100', '1373983446063161363', null, '1373960568915681282', '1338801366921289730', '36', '01考场', '1373960879227068418');
INSERT INTO `dl_exam_score` VALUES ('1373983446868467718', '1371753188727525377', '李中铭', '80.0', '100', '1373983446063161363', null, '1373960568915681282', '1338801366921289730', '37', '01考场', '1373960879227068418');
INSERT INTO `dl_exam_score` VALUES ('1373983446914605057', '1371753189302145025', '程梓涵', '99.0', '100', '1373983446063161363', null, '1373960568915681282', '1338801366921289730', '38', '01考场', '1373960879227068418');
INSERT INTO `dl_exam_score` VALUES ('1373983446914605058', '1371753188136128514', '徐靖阳', '92.0', '100', '1373983446226739202', null, '1373960568915681282', '1338801366921289730', '39', '01考场', '1373960879227068418');
INSERT INTO `dl_exam_score` VALUES ('1373983446914605059', '1371753188249374722', '万欣然', '100.0', '100', '1373983446226739201', null, '1373960568915681282', '1338801366921289730', '1', '03考场', '1373960881596850177');
INSERT INTO `dl_exam_score` VALUES ('1373983446914605060', '1371753189834821633', '时雨晨', '91.0', '100', '1373983446226739202', null, '1373960568915681282', '1338801366921289730', '2', '03考场', '1373960881596850177');
INSERT INTO `dl_exam_score` VALUES ('1373983446914605061', '1371753188316483585', '顾天溢', '92.0', '100', '1373983446063161363', null, '1373960568915681282', '1338801366921289730', '3', '03考场', '1373960881596850177');
INSERT INTO `dl_exam_score` VALUES ('1373983446943965185', '1371753189197287425', '王诗文', '93.0', '100', '1373983446226739202', null, '1373960568915681282', '1338801366921289730', '4', '03考场', '1373960881596850177');
INSERT INTO `dl_exam_score` VALUES ('1373983446943965186', '1371753189595746306', '陈欣悦', '91.0', '100', '1373983446063161363', null, '1373960568915681282', '1338801366921289730', '5', '03考场', '1373960881596850177');
INSERT INTO `dl_exam_score` VALUES ('1373983446943965187', '1371753190346526722', '苏彪', '100.0', '100', '1373983446226739201', null, '1373960568915681282', '1338801366921289730', '6', '03考场', '1373960881596850177');
INSERT INTO `dl_exam_score` VALUES ('1373983446943965188', '1371753189717381121', '蒋毅', '100.0', '100', '1373983446226739201', null, '1373960568915681282', '1338801366921289730', '7', '03考场', '1373960881596850177');
INSERT INTO `dl_exam_score` VALUES ('1373983446943965189', '1371753189079846913', '吴懿瑾萱', '99.0', '100', '1373983446226739201', null, '1373960568915681282', '1338801366921289730', '8', '03考场', '1373960881596850177');
INSERT INTO `dl_exam_score` VALUES ('1373983446943965190', '1371753190044536834', '杨梦杰', '95.0', '100', '1373983446226739202', null, '1373960568915681282', '1338801366921289730', '9', '03考场', '1373960881596850177');
INSERT INTO `dl_exam_score` VALUES ('1373983446943965191', '1371753189012738050', '许博文', '100.0', '100', '1373983446226739202', null, '1373960568915681282', '1338801366921289730', '10', '03考场', '1373960881596850177');
INSERT INTO `dl_exam_score` VALUES ('1373983446943965192', '1371753188442312705', '易鑫悦', '94.0', '100', '1373983446063161363', null, '1373960568915681282', '1338801366921289730', '11', '03考场', '1373960881596850177');
INSERT INTO `dl_exam_score` VALUES ('1373983446943965193', '1371753188580724737', '周佩霓', '99.0', '100', '1373983446063161363', null, '1373960568915681282', '1338801366921289730', '12', '03考场', '1373960881596850177');
INSERT INTO `dl_exam_score` VALUES ('1373983446943965194', '1371753190208114690', '小芳莫', '86.0', '100', '1373983446226739201', null, '1373960568915681282', '1338801366921289730', '13', '03考场', '1373960881596850177');
INSERT INTO `dl_exam_score` VALUES ('1373983446943965195', '1371753188706553858', '黄辰熙', '97.0', '100', '1373983446226739201', null, '1373960568915681282', '1338801366921289730', '14', '03考场', '1373960881596850177');
INSERT INTO `dl_exam_score` VALUES ('1373983446943965196', '1371753189541220353', '李佳赢', '99.0', '100', '1373983446226739202', null, '1373960568915681282', '1338801366921289730', '15', '03考场', '1373960881596850177');
INSERT INTO `dl_exam_score` VALUES ('1373983446943965197', '1371753189352476673', '范明辉', '94.0', '100', '1373983446226739201', null, '1373960568915681282', '1338801366921289730', '16', '03考场', '1373960881596850177');
INSERT INTO `dl_exam_score` VALUES ('1373983446943965198', '1371753190153588738', '万芯如', '99.0', '100', '1373983446226739201', null, '1373960568915681282', '1338801366921289730', '17', '03考场', '1373960881596850177');
INSERT INTO `dl_exam_score` VALUES ('1373983446943965199', '1371753189629300738', '朱星雨', '87.0', '100', '1373983446226739202', null, '1373960568915681282', '1338801366921289730', '18', '03考场', '1373960881596850177');
INSERT INTO `dl_exam_score` VALUES ('1373983446943965200', '1371753189767712770', '骆宝泽', '91.0', '100', '1373983446226739201', null, '1373960568915681282', '1338801366921289730', '19', '03考场', '1373960881596850177');
INSERT INTO `dl_exam_score` VALUES ('1373983446943965201', '1371753190396858369', '杨杰瑞', '95.0', '100', '1373983446226739202', null, '1373960568915681282', '1338801366921289730', '20', '03考场', '1373960881596850177');
INSERT INTO `dl_exam_score` VALUES ('1373983446943965202', '1371753189750935554', '何金浩', '58.0', '100', '1373983446063161363', null, '1373960568915681282', '1338801366921289730', '21', '03考场', '1373960881596850177');
INSERT INTO `dl_exam_score` VALUES ('1373983446943965203', '1371753189063069697', '江昕远', '65.0', '100', '1373983446063161363', null, '1373960568915681282', '1338801366921289730', '22', '03考场', '1373960881596850177');
INSERT INTO `dl_exam_score` VALUES ('1373983446943965204', '1371753188647833601', '林一凡', '100.0', '100', '1373983446063161363', null, '1373960568915681282', '1338801366921289730', '23', '03考场', '1373960881596850177');
INSERT INTO `dl_exam_score` VALUES ('1373983446943965205', '1371753189260201985', '郑依萱', '100.0', '100', '1373983446063161363', null, '1373960568915681282', '1338801366921289730', '24', '03考场', '1373960881596850177');
INSERT INTO `dl_exam_score` VALUES ('1373983446943965206', '1371753190224891905', '王晨毅', '97.0', '100', '1373983446226739202', null, '1373960568915681282', '1338801366921289730', '25', '03考场', '1373960881596850177');
INSERT INTO `dl_exam_score` VALUES ('1373983446943965207', '1371753190124228609', '张雅凤', '67.0', '100', '1373983446226739202', null, '1373960568915681282', '1338801366921289730', '26', '03考场', '1373960881596850177');
INSERT INTO `dl_exam_score` VALUES ('1373983446943965208', '1371753188995960833', '陈洪旺', '68.0', '100', '1373983446063161363', null, '1373960568915681282', '1338801366921289730', '27', '03考场', '1373960881596850177');
INSERT INTO `dl_exam_score` VALUES ('1373983447321452545', '1371753189612523522', '汤诗宇', '100.0', '100', '1373983446226739201', null, '1373960568915681282', '1338801366921289730', '28', '03考场', '1373960881596850177');
INSERT INTO `dl_exam_score` VALUES ('1373983447321452546', '1371753189524443137', '周梓琳', '86.5', '100', '1373983446226739201', null, '1373960568915681282', '1338801366921289730', '29', '03考场', '1373960881596850177');
INSERT INTO `dl_exam_score` VALUES ('1373983447321452547', '1371753190241669121', '林少涵', '94.0', '100', '1373983446226739202', null, '1373960568915681282', '1338801366921289730', '30', '03考场', '1373960881596850177');
INSERT INTO `dl_exam_score` VALUES ('1373983447342424066', '1371753190027759618', '周宏森', '84.0', '100', '1373983446063161363', null, '1373960568915681282', '1338801366921289730', '31', '03考场', '1373960881596850177');
INSERT INTO `dl_exam_score` VALUES ('1373983447342424067', '1371753189931290626', '李思琪', '95.0', '100', '1373983446226739201', null, '1373960568915681282', '1338801366921289730', '32', '03考场', '1373960881596850177');
INSERT INTO `dl_exam_score` VALUES ('1373983447342424068', '1371753190413635586', '周雨萱', '100.0', '100', '1373983446226739202', null, '1373960568915681282', '1338801366921289730', '33', '03考场', '1373960881596850177');
INSERT INTO `dl_exam_score` VALUES ('1373983447363395585', '1371753189818044417', '周佩熹', '99.0', '100', '1373983446226739202', null, '1373960568915681282', '1338801366921289730', '34', '03考场', '1373960881596850177');
INSERT INTO `dl_exam_score` VALUES ('1373983447371784193', '1371753189033709569', '张展宁', '100.0', '100', '1373983446226739201', null, '1373960568915681282', '1338801366921289730', '35', '03考场', '1373960881596850177');

-- ----------------------------
-- Table structure for `dl_exam_student`
-- ----------------------------
DROP TABLE IF EXISTS `dl_exam_student`;
CREATE TABLE `dl_exam_student` (
  `id` varchar(64) NOT NULL,
  `exam_plan_id` varchar(64) DEFAULT NULL,
  `exam_list_id` varchar(64) DEFAULT NULL,
  `exam_room_id` varchar(64) DEFAULT NULL,
  `class_id` varchar(64) DEFAULT NULL,
  `student_id` varchar(64) DEFAULT NULL,
  `stu_exam_num` varchar(16) DEFAULT NULL COMMENT '学生考号',
  `stu_seat_num` varchar(16) DEFAULT NULL COMMENT '座位号',
  `stu_name` varchar(32) DEFAULT NULL,
  `stu_num` varchar(16) DEFAULT NULL,
  PRIMARY KEY (`id`)
) ENGINE=InnoDB DEFAULT CHARSET=utf8mb3;

-- ----------------------------
-- Records of dl_exam_student
-- ----------------------------
INSERT INTO `dl_exam_student` VALUES ('1373983444368662530', '1373960568915681282', null, '1373960875271839746', '1347030377794666498', '1371753188836577281', '20200001', '1', '杨诗雨', null);
INSERT INTO `dl_exam_student` VALUES ('1373983444377051138', '1373960568915681282', null, '1373960875271839746', '1347030377794666498', '1371753188555558913', '20200002', '2', '余瑞欣', null);
INSERT INTO `dl_exam_student` VALUES ('1373983444385439745', '1373960568915681282', null, '1373960875271839746', '1347030313466626050', '1371753189276979202', '20200003', '3', '祝瑞霖', null);
INSERT INTO `dl_exam_student` VALUES ('1373983444389634049', '1373960568915681282', null, '1373960875271839746', '1347030313466626050', '1371753190380081154', '20200004', '4', '邱慧姈', null);
INSERT INTO `dl_exam_student` VALUES ('1373983444389634050', '1373960568915681282', null, '1373960875271839746', '1347030313466626050', '1371753189973233665', '20200005', '5', '唐希妍', null);
INSERT INTO `dl_exam_student` VALUES ('1373983444398022658', '1373960568915681282', null, '1373960875271839746', '1347030313466626050', '1371753189646077954', '20200006', '6', '谢永乐', null);
INSERT INTO `dl_exam_student` VALUES ('1373983444406411265', '1373960568915681282', null, '1373960875271839746', '1366386269749043202', '1371753190283612162', '20200007', '7', '谢雅萱', null);
INSERT INTO `dl_exam_student` VALUES ('1373983444414799874', '1373960568915681282', null, '1373960875271839746', '1347030377794666498', '1371753189734158337', '20200008', '8', '何梓瑶', null);
INSERT INTO `dl_exam_student` VALUES ('1373983444414799875', '1373960568915681282', null, '1373960875271839746', '1347030377794666498', '1371753189566386177', '20200009', '9', '刘雨辰', null);
INSERT INTO `dl_exam_student` VALUES ('1373983444423188482', '1373960568915681282', null, '1373960875271839746', '1347030313466626050', '1371753188979183618', '20200010', '10', '李诗涵', null);
INSERT INTO `dl_exam_student` VALUES ('1373983444423188483', '1373960568915681282', null, '1373960875271839746', '1366386269749043202', '1371753189864181764', '20200011', '11', '史晗瑶', null);
INSERT INTO `dl_exam_student` VALUES ('1373983444431577090', '1373960568915681282', null, '1373960875271839746', '1347030377794666498', '1371753189415391233', '20200012', '12', '陶芯雨', null);
INSERT INTO `dl_exam_student` VALUES ('1373983444431577091', '1373960568915681282', null, '1373960875271839746', '1347030377794666498', '1371753188467478530', '20200013', '13', '付语蕊', null);
INSERT INTO `dl_exam_student` VALUES ('1373983444431577092', '1373960568915681282', null, '1373960875271839746', '1347030377794666498', '1371753188417146882', '20200014', '14', '向阳', null);
INSERT INTO `dl_exam_student` VALUES ('1373983444431577093', '1373960568915681282', null, '1373960875271839746', '1366386269749043202', '1371753190191337474', '20200015', '15', '陆馨瑶', null);
INSERT INTO `dl_exam_student` VALUES ('1373983444452548609', '1373960568915681282', null, '1373960875271839746', '1347030377794666498', '1371753190447190018', '20200016', '16', '李青霞', null);
INSERT INTO `dl_exam_student` VALUES ('1373983444452548610', '1373960568915681282', null, '1373960875271839746', '1366386269749043202', '1371753188907880449', '20200017', '17', '周慧祥', null);
INSERT INTO `dl_exam_student` VALUES ('1373983444460937217', '1373960568915681282', null, '1373960875271839746', '1347030313466626050', '1371753190493327361', '20200018', '18', '蒋胜美', null);
INSERT INTO `dl_exam_student` VALUES ('1373983444460937218', '1373960568915681282', null, '1373960875271839746', '1347030313466626050', '1371753188752691202', '20200019', '19', '殷一畅', null);
INSERT INTO `dl_exam_student` VALUES ('1373983444469325826', '1373960568915681282', null, '1373960875271839746', '1347030313466626050', '1371753188282929153', '20200020', '20', '侯艺涵', null);
INSERT INTO `dl_exam_student` VALUES ('1373983444469325827', '1373960568915681282', null, '1373960875271839746', '1347030313466626050', '1371753189797072897', '20200021', '21', '王浩哲', null);
INSERT INTO `dl_exam_student` VALUES ('1373983444477714433', '1373960568915681282', null, '1373960875271839746', '1347030313466626050', '1371753190476550145', '20200022', '22', '傅梓滢', null);
INSERT INTO `dl_exam_student` VALUES ('1373983444477714434', '1373960568915681282', null, '1373960875271839746', '1347030313466626050', '1371753190006788097', '20200023', '23', '黄辰宇', null);
INSERT INTO `dl_exam_student` VALUES ('1373983444486103041', '1373960568915681282', null, '1373960875271839746', '1347030377794666498', '1371753190174560257', '20200024', '24', '卢梓航', null);
INSERT INTO `dl_exam_student` VALUES ('1373983444486103042', '1373960568915681282', null, '1373960875271839746', '1366386269749043202', '1371753189373448194', '20200025', '25', '刘兴豪', null);
INSERT INTO `dl_exam_student` VALUES ('1373983444494491649', '1373960568915681282', null, '1373960875271839746', '1347030313466626050', '1371753188819800065', '20200026', '26', '王子睿', null);
INSERT INTO `dl_exam_student` VALUES ('1373983444494491650', '1373960568915681282', null, '1373960875271839746', '1366386269749043202', '1371753189335699457', '20200027', '27', '刘雨欣', null);
INSERT INTO `dl_exam_student` VALUES ('1373983444502880258', '1373960568915681282', null, '1373960875271839746', '1347030377794666498', '1371753188937240577', '20200028', '28', '段悦熹', null);
INSERT INTO `dl_exam_student` VALUES ('1373983444502880259', '1373960568915681282', null, '1373960875271839746', '1347030377794666498', '1371753189226647553', '20200029', '29', '彭琳玲', null);
INSERT INTO `dl_exam_student` VALUES ('1373983444502880260', '1373960568915681282', null, '1373960875271839746', '1366386269749043202', '1371753188383592449', '20200030', '30', '黄雅培', null);
INSERT INTO `dl_exam_student` VALUES ('1373983444515463169', '1373960568915681282', null, '1373960875271839746', '1347030377794666498', '1371753189499277314', '20200031', '31', '叶青青', null);
INSERT INTO `dl_exam_student` VALUES ('1373983444515463170', '1373960568915681282', null, '1373960875271839746', '1347030313466626050', '1371753188882714626', '20200032', '32', '欧阳欣悦', null);
INSERT INTO `dl_exam_student` VALUES ('1373983444523851778', '1373960568915681282', null, '1373960875271839746', '1347030313466626050', '1371753189696409602', '20200033', '33', '曾成林', null);
INSERT INTO `dl_exam_student` VALUES ('1373983444523851779', '1373960568915681282', null, '1373960875271839746', '1366386269749043202', '1371753189578969090', '20200034', '34', '邓茗茗', null);
INSERT INTO `dl_exam_student` VALUES ('1373983444532240385', '1373960568915681282', null, '1373960875271839746', '1366386269749043202', '1371753190292000770', '20200035', '35', '张晓洋', null);
INSERT INTO `dl_exam_student` VALUES ('1373983444532240386', '1373960568915681282', null, '1373960875271839746', '1347030313466626050', '1371753189184704513', '20200036', '36', '罗芝馨', null);
INSERT INTO `dl_exam_student` VALUES ('1373983444540628993', '1373960568915681282', null, '1373960875271839746', '1347030377794666498', '1371753190086479873', '20200037', '37', '廖茄湘', null);
INSERT INTO `dl_exam_student` VALUES ('1373983444540628994', '1373960568915681282', null, '1373960875271839746', '1366386269749043202', '1371753189146955778', '20200038', '38', '王艺迪', null);
INSERT INTO `dl_exam_student` VALUES ('1373983444540628995', '1373960568915681282', null, '1373960879227068418', '1366386269749043202', '1371753189448945665', '20200039', '1', '李梓萱', null);
INSERT INTO `dl_exam_student` VALUES ('1373983444549017601', '1373960568915681282', null, '1373960879227068418', '1366386269749043202', '1371753190136811522', '20200040', '2', '张宸', null);
INSERT INTO `dl_exam_student` VALUES ('1373983444557406210', '1373960568915681282', null, '1373960879227068418', '1347030313466626050', '1371753188798828545', '20200041', '3', '倪晨皓', null);
INSERT INTO `dl_exam_student` VALUES ('1373983444557406211', '1373960568915681282', null, '1373960879227068418', '1347030313466626050', '1371753190329749506', '20200042', '4', '朱子羲', null);
INSERT INTO `dl_exam_student` VALUES ('1373983444557406212', '1373960568915681282', null, '1373960879227068418', '1366386269749043202', '1371753190455578626', '20200043', '5', '严晨轩', null);
INSERT INTO `dl_exam_student` VALUES ('1373983444565794818', '1373960568915681282', null, '1373960879227068418', '1366386269749043202', '1371753189679632385', '20200044', '6', '巫博文', null);
INSERT INTO `dl_exam_student` VALUES ('1373983444565794819', '1373960568915681282', null, '1373960879227068418', '1347030313466626050', '1371753189864181763', '20200045', '7', '彭佳尧', null);
INSERT INTO `dl_exam_student` VALUES ('1373983444574183426', '1373960568915681282', null, '1373960879227068418', '1366386269749043202', '1371753189398614018', '20200046', '8', '李新宇', null);
INSERT INTO `dl_exam_student` VALUES ('1373983444574183427', '1373960568915681282', null, '1373960879227068418', '1347030377794666498', '1371753188605890562', '20200047', '9', '陈明佑', null);
INSERT INTO `dl_exam_student` VALUES ('1373983444574183428', '1373960568915681282', null, '1373960879227068418', '1366386269749043202', '1371753189956456450', '20200048', '10', '徐怡菲', null);
INSERT INTO `dl_exam_student` VALUES ('1373983444574183429', '1373960568915681282', null, '1373960879227068418', '1347030377794666498', '1371753188522004482', '20200049', '11', '欧阳佳鸿', null);
INSERT INTO `dl_exam_student` VALUES ('1373983444590960642', '1373960568915681282', null, '1373960879227068418', '1347030313466626050', '1371753188501032962', '20200050', '12', '舒欣', null);
INSERT INTO `dl_exam_student` VALUES ('1373983444590960643', '1373960568915681282', null, '1373960879227068418', '1366386269749043202', '1371753190107451394', '20200051', '13', '王俊豪', null);
INSERT INTO `dl_exam_student` VALUES ('1373983444599349250', '1373960568915681282', null, '1373960879227068418', '1366386269749043202', '1371753189847404546', '20200052', '14', '潘和平', null);
INSERT INTO `dl_exam_student` VALUES ('1373983444599349251', '1373960568915681282', null, '1373960879227068418', '1347030313466626050', '1371753188224208898', '20200053', '15', '苏陈', null);
INSERT INTO `dl_exam_student` VALUES ('1373983444607737858', '1373960568915681282', null, '1373960879227068418', '1347030313466626050', '1371753188861743106', '20200054', '16', '刘鑫宇', null);
INSERT INTO `dl_exam_student` VALUES ('1373983444607737859', '1373960568915681282', null, '1373960879227068418', '1347030377794666498', '1371753189243424770', '20200055', '17', '宋昆', null);
INSERT INTO `dl_exam_student` VALUES ('1373983444607737860', '1373960568915681282', null, '1373960879227068418', '1366386269749043202', '1371753189318922241', '20200056', '18', '陈紫琪', null);
INSERT INTO `dl_exam_student` VALUES ('1373983444616126465', '1373960568915681282', null, '1373960879227068418', '1366386269749043202', '1371753188677193729', '20200057', '19', '李怡萌', null);
INSERT INTO `dl_exam_student` VALUES ('1373983444616126466', '1373960568915681282', null, '1373960879227068418', '1347030377794666498', '1371753190422024194', '20200058', '20', '漆照轩', null);
INSERT INTO `dl_exam_student` VALUES ('1373983444616126467', '1373960568915681282', null, '1373960879227068418', '1366386269749043202', '1371753189478305793', '20200059', '21', '胡俊熙', null);
INSERT INTO `dl_exam_student` VALUES ('1373983444624515074', '1373960568915681282', null, '1373960879227068418', '1347030377794666498', '1371753189432168449', '20200060', '22', '任国龙', null);
INSERT INTO `dl_exam_student` VALUES ('1373983444624515075', '1373960568915681282', null, '1373960879227068418', '1366386269749043202', '1371753188962406401', '20200061', '23', '陈娜', null);
INSERT INTO `dl_exam_student` VALUES ('1373983444632903681', '1373960568915681282', null, '1373960879227068418', '1347030313466626050', '1371753189105012738', '20200062', '24', '李佩源', null);
INSERT INTO `dl_exam_student` VALUES ('1373983444632903682', '1373960568915681282', null, '1373960879227068418', '1347030377794666498', '1371753189990010881', '20200063', '25', '崔若菲', null);
INSERT INTO `dl_exam_student` VALUES ('1373983444632903683', '1373960568915681282', null, '1373960879227068418', '1366386269749043202', '1371753188358426626', '20200064', '26', '丁王沐嫣', null);
INSERT INTO `dl_exam_student` VALUES ('1373983444641292289', '1373960568915681282', null, '1373960879227068418', '1347030377794666498', '1371753190061314049', '20200065', '27', '崔若茹', null);
INSERT INTO `dl_exam_student` VALUES ('1373983444645486594', '1373960568915681282', null, '1373960879227068418', '1347030377794666498', '1371753190363303938', '20200066', '28', '陈嘉淇', null);
INSERT INTO `dl_exam_student` VALUES ('1373983444645486595', '1373960568915681282', null, '1373960879227068418', '1366386269749043202', '1371753189125984258', '20200067', '29', '张晋晨', null);
INSERT INTO `dl_exam_student` VALUES ('1373983444687429634', '1373960568915681282', null, '1373960879227068418', '1347030377794666498', '1371753189163732993', '20200068', '30', '陈心语', null);
INSERT INTO `dl_exam_student` VALUES ('1373983444695818242', '1373960568915681282', null, '1373960879227068418', '1347030313466626050', '1371753189864181762', '20200069', '31', '张策', null);
INSERT INTO `dl_exam_student` VALUES ('1373983444700012546', '1373960568915681282', null, '1373960879227068418', '1347030313466626050', '1371753189671243777', '20200070', '32', '刘辰', null);
INSERT INTO `dl_exam_student` VALUES ('1373983444700012547', '1373960568915681282', null, '1373960879227068418', '1347030377794666498', '1371753189780295681', '20200071', '33', '李佳瑶', null);
INSERT INTO `dl_exam_student` VALUES ('1373983444704206850', '1373960568915681282', null, '1373960879227068418', '1366386269749043202', '1371753189910319106', '20200072', '34', '娄志涵', null);
INSERT INTO `dl_exam_student` VALUES ('1373983444704206851', '1373960568915681282', null, '1373960879227068418', '1366386269749043202', '1371753188920463361', '20200073', '35', '邓福祥', null);
INSERT INTO `dl_exam_student` VALUES ('1373983444704206852', '1373960568915681282', null, '1373960879227068418', '1347030313466626050', '1371753188769468417', '20200074', '36', '李思彤', null);
INSERT INTO `dl_exam_student` VALUES ('1373983444704206853', '1373960568915681282', null, '1373960879227068418', '1347030313466626050', '1371753188727525377', '20200075', '37', '李中铭', null);
INSERT INTO `dl_exam_student` VALUES ('1373983444712595457', '1373960568915681282', null, '1373960879227068418', '1347030313466626050', '1371753189302145025', '20200076', '38', '程梓涵', null);
INSERT INTO `dl_exam_student` VALUES ('1373983444712595458', '1373960568915681282', null, '1373960879227068418', '1347030377794666498', '1371753188136128514', '20200077', '39', '徐靖阳', null);
INSERT INTO `dl_exam_student` VALUES ('1373983444720984066', '1373960568915681282', null, '1373960881596850177', '1366386269749043202', '1371753188249374722', '20200078', '1', '万欣然', null);
INSERT INTO `dl_exam_student` VALUES ('1373983444720984067', '1373960568915681282', null, '1373960881596850177', '1347030377794666498', '1371753189834821633', '20200079', '2', '时雨晨', null);
INSERT INTO `dl_exam_student` VALUES ('1373983444729372674', '1373960568915681282', null, '1373960881596850177', '1347030313466626050', '1371753188316483585', '20200080', '3', '顾天溢', null);
INSERT INTO `dl_exam_student` VALUES ('1373983444729372675', '1373960568915681282', null, '1373960881596850177', '1347030377794666498', '1371753189197287425', '20200081', '4', '王诗文', null);
INSERT INTO `dl_exam_student` VALUES ('1373983444737761281', '1373960568915681282', null, '1373960881596850177', '1347030313466626050', '1371753189595746306', '20200082', '5', '陈欣悦', null);
INSERT INTO `dl_exam_student` VALUES ('1373983444737761282', '1373960568915681282', null, '1373960881596850177', '1366386269749043202', '1371753190346526722', '20200083', '6', '苏彪', null);
INSERT INTO `dl_exam_student` VALUES ('1373983444737761283', '1373960568915681282', null, '1373960881596850177', '1366386269749043202', '1371753189717381121', '20200084', '7', '蒋毅', null);
INSERT INTO `dl_exam_student` VALUES ('1373983444746149889', '1373960568915681282', null, '1373960881596850177', '1366386269749043202', '1371753189079846913', '20200085', '8', '吴懿瑾萱', null);
INSERT INTO `dl_exam_student` VALUES ('1373983444746149890', '1373960568915681282', null, '1373960881596850177', '1347030377794666498', '1371753190044536834', '20200086', '9', '杨梦杰', null);
INSERT INTO `dl_exam_student` VALUES ('1373983444754538498', '1373960568915681282', null, '1373960881596850177', '1347030377794666498', '1371753189012738050', '20200087', '10', '许博文', null);
INSERT INTO `dl_exam_student` VALUES ('1373983444754538499', '1373960568915681282', null, '1373960881596850177', '1347030313466626050', '1371753188442312705', '20200088', '11', '易鑫悦', null);
INSERT INTO `dl_exam_student` VALUES ('1373983444754538500', '1373960568915681282', null, '1373960881596850177', '1347030313466626050', '1371753188580724737', '20200089', '12', '周佩霓', null);
INSERT INTO `dl_exam_student` VALUES ('1373983444762927105', '1373960568915681282', null, '1373960881596850177', '1366386269749043202', '1371753190208114690', '20200090', '13', '小芳莫', null);
INSERT INTO `dl_exam_student` VALUES ('1373983444762927106', '1373960568915681282', null, '1373960881596850177', '1366386269749043202', '1371753188706553858', '20200091', '14', '黄辰熙', null);
INSERT INTO `dl_exam_student` VALUES ('1373983444762927107', '1373960568915681282', null, '1373960881596850177', '1347030377794666498', '1371753189541220353', '20200092', '15', '李佳赢', null);
INSERT INTO `dl_exam_student` VALUES ('1373983444762927108', '1373960568915681282', null, '1373960881596850177', '1366386269749043202', '1371753189352476673', '20200093', '16', '范明辉', null);
INSERT INTO `dl_exam_student` VALUES ('1373983444775510017', '1373960568915681282', null, '1373960881596850177', '1366386269749043202', '1371753190153588738', '20200094', '17', '万芯如', null);
INSERT INTO `dl_exam_student` VALUES ('1373983444775510018', '1373960568915681282', null, '1373960881596850177', '1347030377794666498', '1371753189629300738', '20200095', '18', '朱星雨', null);
INSERT INTO `dl_exam_student` VALUES ('1373983444775510019', '1373960568915681282', null, '1373960881596850177', '1366386269749043202', '1371753189767712770', '20200096', '19', '骆宝泽', null);
INSERT INTO `dl_exam_student` VALUES ('1373983444775510020', '1373960568915681282', null, '1373960881596850177', '1347030377794666498', '1371753190396858369', '20200097', '20', '杨杰瑞', null);
INSERT INTO `dl_exam_student` VALUES ('1373983444775510021', '1373960568915681282', null, '1373960881596850177', '1347030313466626050', '1371753189750935554', '20200098', '21', '何金浩', null);
INSERT INTO `dl_exam_student` VALUES ('1373983444796481538', '1373960568915681282', null, '1373960881596850177', '1347030313466626050', '1371753189063069697', '20200099', '22', '江昕远', null);
INSERT INTO `dl_exam_student` VALUES ('1373983444796481539', '1373960568915681282', null, '1373960881596850177', '1347030313466626050', '1371753188647833601', '20200100', '23', '林一凡', null);
INSERT INTO `dl_exam_student` VALUES ('1373983444796481540', '1373960568915681282', null, '1373960881596850177', '1347030313466626050', '1371753189260201985', '20200101', '24', '郑依萱', null);
INSERT INTO `dl_exam_student` VALUES ('1373983444809064450', '1373960568915681282', null, '1373960881596850177', '1347030377794666498', '1371753190224891905', '20200102', '25', '王晨毅', null);
INSERT INTO `dl_exam_student` VALUES ('1373983444813258753', '1373960568915681282', null, '1373960881596850177', '1347030377794666498', '1371753190124228609', '20200103', '26', '张雅凤', null);
INSERT INTO `dl_exam_student` VALUES ('1373983444813258754', '1373960568915681282', null, '1373960881596850177', '1347030313466626050', '1371753188995960833', '20200104', '27', '陈洪旺', null);
INSERT INTO `dl_exam_student` VALUES ('1373983444813258755', '1373960568915681282', null, '1373960881596850177', '1366386269749043202', '1371753189612523522', '20200105', '28', '汤诗宇', null);
INSERT INTO `dl_exam_student` VALUES ('1373983444821647362', '1373960568915681282', null, '1373960881596850177', '1366386269749043202', '1371753189524443137', '20200106', '29', '周梓琳', null);
INSERT INTO `dl_exam_student` VALUES ('1373983444821647363', '1373960568915681282', null, '1373960881596850177', '1347030377794666498', '1371753190241669121', '20200107', '30', '林少涵', null);
INSERT INTO `dl_exam_student` VALUES ('1373983444830035970', '1373960568915681282', null, '1373960881596850177', '1347030313466626050', '1371753190027759618', '20200108', '31', '周宏森', null);
INSERT INTO `dl_exam_student` VALUES ('1373983444830035971', '1373960568915681282', null, '1373960881596850177', '1366386269749043202', '1371753189931290626', '20200109', '32', '李思琪', null);
INSERT INTO `dl_exam_student` VALUES ('1373983444838424577', '1373960568915681282', null, '1373960881596850177', '1347030377794666498', '1371753190413635586', '20200110', '33', '周雨萱', null);
INSERT INTO `dl_exam_student` VALUES ('1373983444838424578', '1373960568915681282', null, '1373960881596850177', '1347030377794666498', '1371753189818044417', '20200111', '34', '周佩熹', null);
INSERT INTO `dl_exam_student` VALUES ('1373983444846813186', '1373960568915681282', null, '1373960881596850177', '1366386269749043202', '1371753189033709569', '20200112', '35', '张展宁', null);

-- ----------------------------
-- Table structure for `dl_exam_subject`
-- ----------------------------
DROP TABLE IF EXISTS `dl_exam_subject`;
CREATE TABLE `dl_exam_subject` (
  `id` varchar(64) NOT NULL,
  `exam_id` varchar(64) DEFAULT NULL,
  `course_id` varchar(64) DEFAULT NULL,
  `test_id` varchar(64) DEFAULT NULL,
  `remark` varchar(255) DEFAULT NULL,
  `exam_date` date DEFAULT NULL COMMENT '考试日期',
  `start_time` time DEFAULT NULL COMMENT '开考时间',
  `end_time` time DEFAULT NULL COMMENT '结束时间',
  `course_name` varchar(64) DEFAULT NULL,
  `total_score` decimal(10,0) DEFAULT NULL COMMENT '总分',
  PRIMARY KEY (`id`)
) ENGINE=InnoDB DEFAULT CHARSET=utf8mb3;

-- ----------------------------
-- Records of dl_exam_subject
-- ----------------------------
INSERT INTO `dl_exam_subject` VALUES ('1347039011412942850', '1347038973727121410', '1338672065913659394', null, null, '2021-01-07', '08:30:00', '10:00:00', '语文', '100');
INSERT INTO `dl_exam_subject` VALUES ('1347039011412942851', '1347038973727121410', '1338673554375634946', null, null, '2021-01-07', '10:30:00', '12:00:00', '数学', '100');
INSERT INTO `dl_exam_subject` VALUES ('1347165449055166466', '1347165372823691266', '1338676228303155201', null, null, '2021-01-22', '08:30:00', '10:00:00', '语文', '100');
INSERT INTO `dl_exam_subject` VALUES ('1347165449055166467', '1347165372823691266', '1338676685679423489', null, null, '2021-01-22', '10:30:00', '12:00:00', '数学', '100');
INSERT INTO `dl_exam_subject` VALUES ('1367102003215151106', '1367101960584245250', '1338691977994379265', null, null, '2021-03-04', '09:00:00', '10:00:00', '语文', '100');
INSERT INTO `dl_exam_subject` VALUES ('1367102003252899842', '1367101960584245250', '1338801366921289730', null, null, '2021-03-04', '10:02:00', '11:00:00', '数学', '100');
INSERT INTO `dl_exam_subject` VALUES ('1367102003261288450', '1367101960584245250', '1361614365083971586', null, null, '2021-03-04', '11:03:00', '12:00:00', '体育', '100');
INSERT INTO `dl_exam_subject` VALUES ('1367102003286454273', '1367101960584245250', '1361614407127674882', null, null, '2021-03-04', '14:00:00', '15:00:00', '音乐', '100');
INSERT INTO `dl_exam_subject` VALUES ('1373960607318728706', '1373960568915681282', '1338691977994379265', null, null, '2021-03-31', '08:30:00', '09:30:00', '语文', '100');
INSERT INTO `dl_exam_subject` VALUES ('1373960607318728707', '1373960568915681282', '1338801366921289730', null, null, '2021-03-31', '10:00:00', '11:00:00', '数学', '100');

-- ----------------------------
-- Table structure for `dl_exam_teacher`
-- ----------------------------
DROP TABLE IF EXISTS `dl_exam_teacher`;
CREATE TABLE `dl_exam_teacher` (
  `id` varchar(64) NOT NULL,
  `exam_id` varchar(64) DEFAULT NULL COMMENT '考试计划ID',
  `teacher_id` varchar(64) DEFAULT NULL COMMENT '教师ID',
  `teacher_name` varchar(32) DEFAULT NULL COMMENT '教师名称',
  `username` varchar(32) DEFAULT NULL COMMENT '工号',
  PRIMARY KEY (`id`)
) ENGINE=InnoDB DEFAULT CHARSET=utf8mb3;

-- ----------------------------
-- Records of dl_exam_teacher
-- ----------------------------
INSERT INTO `dl_exam_teacher` VALUES ('1347041105326940162', '1347038973727121410', '1347029568935723009', 't4', '10104');
INSERT INTO `dl_exam_teacher` VALUES ('1347041105364688898', '1347038973727121410', '1341347664207052802', '赵四', '1002');
INSERT INTO `dl_exam_teacher` VALUES ('1347041105381466114', '1347038973727121410', '1341347778094989313', '王五', '1003');
INSERT INTO `dl_exam_teacher` VALUES ('1347041105398243330', '1347038973727121410', '1347029907218923522', 't7', '10107');
INSERT INTO `dl_exam_teacher` VALUES ('1347041474790596609', '1347038973727121410', '1347029691988213762', 't5', '10105');
INSERT INTO `dl_exam_teacher` VALUES ('1347041476904525826', '1347038973727121410', '1347029461406351361', 't3', '10103');
INSERT INTO `dl_exam_teacher` VALUES ('1347041479035232258', '1347038973727121410', '1347029397187362817', 't2', '10102');
INSERT INTO `dl_exam_teacher` VALUES ('1347041492096294913', '1347038973727121410', '1347029303025238018', 't1', '10101');
INSERT INTO `dl_exam_teacher` VALUES ('1367100842080808962', '1347165372823691266', '1366382463191670786', '美术老师', 'lx2020010');
INSERT INTO `dl_exam_teacher` VALUES ('1367102834698170369', '1367101960584245250', '1366382274997444610', '李朝政', 'lx2020007');
INSERT INTO `dl_exam_teacher` VALUES ('1367102840813465602', '1367101960584245250', '1366381977948446721', '杨杨', 'lx2020004');
INSERT INTO `dl_exam_teacher` VALUES ('1373961652665114626', '1373960568915681282', '1366382171683348481', '肖璐', 'lx2020006');
INSERT INTO `dl_exam_teacher` VALUES ('1373961655370440705', '1373960568915681282', '1366381977948446721', '杨杨', 'lx2020004');
INSERT INTO `dl_exam_teacher` VALUES ('1373961689478520833', '1373960568915681282', '1366381749862195202', '杨倩玉', 'lx2020002');

-- ----------------------------
-- Table structure for `dl_grade`
-- ----------------------------
DROP TABLE IF EXISTS `dl_grade`;
CREATE TABLE `dl_grade` (
  `id` varchar(64) NOT NULL DEFAULT '0',
  `grade_name` varchar(64) DEFAULT NULL COMMENT '年级名称',
  `type` int DEFAULT NULL,
  `status` int DEFAULT NULL,
  `remark` varchar(255) DEFAULT NULL,
  `deleted` int DEFAULT '1',
  `grade_name_label` varchar(255) DEFAULT NULL,
  `grade_num` int DEFAULT NULL COMMENT '年级编号（用于判断是第级年级）',
  PRIMARY KEY (`id`)
) ENGINE=InnoDB DEFAULT CHARSET=utf8mb3;

-- ----------------------------
-- Records of dl_grade
-- ----------------------------
INSERT INTO `dl_grade` VALUES ('1335468385950769153', '2019', '2', '1', '', '1', '初中-2019级', '2322');
INSERT INTO `dl_grade` VALUES ('1335469590391369729', '2020', '1', '1', '', '1', '小学-2020级', '1612');
INSERT INTO `dl_grade` VALUES ('1338008734819221506', '2016', '1', '1', '', '1', '小学-2016级', '1652');
INSERT INTO `dl_grade` VALUES ('1338008779685691393', '2017', '1', '1', '', '1', '小学-2017级', '1642');
INSERT INTO `dl_grade` VALUES ('1338008812053135361', '2018', '1', '1', '', '1', '小学-2018级', '1632');
INSERT INTO `dl_grade` VALUES ('1338008847125905409', '2019', '1', '1', '', '1', '小学-2019级', '1622');
INSERT INTO `dl_grade` VALUES ('1338008908719259650', '2017', '2', '2', '', '0', '初中-2017级', null);
INSERT INTO `dl_grade` VALUES ('1338008938872111106', '2018', '2', '1', '', '1', '未定-null级', '2332');
INSERT INTO `dl_grade` VALUES ('1338008970820124673', '2020', '2', '1', '', '1', '初中-2020级', '2312');
INSERT INTO `dl_grade` VALUES ('1338009103213330434', '2015', '1', '1', '', '1', '小学-2015级', '1662');

-- ----------------------------
-- Table structure for `dl_question_bank`
-- ----------------------------
DROP TABLE IF EXISTS `dl_question_bank`;
CREATE TABLE `dl_question_bank` (
  `id` varchar(64) NOT NULL,
  `question_type` varchar(64) DEFAULT NULL COMMENT '试题类别',
  `subject_id` varchar(64) DEFAULT NULL COMMENT '科目',
  `content` text COMMENT '内容',
  `grade_type` int DEFAULT NULL COMMENT '适用年级',
  `answer` text,
  `knowledge_id` varchar(255) DEFAULT NULL COMMENT '知识点ID',
  `create_id` varchar(255) DEFAULT NULL COMMENT '创建人ID',
  `create_time` datetime DEFAULT NULL,
  `update_id` varchar(255) DEFAULT NULL,
  `update_time` datetime DEFAULT NULL,
  `remark` varchar(255) DEFAULT NULL,
  `deleted` int DEFAULT NULL COMMENT '是否删除0是1否',
  `self` int DEFAULT NULL COMMENT '是否私有1是2否',
  `difficulty` int DEFAULT NULL COMMENT '难度（字典）',
  PRIMARY KEY (`id`)
) ENGINE=InnoDB DEFAULT CHARSET=utf8mb3;

-- ----------------------------
-- Records of dl_question_bank
-- ----------------------------
INSERT INTO `dl_question_bank` VALUES ('1340167127315066881', '1339762497057738753', '1338841469836251137', '<p>如图，在直线m上摆放着三个等边三角形△ABC、△HFG、△DCE。已知BC=CE，F、G分别是BC、CE的中点，FM∥AC，GN∥DC。设图中三个平行四边形的面积依次是S1 、S2、S 3 ，若S1+S3 = 10，则S2=<u>&nbsp; &nbsp; &nbsp; &nbsp; &nbsp; &nbsp; &nbsp;&nbsp;<img src=\"http://localhost:8080/files/20201219/275e52827ad24fc088e6c8f8889027f0.jpg\" alt=\"undefined\"></u></p>', '2321', '反对v搞定撒是答复', null, '1', '2020-12-19 13:28:37', '1', '2020-12-19 17:02:20', '', '1', '1', '2');
INSERT INTO `dl_question_bank` VALUES ('1340203735829471234', '1339762385732521985', '1338672065913659394', '士大夫撒算法', '1611', '撒发生', null, '1', '2020-12-19 15:54:05', '1', '2020-12-19 17:03:06', '', '0', '1', '3');
INSERT INTO `dl_question_bank` VALUES ('1340221053150236674', '1339762385732521985', '1338672065913659394', '<p>如图，在直线m上摆放着三个等边三角形△ABC、△HFG、△DCE。已知BC=CE，F、G分别是BC、CE的中点，FM∥AC，GN∥DC。设图中三个平行四边形的面积依次是S1 、S2、S 3 ，若S1+S3 = 10，则S2=<u>&nbsp; &nbsp; &nbsp; &nbsp; &nbsp; &nbsp; &nbsp;&nbsp;<img src=\"http://localhost:8080/files/20201219/275e52827ad24fc088e6c8f8889027f0.jpg\" alt=\"undefined\"></u></p>', '1611', '反对v搞定撒是答复', null, '1', '2020-12-19 17:02:54', null, null, '', '1', '1', '1');
INSERT INTO `dl_question_bank` VALUES ('1340221256909524994', '1339762385732521985', '1338676228303155201', '士大夫撒算法', '1621', '撒发生', null, '1', '2020-12-19 17:03:42', null, null, '', '1', '2', '2');

-- ----------------------------
-- Table structure for `dl_question_type`
-- ----------------------------
DROP TABLE IF EXISTS `dl_question_type`;
CREATE TABLE `dl_question_type` (
  `id` varchar(255) NOT NULL,
  `type_name` varchar(255) DEFAULT NULL COMMENT '类型名称',
  `remark` varchar(255) DEFAULT NULL COMMENT '备注',
  `create_id` varchar(255) DEFAULT NULL,
  `create_time` datetime DEFAULT NULL,
  `update_time` datetime DEFAULT NULL,
  `update_id` varchar(255) DEFAULT NULL,
  `deleted` int DEFAULT NULL,
  PRIMARY KEY (`id`)
) ENGINE=InnoDB DEFAULT CHARSET=utf8mb3;

-- ----------------------------
-- Records of dl_question_type
-- ----------------------------
INSERT INTO `dl_question_type` VALUES ('1339762385732521985', '单项选择题', '', '1', '2020-12-18 10:40:19', null, null, '1');
INSERT INTO `dl_question_type` VALUES ('1339762433006522370', '多项选择题', '', '1', '2020-12-18 10:40:30', null, null, '1');
INSERT INTO `dl_question_type` VALUES ('1339762466883915777', '应用题', '', '1', '2020-12-18 10:40:38', null, null, '1');
INSERT INTO `dl_question_type` VALUES ('1339762497057738753', '填空题', '', '1', '2020-12-18 10:40:46', null, null, '1');
INSERT INTO `dl_question_type` VALUES ('1339762615962062849', '看图说话', '', '1', '2020-12-18 10:41:14', null, null, '1');
INSERT INTO `dl_question_type` VALUES ('1339762792961691650', '作文题', '', '1', '2020-12-18 10:41:56', null, null, '1');

-- ----------------------------
-- Table structure for `dl_room`
-- ----------------------------
DROP TABLE IF EXISTS `dl_room`;
CREATE TABLE `dl_room` (
  `id` varchar(64) NOT NULL,
  `room_name` varchar(64) DEFAULT NULL COMMENT '教室名称',
  `room_type` int DEFAULT NULL COMMENT '教室类型',
  `capacity` int DEFAULT NULL COMMENT '容纳量',
  `has_num` int DEFAULT NULL COMMENT '已有量',
  `room_desc` varchar(255) DEFAULT NULL COMMENT '描述',
  `address` varchar(64) DEFAULT NULL COMMENT '地址',
  `status` int DEFAULT '1',
  `remark` varchar(255) DEFAULT NULL,
  PRIMARY KEY (`id`)
) ENGINE=InnoDB DEFAULT CHARSET=utf8mb3;

-- ----------------------------
-- Records of dl_room
-- ----------------------------
INSERT INTO `dl_room` VALUES ('1334845699547394049', '一年级二班', '1', '45', null, '', '', '1', '');
INSERT INTO `dl_room` VALUES ('1334848602098069506', '一年级一班', '1', '90', null, '', '', '1', '');
INSERT INTO `dl_room` VALUES ('1334852133605507074', '一年级三班', '1', '51', null, '', '', '1', '');
INSERT INTO `dl_room` VALUES ('1334852194771042305', '二年级一班', '1', '60', null, '11', '', '1', '');
INSERT INTO `dl_room` VALUES ('1334881724013473793', '二年级二班', '1', '65', null, '', '', '1', '');
INSERT INTO `dl_room` VALUES ('1366385395396042754', '二年级三班', '1', null, null, '', '', '1', '');
INSERT INTO `dl_room` VALUES ('1366385441537581057', '二年级四班', '1', null, null, '', '', '1', '');
INSERT INTO `dl_room` VALUES ('1366385484910878721', '三年级一班', '1', null, null, '', '', '1', '');
INSERT INTO `dl_room` VALUES ('1366385510210920450', '三年级二班', '1', null, null, '', '', '1', '');
INSERT INTO `dl_room` VALUES ('1366385536093970434', '三年级三班', '1', null, null, '', '', '1', '');
INSERT INTO `dl_room` VALUES ('1366385564749455361', '三年级四班', '1', null, null, '', '', '1', '');
INSERT INTO `dl_room` VALUES ('1366385621309644802', '四年级一班', '1', null, null, '', '', '1', '');
INSERT INTO `dl_room` VALUES ('1366385641077399554', '四年级二班', '1', null, null, '', '', '1', '');
INSERT INTO `dl_room` VALUES ('1366385662254440449', '五年级一班', '1', null, null, '', '', '1', '');
INSERT INTO `dl_room` VALUES ('1366385695297167362', '五年级二班', '1', null, null, '', '', '1', '');
INSERT INTO `dl_room` VALUES ('1366385730852282370', '六年级一班', '1', null, null, '', '', '1', '');
INSERT INTO `dl_room` VALUES ('1366385770773667841', '六年级二班', '1', null, null, '', '', '1', '');
INSERT INTO `dl_room` VALUES ('1366385799596924929', '六年级三班', '1', null, null, '', '', '1', '');
INSERT INTO `dl_room` VALUES ('1366385829003190274', '七年级一班', '1', null, null, '', '', '1', '');
INSERT INTO `dl_room` VALUES ('1366385856824008706', '七年级二班', '1', null, null, '', '', '1', '');
INSERT INTO `dl_room` VALUES ('1366385881239052290', '七年级三班', '1', null, null, '', '', '1', '');
INSERT INTO `dl_room` VALUES ('1366385908942430209', '八年级一班', '1', null, null, '', '', '1', '');
INSERT INTO `dl_room` VALUES ('1366385934565433346', '八年级二班', '1', null, null, '', '', '1', '');
INSERT INTO `dl_room` VALUES ('1366385955893469185', '九年级一班', '1', null, null, '', '', '1', '');
INSERT INTO `dl_room` VALUES ('1366385979138301954', '九年级二班', '1', null, null, '', '', '1', '');
INSERT INTO `dl_room` VALUES ('1366386003133915138', '九年级三班', '1', null, null, '', '', '1', '');

-- ----------------------------
-- Table structure for `dl_student`
-- ----------------------------
DROP TABLE IF EXISTS `dl_student`;
CREATE TABLE `dl_student` (
  `id` varchar(64) NOT NULL DEFAULT '' COMMENT 'ID',
  `s_name` varchar(16) DEFAULT NULL,
  `s_no` varchar(16) DEFAULT NULL COMMENT '学号',
  `ss_no` varchar(64) DEFAULT NULL COMMENT '学籍号',
  `id_card` varchar(64) DEFAULT NULL COMMENT '身份证号',
  `class_id` varchar(64) DEFAULT NULL COMMENT '班级ID',
  `mather_name` varchar(16) DEFAULT NULL,
  `mather_phone` varchar(16) DEFAULT NULL,
  `age` int DEFAULT NULL,
  `gender` int DEFAULT NULL COMMENT '性别（1男，2女）',
  `phone_num` varchar(16) DEFAULT NULL,
  `grade_id` varchar(64) DEFAULT NULL COMMENT '年级ID',
  `father_phone` varchar(16) DEFAULT NULL,
  `father_name` varchar(16) DEFAULT NULL,
  `join_type` int DEFAULT NULL COMMENT '入学类型',
  `join_time` datetime DEFAULT NULL COMMENT '入学时间',
  `status` int DEFAULT NULL COMMENT '状态（1.在校，2转校，3毕业）',
  `create_time` datetime DEFAULT NULL,
  `create_id` varchar(64) DEFAULT NULL,
  `update_time` datetime DEFAULT NULL,
  `update_id` varchar(64) DEFAULT NULL,
  `remark` varchar(255) DEFAULT NULL,
  `address` varchar(255) DEFAULT NULL,
  `deleted` int DEFAULT '1',
  `native_place` varchar(64) DEFAULT NULL,
  `nation` varchar(64) DEFAULT NULL,
  `birthday` date DEFAULT NULL,
  `now_address` varchar(255) DEFAULT NULL COMMENT '现居住地址',
  `home_address` varchar(255) DEFAULT NULL COMMENT '家庭住址',
  `healthy` varchar(64) DEFAULT NULL COMMENT '健康状态',
  `contact_address` varchar(255) DEFAULT '联系地址',
  `native_type` int DEFAULT NULL COMMENT '户口类型',
  `join_mode` int DEFAULT NULL COMMENT '就读方式',
  `study_method` varchar(64) DEFAULT NULL COMMENT '入学方式',
  PRIMARY KEY (`id`)
) ENGINE=InnoDB DEFAULT CHARSET=utf8mb3;

-- ----------------------------
-- Records of dl_student
-- ----------------------------

-- ----------------------------
-- Table structure for `dl_subject`
-- ----------------------------
DROP TABLE IF EXISTS `dl_subject`;
CREATE TABLE `dl_subject` (
  `id` varchar(64) NOT NULL,
  `course_name` varchar(255) DEFAULT NULL COMMENT '课程名称',
  `course_desc` varchar(255) DEFAULT NULL COMMENT '课程描述',
  `class_type` int DEFAULT NULL COMMENT '学科所属类型',
  `deleted` int DEFAULT '1',
  PRIMARY KEY (`id`)
) ENGINE=InnoDB DEFAULT CHARSET=utf8mb3;

-- ----------------------------
-- Records of dl_subject
-- ----------------------------
INSERT INTO `dl_subject` VALUES ('1338654760047476737', '语文', '', '1', '1');
INSERT INTO `dl_subject` VALUES ('1338657261547204610', '数学', '', '1', '1');
INSERT INTO `dl_subject` VALUES ('1338657336595886082', '语文', '', '2', '1');
INSERT INTO `dl_subject` VALUES ('1338657357991030785', '数学', '', '2', '1');
INSERT INTO `dl_subject` VALUES ('1338657379587502081', '英语', '', '2', '1');
INSERT INTO `dl_subject` VALUES ('1338657406854672385', '物理', '', '2', '1');
INSERT INTO `dl_subject` VALUES ('1338657424466554882', '化学', '', '2', '1');
INSERT INTO `dl_subject` VALUES ('1338657444855066626', '生物', '', '2', '1');
INSERT INTO `dl_subject` VALUES ('1338657461934272514', '历史', '', '2', '1');
INSERT INTO `dl_subject` VALUES ('1338657479349022721', '地理', '', '2', '1');
INSERT INTO `dl_subject` VALUES ('1338657497095122945', '政治', '', '2', '1');
INSERT INTO `dl_subject` VALUES ('1361511498675322882', '音乐', '', '1', '1');
INSERT INTO `dl_subject` VALUES ('1361511531009212418', '体育', '', '1', '1');
INSERT INTO `dl_subject` VALUES ('1361611972271288321', '体育与健康', '', '1', '1');
INSERT INTO `dl_subject` VALUES ('1361612025044021250', '美术', '', '1', '1');
INSERT INTO `dl_subject` VALUES ('1361612119617187841', '国学经典', '', '1', '1');
INSERT INTO `dl_subject` VALUES ('1361612259396562945', '生命生活与安全', '', '1', '1');
INSERT INTO `dl_subject` VALUES ('1361612324299223042', '体育', '', '2', '1');
INSERT INTO `dl_subject` VALUES ('1361612354070392833', '音乐', '', '2', '1');
INSERT INTO `dl_subject` VALUES ('1361612468755247106', '计算机', '', '2', '1');
INSERT INTO `dl_subject` VALUES ('1366393427303653377', '英语', '', '1', '1');
INSERT INTO `dl_subject` VALUES ('1366393770489995265', '道德与法治', '', '1', '1');
INSERT INTO `dl_subject` VALUES ('1366394096026705922', '阅读与写作', '', '1', '1');
INSERT INTO `dl_subject` VALUES ('1366394130550022146', '习字', '', '1', '1');
INSERT INTO `dl_subject` VALUES ('1366394178771935234', '活动', '', '1', '1');
INSERT INTO `dl_subject` VALUES ('1366394242223366146', '书法', '', '1', '1');
INSERT INTO `dl_subject` VALUES ('1372862247325216769', '心理与健康教育', '', '1', '1');
INSERT INTO `dl_subject` VALUES ('1372862974302957570', '品德与生活', '', '1', '1');
INSERT INTO `dl_subject` VALUES ('1372865908315074562', '班队课', '', '1', '1');
INSERT INTO `dl_subject` VALUES ('1373946666756661249', '综合实践', '', '1', '1');

-- ----------------------------
-- Table structure for `dl_term`
-- ----------------------------
DROP TABLE IF EXISTS `dl_term`;
CREATE TABLE `dl_term` (
  `id` varchar(64) NOT NULL,
  `title` varchar(64) DEFAULT NULL COMMENT '标题',
  `school_year` varchar(64) DEFAULT NULL COMMENT '学年',
  `term` int DEFAULT NULL COMMENT '学期（1第一学期 2第二学期）',
  `start_time` date DEFAULT NULL COMMENT '开始时间',
  `end_time` date DEFAULT NULL COMMENT '结束时间',
  `status` int DEFAULT NULL COMMENT '状态',
  `deleted` int DEFAULT NULL,
  PRIMARY KEY (`id`)
) ENGINE=InnoDB DEFAULT CHARSET=utf8mb3;

-- ----------------------------
-- Records of dl_term
-- ----------------------------
INSERT INTO `dl_term` VALUES ('1346708256778407937', '2019~2020学年度第二学期', '2019~2020学年度', '2', '2020-02-29', '2020-06-19', '2', '1');
INSERT INTO `dl_term` VALUES ('1346713330594394113', '2020~2021学年度第一学期', '2020~2021学年度', '1', '2020-08-31', '2021-01-06', '2', '1');
INSERT INTO `dl_term` VALUES ('1360518975966326786', '2020~2021学年度第二学期', '2020~2021学年度', '2', '2021-03-01', '2021-07-09', '1', '1');

-- ----------------------------
-- Table structure for `dl_test`
-- ----------------------------
DROP TABLE IF EXISTS `dl_test`;
CREATE TABLE `dl_test` (
  `id` varchar(64) NOT NULL,
  `code` varchar(255) DEFAULT NULL COMMENT '试题编号',
  `test_name` varchar(255) DEFAULT NULL COMMENT '试卷名称',
  `notes` varchar(255) DEFAULT NULL COMMENT '注意事项',
  `duration` double DEFAULT NULL COMMENT '考试时长',
  `score` double DEFAULT NULL COMMENT '试卷总分',
  `create_id` varchar(64) DEFAULT NULL,
  `create_time` datetime DEFAULT NULL,
  `update_id` varchar(64) DEFAULT NULL,
  `update_time` datetime DEFAULT NULL,
  `self` int DEFAULT NULL COMMENT '私有化1是2否',
  `deleted` int DEFAULT NULL COMMENT '1正常0删除',
  `subject_id` varchar(255) DEFAULT NULL COMMENT '科目ID',
  `grade_type` int DEFAULT NULL COMMENT '适用年级',
  PRIMARY KEY (`id`)
) ENGINE=InnoDB DEFAULT CHARSET=utf8mb3;

-- ----------------------------
-- Records of dl_test
-- ----------------------------
INSERT INTO `dl_test` VALUES ('1340850404203962370', '', '2020-12一年级月考', '', '100', '100', null, null, null, null, '1', '1', '1338824951060680706', '2312');
INSERT INTO `dl_test` VALUES ('1340902563373215746', 'SJ202012217132', '2020年12月初中一年级数学月考', '', '120', '100', null, null, null, null, '1', '1', '1338824559677591553', '2311');

-- ----------------------------
-- Table structure for `dl_test_detail`
-- ----------------------------
DROP TABLE IF EXISTS `dl_test_detail`;
CREATE TABLE `dl_test_detail` (
  `id` varchar(64) NOT NULL,
  `item_id` varchar(64) DEFAULT NULL COMMENT '大题ID',
  `content` text,
  `score` double DEFAULT NULL COMMENT '分数',
  `question_id` varchar(64) DEFAULT NULL COMMENT '试题ID',
  `sort` int DEFAULT NULL COMMENT '排序',
  `order_num` int DEFAULT NULL COMMENT '序号',
  PRIMARY KEY (`id`)
) ENGINE=InnoDB DEFAULT CHARSET=utf8mb3;

-- ----------------------------
-- Records of dl_test_detail
-- ----------------------------

-- ----------------------------
-- Table structure for `dl_test_item`
-- ----------------------------
DROP TABLE IF EXISTS `dl_test_item`;
CREATE TABLE `dl_test_item` (
  `id` varchar(64) NOT NULL,
  `test_id` varchar(64) DEFAULT NULL COMMENT '试卷ID',
  `question_type` int DEFAULT NULL COMMENT '试题类型',
  `name` varchar(64) DEFAULT NULL COMMENT '大题名称',
  `question_desc` varchar(255) DEFAULT NULL COMMENT '大题描述',
  `score` double DEFAULT NULL,
  `sort` int DEFAULT NULL COMMENT '排序',
  `question_num` int DEFAULT NULL,
  PRIMARY KEY (`id`)
) ENGINE=InnoDB DEFAULT CHARSET=utf8mb3;

-- ----------------------------
-- Records of dl_test_item
-- ----------------------------

-- ----------------------------
-- Table structure for `sys_content`
-- ----------------------------
DROP TABLE IF EXISTS `sys_content`;
CREATE TABLE `sys_content` (
  `id` varchar(50) CHARACTER SET utf8 COLLATE utf8_bin NOT NULL COMMENT '主键',
  `title` varchar(255) CHARACTER SET utf8 COLLATE utf8_bin DEFAULT NULL COMMENT '标题',
  `type` int DEFAULT NULL COMMENT '文章类型',
  `content` longtext CHARACTER SET utf8 COLLATE utf8_bin COMMENT '内容',
  `create_time` datetime DEFAULT NULL COMMENT '创建时间',
  `create_id` varchar(50) CHARACTER SET utf8 COLLATE utf8_bin DEFAULT NULL COMMENT '创建人',
  PRIMARY KEY (`id`) USING BTREE
) ENGINE=InnoDB DEFAULT CHARSET=utf8mb3 COLLATE=utf8_bin ROW_FORMAT=COMPACT COMMENT='文章管理';

-- ----------------------------
-- Records of sys_content
-- ----------------------------
INSERT INTO `sys_content` VALUES ('1334852595914276865', '你好', '3', 0xE9A39EE6B492E59CB0E696B9, '2020-12-04 21:30:33', '1');

-- ----------------------------
-- Table structure for `sys_dept`
-- ----------------------------
DROP TABLE IF EXISTS `sys_dept`;
CREATE TABLE `sys_dept` (
  `id` varchar(64) NOT NULL COMMENT '主键',
  `dept_no` varchar(18) DEFAULT NULL COMMENT '部门编号(规则：父级关系编码+自己的编码)',
  `name` varchar(300) DEFAULT NULL COMMENT '部门名称',
  `pid` varchar(64) NOT NULL COMMENT '父级id',
  `status` tinyint DEFAULT NULL COMMENT '状态(1:正常；0:弃用)',
  `relation_code` varchar(3000) DEFAULT NULL COMMENT '为了维护更深层级关系',
  `dept_manager_id` varchar(64) DEFAULT NULL COMMENT '部门经理user_id',
  `manager_name` varchar(255) DEFAULT NULL COMMENT '部门经理名称',
  `phone` varchar(20) DEFAULT NULL COMMENT '部门经理联系电话',
  `create_time` datetime DEFAULT NULL COMMENT '创建时间',
  `update_time` datetime DEFAULT NULL COMMENT '更新时间',
  `deleted` tinyint DEFAULT NULL COMMENT '是否删除(1未删除；0已删除)',
  PRIMARY KEY (`id`)
) ENGINE=InnoDB DEFAULT CHARSET=utf8mb3 COMMENT='系统部门';

-- ----------------------------
-- Records of sys_dept
-- ----------------------------
INSERT INTO `sys_dept` VALUES ('1', 'D000001', '立信中学', '0', '1', 'D000001', null, '小李', '13888888888', '2019-11-07 22:43:33', '2020-11-24 14:25:38', '1');
INSERT INTO `sys_dept` VALUES ('1331121875856035841', 'D000002', '初中部', '1', '1', 'D000001D000002', null, '', '', '2020-11-24 14:26:01', '2020-11-24 14:26:01', '1');
INSERT INTO `sys_dept` VALUES ('1331121936392425474', 'D000003', '小学部', '1', '1', 'D000001D000003', null, '', '', '2020-11-24 14:26:15', '2020-11-24 14:26:15', '1');
INSERT INTO `sys_dept` VALUES ('1331122291066966017', 'D000004', '教务部', '1', '1', 'D000001D000004', null, '', '', '2020-11-24 14:27:40', '2020-11-24 14:27:40', '1');
INSERT INTO `sys_dept` VALUES ('1331122337107841026', 'D000005', '财务部', '1', '1', 'D000001D000005', null, '', '', '2020-11-24 14:27:51', '2020-11-24 14:27:51', '1');

-- ----------------------------
-- Table structure for `sys_dict`
-- ----------------------------
DROP TABLE IF EXISTS `sys_dict`;
CREATE TABLE `sys_dict` (
  `id` varchar(64) NOT NULL,
  `name` varchar(100) NOT NULL COMMENT '字典名称',
  `remark` varchar(255) DEFAULT NULL COMMENT '描述',
  `create_time` datetime DEFAULT NULL COMMENT '创建时间',
  PRIMARY KEY (`id`) USING BTREE
) ENGINE=InnoDB DEFAULT CHARSET=utf8mb3 ROW_FORMAT=COMPACT COMMENT='数据字典表';

-- ----------------------------
-- Records of sys_dict
-- ----------------------------
INSERT INTO `sys_dict` VALUES ('1255790029680242690', 'sex', '性别', '2020-04-30 17:24:09');
INSERT INTO `sys_dict` VALUES ('1282504369620430849', 'content_type', '文章类型', '2020-07-13 10:37:24');
INSERT INTO `sys_dict` VALUES ('1331864009814994945', 'stu_status', '学生状态', '2020-11-26 15:34:59');
INSERT INTO `sys_dict` VALUES ('1332212879547854849', 'class_type', '教育阶段', '2020-11-27 14:41:16');
INSERT INTO `sys_dict` VALUES ('1332219549590122497', 'grade', '年级', '2020-11-27 15:07:47');
INSERT INTO `sys_dict` VALUES ('1334832429084094465', 'class_status', '班级状态', '2020-12-04 20:10:25');
INSERT INTO `sys_dict` VALUES ('1334836133644382210', 'classroom_type', '教室类型', '2020-12-04 20:25:08');
INSERT INTO `sys_dict` VALUES ('1337399897763954690', 'join_type', '入学类型', '2020-12-11 22:12:37');
INSERT INTO `sys_dict` VALUES ('1338651501610233858', 'course_type', '课程类型', '2020-12-15 09:06:04');
INSERT INTO `sys_dict` VALUES ('1339050434878574594', 'education_type', '学历类型', '2020-12-16 11:31:17');
INSERT INTO `sys_dict` VALUES ('1339765299817500673', 'difficulty', '难易度', '2020-12-18 10:51:54');
INSERT INTO `sys_dict` VALUES ('1340907963124379650', 'exam_type', '考试类型', '2020-12-21 14:32:26');
INSERT INTO `sys_dict` VALUES ('1351800358335971330', 'arr_type', '不排课类型', '2021-01-20 15:54:55');
INSERT INTO `sys_dict` VALUES ('1371723356442542081', 'native_type', '户口类型', '2021-03-16 15:21:48');
INSERT INTO `sys_dict` VALUES ('1371751356957573121', 'join_mode', '入学方式', '2021-03-16 17:13:04');

-- ----------------------------
-- Table structure for `sys_dict_detail`
-- ----------------------------
DROP TABLE IF EXISTS `sys_dict_detail`;
CREATE TABLE `sys_dict_detail` (
  `id` varchar(50) NOT NULL,
  `label` varchar(255) NOT NULL COMMENT '字典标签',
  `value` varchar(255) NOT NULL COMMENT '字典值',
  `sort` smallint DEFAULT NULL COMMENT '排序',
  `dict_id` varchar(50) DEFAULT NULL COMMENT '字典id',
  `create_time` datetime DEFAULT NULL COMMENT '创建日期',
  PRIMARY KEY (`id`) USING BTREE
) ENGINE=InnoDB DEFAULT CHARSET=utf8mb3 ROW_FORMAT=COMPACT COMMENT='数据字典详情';

-- ----------------------------
-- Records of sys_dict_detail
-- ----------------------------
INSERT INTO `sys_dict_detail` VALUES ('1255790073535885314', '男', '1', '1', '1255790029680242690', '2020-04-30 17:24:19');
INSERT INTO `sys_dict_detail` VALUES ('1255790100115189761', '女', '2', '2', '1255790029680242690', '2020-04-30 17:24:25');
INSERT INTO `sys_dict_detail` VALUES ('1282504475715350530', '诗词', '1', '1', '1282504369620430849', '2020-07-13 10:37:49');
INSERT INTO `sys_dict_detail` VALUES ('1282504651729317889', '散文', '2', '2', '1282504369620430849', '2020-07-13 10:38:31');
INSERT INTO `sys_dict_detail` VALUES ('1282846022950842369', '剧本', '3', '3', '1282504369620430849', '2020-07-14 09:15:01');
INSERT INTO `sys_dict_detail` VALUES ('1331864090165276674', '在校', '1', '1', '1331864009814994945', '2020-11-26 15:35:19');
INSERT INTO `sys_dict_detail` VALUES ('1331864157274140674', '已转校', '3', '3', '1331864009814994945', '2020-11-26 15:35:35');
INSERT INTO `sys_dict_detail` VALUES ('1331864266212798466', '毕业', '2', '2', '1331864009814994945', '2020-11-26 15:36:01');
INSERT INTO `sys_dict_detail` VALUES ('1332212928331804674', '小学', '1', '1', '1332212879547854849', '2020-11-27 14:41:28');
INSERT INTO `sys_dict_detail` VALUES ('1332212959935885314', '初中', '2', '2', '1332212879547854849', '2020-11-27 14:41:36');
INSERT INTO `sys_dict_detail` VALUES ('1332219594284625922', '一年级上册', '1611', '1', '1332219549590122497', '2020-11-27 15:07:57');
INSERT INTO `sys_dict_detail` VALUES ('1332219634059210754', '二年级上册', '1621', '2', '1332219549590122497', '2020-11-27 15:08:07');
INSERT INTO `sys_dict_detail` VALUES ('1332219668335063041', '三年级上册', '1631', '3', '1332219549590122497', '2020-11-27 15:08:15');
INSERT INTO `sys_dict_detail` VALUES ('1332219703160369153', '四年级上册', '1641', '4', '1332219549590122497', '2020-11-27 15:08:23');
INSERT INTO `sys_dict_detail` VALUES ('1332219732839264258', '五年级上册', '1651', '5', '1332219549590122497', '2020-11-27 15:08:30');
INSERT INTO `sys_dict_detail` VALUES ('1332219778141941761', '六年级上册', '1661', '6', '1332219549590122497', '2020-11-27 15:08:41');
INSERT INTO `sys_dict_detail` VALUES ('1332219810597466113', '七年级上册', '2311', '7', '1332219549590122497', '2020-11-27 15:08:49');
INSERT INTO `sys_dict_detail` VALUES ('1332219847477981186', '八年级上册', '2321', '8', '1332219549590122497', '2020-11-27 15:08:58');
INSERT INTO `sys_dict_detail` VALUES ('1332219882299092994', '九年级上册', '2331', '9', '1332219549590122497', '2020-11-27 15:09:06');
INSERT INTO `sys_dict_detail` VALUES ('1334832495018553346', '正常', '1', '1', '1334832429084094465', '2020-12-04 20:10:41');
INSERT INTO `sys_dict_detail` VALUES ('1334832555777241090', '毕业', '2', '2', '1334832429084094465', '2020-12-04 20:10:55');
INSERT INTO `sys_dict_detail` VALUES ('1334836192968617986', '普通教室', '1', '1', '1334836133644382210', '2020-12-04 20:25:23');
INSERT INTO `sys_dict_detail` VALUES ('1334836317208096770', '多媒体教室', '2', '2', '1334836133644382210', '2020-12-04 20:25:52');
INSERT INTO `sys_dict_detail` VALUES ('1334836379346710530', '其他教室', '3', '3', '1334836133644382210', '2020-12-04 20:26:07');
INSERT INTO `sys_dict_detail` VALUES ('1337400030769528834', '招生入学', '1', '1', '1337399897763954690', '2020-12-11 22:13:09');
INSERT INTO `sys_dict_detail` VALUES ('1337400098398486530', '校外转入', '2', '2', '1337399897763954690', '2020-12-11 22:13:25');
INSERT INTO `sys_dict_detail` VALUES ('1337400225175519234', '其他情况', '3', '3', '1337399897763954690', '2020-12-11 22:13:56');
INSERT INTO `sys_dict_detail` VALUES ('1338651594421792769', '主课', '1', '1', '1338651501610233858', '2020-12-15 09:06:26');
INSERT INTO `sys_dict_detail` VALUES ('1338651630551527425', '副课', '2', '2', '1338651501610233858', '2020-12-15 09:06:34');
INSERT INTO `sys_dict_detail` VALUES ('1338651757328560129', '普通课', '3', '3', '1338651501610233858', '2020-12-15 09:07:05');
INSERT INTO `sys_dict_detail` VALUES ('1338658505879760898', '一年级下册', '1612', '1', '1332219549590122497', '2020-12-15 09:33:54');
INSERT INTO `sys_dict_detail` VALUES ('1338658621483167746', '二年级下册', '1622', '2', '1332219549590122497', '2020-12-15 09:34:21');
INSERT INTO `sys_dict_detail` VALUES ('1338658722326818817', '三年级下册', '1632', '3', '1332219549590122497', '2020-12-15 09:34:45');
INSERT INTO `sys_dict_detail` VALUES ('1338659240897982466', '四年级下册', '1642', '4', '1332219549590122497', '2020-12-15 09:36:49');
INSERT INTO `sys_dict_detail` VALUES ('1338659347663990785', '五年级下册', '1652', '5', '1332219549590122497', '2020-12-15 09:37:14');
INSERT INTO `sys_dict_detail` VALUES ('1338659441243107330', '六年级下册', '1662', '6', '1332219549590122497', '2020-12-15 09:37:37');
INSERT INTO `sys_dict_detail` VALUES ('1338659550450200577', '七年级下册', '2312', '7', '1332219549590122497', '2020-12-15 09:38:03');
INSERT INTO `sys_dict_detail` VALUES ('1338659604065988610', '八年级下册', '2322', '8', '1332219549590122497', '2020-12-15 09:38:15');
INSERT INTO `sys_dict_detail` VALUES ('1338659647812579329', '九年级下册', '2332', '9', '1332219549590122497', '2020-12-15 09:38:26');
INSERT INTO `sys_dict_detail` VALUES ('1339050683307200513', '博士', '1', '1', '1339050434878574594', '2020-12-16 11:32:16');
INSERT INTO `sys_dict_detail` VALUES ('1339050749099053058', '研究生', '2', '2', '1339050434878574594', '2020-12-16 11:32:32');
INSERT INTO `sys_dict_detail` VALUES ('1339050796821843970', '本科', '3', '3', '1339050434878574594', '2020-12-16 11:32:43');
INSERT INTO `sys_dict_detail` VALUES ('1339050890367406082', '专科', '4', '4', '1339050434878574594', '2020-12-16 11:33:05');
INSERT INTO `sys_dict_detail` VALUES ('1339051251849302018', '高中', '5', '5', '1339050434878574594', '2020-12-16 11:34:31');
INSERT INTO `sys_dict_detail` VALUES ('1339765374023127042', '难', '1', '1', '1339765299817500673', '2020-12-18 10:52:11');
INSERT INTO `sys_dict_detail` VALUES ('1339765408282202113', '中', '2', '2', '1339765299817500673', '2020-12-18 10:52:20');
INSERT INTO `sys_dict_detail` VALUES ('1339765479451152385', '易', '3', '3', '1339765299817500673', '2020-12-18 10:52:37');
INSERT INTO `sys_dict_detail` VALUES ('1340908026529673217', '期末考试', '1', '1', '1340907963124379650', '2020-12-21 14:32:41');
INSERT INTO `sys_dict_detail` VALUES ('1340908062806208513', '期中考试', '2', '2', '1340907963124379650', '2020-12-21 14:32:50');
INSERT INTO `sys_dict_detail` VALUES ('1340908088768950273', '月考', '3', '3', '1340907963124379650', '2020-12-21 14:32:56');
INSERT INTO `sys_dict_detail` VALUES ('1340908176685756418', '周考', '4', '4', '1340907963124379650', '2020-12-21 14:33:17');
INSERT INTO `sys_dict_detail` VALUES ('1351800471854809090', '教师不排课', '1', '1', '1351800358335971330', '2021-01-20 15:55:22');
INSERT INTO `sys_dict_detail` VALUES ('1351800527299313666', '班级不排课', '2', '2', '1351800358335971330', '2021-01-20 15:55:35');
INSERT INTO `sys_dict_detail` VALUES ('1355788256014647298', '课程不排课', '3', '3', '1351800358335971330', '2021-01-31 16:01:24');
INSERT INTO `sys_dict_detail` VALUES ('1362931182036885506', '整体不排课', '0', '0', '1351800358335971330', '2021-02-20 09:04:50');
INSERT INTO `sys_dict_detail` VALUES ('1371723462910754817', '城市户口', '1', '1', '1371723356442542081', '2021-03-16 15:22:13');
INSERT INTO `sys_dict_detail` VALUES ('1371723502689533954', '农村户口', '2', '2', '1371723356442542081', '2021-03-16 15:22:23');
INSERT INTO `sys_dict_detail` VALUES ('1371723603474464769', '其他户口', '0', '10', '1371723356442542081', '2021-03-16 15:22:47');
INSERT INTO `sys_dict_detail` VALUES ('1371751470052786177', '义务教育阶段其他', '1', '1', '1371751356957573121', '2021-03-16 17:13:31');
INSERT INTO `sys_dict_detail` VALUES ('1371751518962565122', '就近入学', '2', '2', '1371751356957573121', '2021-03-16 17:13:42');
INSERT INTO `sys_dict_detail` VALUES ('1371751724286328833', '其他方式', '0', '10', '1371751356957573121', '2021-03-16 17:14:31');

-- ----------------------------
-- Table structure for `sys_files`
-- ----------------------------
DROP TABLE IF EXISTS `sys_files`;
CREATE TABLE `sys_files` (
  `id` varchar(50) NOT NULL,
  `url` varchar(200) DEFAULT NULL COMMENT 'URL地址',
  `create_date` datetime DEFAULT NULL COMMENT '创建时间',
  `file_name` varchar(255) DEFAULT NULL COMMENT '文件名称',
  `file_path` varchar(255) DEFAULT NULL,
  PRIMARY KEY (`id`) USING BTREE
) ENGINE=InnoDB DEFAULT CHARSET=utf8mb3 ROW_FORMAT=COMPACT COMMENT='文件上传';

-- ----------------------------
-- Records of sys_files
-- ----------------------------
INSERT INTO `sys_files` VALUES ('1340163659451875330', 'http://localhost:8080/files/20201219/9458d4975e6643feaab51348aaff7d50.jpg', '2020-12-19 13:14:50', 'image001.jpg', 'F:/files/20201219\\9458d4975e6643feaab51348aaff7d50.jpg');
INSERT INTO `sys_files` VALUES ('1340166408121892866', 'http://localhost:8080/files/20201219/368fbf9beea44da8a70b9e687b078e6e.jpg', '2020-12-19 13:25:45', 'image001.jpg', 'F:/files/20201219\\368fbf9beea44da8a70b9e687b078e6e.jpg');
INSERT INTO `sys_files` VALUES ('1340167105877979138', 'http://localhost:8080/files/20201219/9791c0057b364bb78e32e130607e77f7.jpg', '2020-12-19 13:28:32', 'image001.jpg', 'F:/files/20201219\\9791c0057b364bb78e32e130607e77f7.jpg');
INSERT INTO `sys_files` VALUES ('1340218146686246913', 'http://localhost:8080/files/20201219/670ce2c59fa94bad8c75e41be0c6d735.jpg', '2020-12-19 16:51:21', 'image001.jpg', 'F:/files/20201219\\670ce2c59fa94bad8c75e41be0c6d735.jpg');
INSERT INTO `sys_files` VALUES ('1340219394131005441', 'http://localhost:8080/files/20201219/31fdb668923946b581777a8f81db7848.jpg', '2020-12-19 16:56:18', 'image001.jpg', 'F:/files/20201219\\31fdb668923946b581777a8f81db7848.jpg');
INSERT INTO `sys_files` VALUES ('1340219616265539586', 'http://localhost:8080/files/20201219/a847e45cc8104004bad3c837bb3d9c73.jpg', '2020-12-19 16:57:11', 'image001.jpg', 'F:/files/20201219\\a847e45cc8104004bad3c837bb3d9c73.jpg');
INSERT INTO `sys_files` VALUES ('1340220421228019714', 'http://localhost:8080/files/20201219/4752ba2d7b9741e69ffa062be5a018b8.jpg', '2020-12-19 17:00:23', 'image001.jpg', 'F:/files/20201219\\4752ba2d7b9741e69ffa062be5a018b8.jpg');
INSERT INTO `sys_files` VALUES ('1340220882253320193', 'http://localhost:8080/files/20201219/275e52827ad24fc088e6c8f8889027f0.jpg', '2020-12-19 17:02:13', 'image001.jpg', 'F:/files/20201219\\275e52827ad24fc088e6c8f8889027f0.jpg');

-- ----------------------------
-- Table structure for `sys_job`
-- ----------------------------
DROP TABLE IF EXISTS `sys_job`;
CREATE TABLE `sys_job` (
  `id` varchar(50) NOT NULL COMMENT '任务id',
  `bean_name` varchar(200) DEFAULT NULL COMMENT 'spring bean名称',
  `params` varchar(2000) DEFAULT NULL COMMENT '参数',
  `cron_expression` varchar(100) DEFAULT NULL COMMENT 'cron表达式',
  `status` tinyint DEFAULT NULL COMMENT '任务状态  0：正常  1：暂停',
  `remark` varchar(255) DEFAULT NULL COMMENT '备注',
  `create_time` datetime DEFAULT NULL COMMENT '创建时间',
  `job_name` varchar(255) DEFAULT NULL,
  PRIMARY KEY (`id`) USING BTREE
) ENGINE=InnoDB DEFAULT CHARSET=utf8mb3 ROW_FORMAT=COMPACT COMMENT='定时任务';

-- ----------------------------
-- Records of sys_job
-- ----------------------------
INSERT INTO `sys_job` VALUES ('1252884495040782337', 'testTask', '1', '0 */1 * * * ?', '1', '1', '2020-04-22 16:58:35', '测试任务');
INSERT INTO `sys_job` VALUES ('1362392732943167490', 'schoolNextTermTask', '1', '0 0 3 20 2 ? 2020-2099', '0', '', '2021-02-18 21:25:14', '上学期调度任务');
INSERT INTO `sys_job` VALUES ('1362394431837626369', 'schoolLastTermTask', '1', '0 0 3 20 8 ? 2020-2099', '0', '', '2021-02-18 21:31:59', '上学期调度任务');

-- ----------------------------
-- Table structure for `sys_job_log`
-- ----------------------------
DROP TABLE IF EXISTS `sys_job_log`;
CREATE TABLE `sys_job_log` (
  `id` varchar(50) NOT NULL COMMENT '任务日志id',
  `job_id` varchar(50) NOT NULL COMMENT '任务id',
  `bean_name` varchar(200) DEFAULT NULL COMMENT 'spring bean名称',
  `params` varchar(2000) DEFAULT NULL COMMENT '参数',
  `status` tinyint NOT NULL COMMENT '任务状态    0：成功    1：失败',
  `error` varchar(2000) DEFAULT NULL COMMENT '失败信息',
  `times` int NOT NULL COMMENT '耗时(单位：毫秒)',
  `create_time` datetime DEFAULT NULL COMMENT '创建时间',
  PRIMARY KEY (`id`) USING BTREE,
  KEY `job_id` (`job_id`) USING BTREE
) ENGINE=InnoDB DEFAULT CHARSET=utf8mb3 ROW_FORMAT=COMPACT COMMENT='定时任务日志';

-- ----------------------------
-- Records of sys_job_log
-- ----------------------------
INSERT INTO `sys_job_log` VALUES ('1362396700041732098', '1252884495040782337', 'testTask', '1', '1', null, '0', '2021-02-18 21:41:00');
INSERT INTO `sys_job_log` VALUES ('1362396951502839810', '1252884495040782337', 'testTask', '1', '1', null, '1', '2021-02-18 21:42:00');
INSERT INTO `sys_job_log` VALUES ('1362397203148496897', '1252884495040782337', 'testTask', '1', '1', null, '0', '2021-02-18 21:43:00');
INSERT INTO `sys_job_log` VALUES ('1362397977102409730', '1252884495040782337', 'testTask', '1', '1', null, '1', '2021-02-18 21:46:05');
INSERT INTO `sys_job_log` VALUES ('1362398209802395649', '1252884495040782337', 'testTask', '1', '1', null, '2', '2021-02-18 21:47:00');
INSERT INTO `sys_job_log` VALUES ('1362398461456441345', '1252884495040782337', 'testTask', '1', '1', null, '1', '2021-02-18 21:48:00');
INSERT INTO `sys_job_log` VALUES ('1362398713114681345', '1252884495040782337', 'testTask', '1', '1', null, '1', '2021-02-18 21:49:00');
INSERT INTO `sys_job_log` VALUES ('1362398964772921345', '1252884495040782337', 'testTask', '1', '1', null, '1', '2021-02-18 21:50:00');
INSERT INTO `sys_job_log` VALUES ('1362399216435355649', '1252884495040782337', 'testTask', '1', '1', null, '2', '2021-02-18 21:51:00');
INSERT INTO `sys_job_log` VALUES ('1362399468085207041', '1252884495040782337', 'testTask', '1', '1', null, '1', '2021-02-18 21:52:00');
INSERT INTO `sys_job_log` VALUES ('1362399719751835650', '1252884495040782337', 'testTask', '1', '1', null, '1', '2021-02-18 21:53:00');
INSERT INTO `sys_job_log` VALUES ('1362399971410075650', '1252884495040782337', 'testTask', '1', '1', null, '2', '2021-02-18 21:54:00');
INSERT INTO `sys_job_log` VALUES ('1362400223059927042', '1252884495040782337', 'testTask', '1', '1', null, '2', '2021-02-18 21:55:00');
INSERT INTO `sys_job_log` VALUES ('1362400474709778434', '1252884495040782337', 'testTask', '1', '1', null, '1', '2021-02-18 21:56:00');
INSERT INTO `sys_job_log` VALUES ('1362400726368018433', '1252884495040782337', 'testTask', '1', '1', null, '0', '2021-02-18 21:57:00');
INSERT INTO `sys_job_log` VALUES ('1362400978034647041', '1252884495040782337', 'testTask', '1', '1', null, '0', '2021-02-18 21:58:00');
INSERT INTO `sys_job_log` VALUES ('1362401229701275650', '1252884495040782337', 'testTask', '1', '1', null, '1', '2021-02-18 21:59:00');
INSERT INTO `sys_job_log` VALUES ('1362401481351127042', '1252884495040782337', 'testTask', '1', '1', null, '1', '2021-02-18 22:00:00');
INSERT INTO `sys_job_log` VALUES ('1362839368863780866', '1362392732943167490', 'schoolNextTermTask', '1', '1', null, '250', '2021-02-20 03:00:00');
INSERT INTO `sys_job_log` VALUES ('1362928202147471362', '1252884495040782337', 'testTask', '1', '1', null, '1', '2021-02-20 08:53:00');

-- ----------------------------
-- Table structure for `sys_log`
-- ----------------------------
DROP TABLE IF EXISTS `sys_log`;
CREATE TABLE `sys_log` (
  `id` varchar(64) NOT NULL,
  `user_id` varchar(64) DEFAULT NULL COMMENT '用户id',
  `username` varchar(50) DEFAULT NULL COMMENT '用户名',
  `operation` varchar(50) DEFAULT NULL COMMENT '用户操作',
  `time` int DEFAULT NULL COMMENT '响应时间',
  `method` varchar(200) DEFAULT NULL COMMENT '请求方法',
  `params` varchar(5000) DEFAULT NULL COMMENT '请求参数',
  `ip` varchar(64) DEFAULT NULL COMMENT 'IP地址',
  `create_time` datetime DEFAULT NULL COMMENT '创建时间',
  PRIMARY KEY (`id`)
) ENGINE=InnoDB DEFAULT CHARSET=utf8mb3 COMMENT='系统日志';

-- ----------------------------
-- Records of sys_log
-- ----------------------------
INSERT INTO `sys_log` VALUES ('1331062623896489986', '1', 'admin', '菜单权限管理-获取所有菜单权限', '296', 'com.company.project.controller.PermissionController.getAllMenusPermission()', null, '0:0:0:0:0:0:0:1', '2020-11-24 10:30:34');
INSERT INTO `sys_log` VALUES ('1331064875054956545', '1', 'admin', '机构管理-获取所有组织机构', '18', 'com.company.project.controller.DeptController.getDeptAll()', null, '0:0:0:0:0:0:0:1', '2020-11-24 10:39:31');
INSERT INTO `sys_log` VALUES ('1331064913046962177', '1', 'admin', '机构管理-树型组织列表', '26', 'com.company.project.controller.DeptController.getTree()', '[null]', '0:0:0:0:0:0:0:1', '2020-11-24 10:39:40');
INSERT INTO `sys_log` VALUES ('1331064913248288769', '1', 'admin', '用户管理-分页获取用户列表', '60', 'com.company.project.controller.UserController.pageInfo()', '[{}]', '0:0:0:0:0:0:0:1', '2020-11-24 10:39:40');
INSERT INTO `sys_log` VALUES ('1331064928372948994', '1', 'admin', '机构管理-获取所有组织机构', '10', 'com.company.project.controller.DeptController.getDeptAll()', null, '0:0:0:0:0:0:0:1', '2020-11-24 10:39:44');
INSERT INTO `sys_log` VALUES ('1331064944281944066', '1', 'admin', '机构管理-树型组织列表', '5', 'com.company.project.controller.DeptController.getTree()', '[\"\"]', '0:0:0:0:0:0:0:1', '2020-11-24 10:39:47');
INSERT INTO `sys_log` VALUES ('1331074675239190530', '1', 'admin', '机构管理-树型组织列表', '5', 'com.company.project.controller.DeptController.getTree()', '[null]', '0:0:0:0:0:0:0:1', '2020-11-24 11:18:27');
INSERT INTO `sys_log` VALUES ('1331074675352436738', '1', 'admin', '用户管理-分页获取用户列表', '19', 'com.company.project.controller.UserController.pageInfo()', '[{}]', '0:0:0:0:0:0:0:1', '2020-11-24 11:18:27');
INSERT INTO `sys_log` VALUES ('1331074851509010434', '1', 'admin', '用户管理-分页获取用户列表', '20', 'com.company.project.controller.UserController.pageInfo()', '[{\"endTime\":\" 2020-12-17 00:00:00\",\"nickName\":\"\",\"startTime\":\"2020-11-04 00:00:00 \",\"username\":\"\"}]', '0:0:0:0:0:0:0:1', '2020-11-24 11:19:09');
INSERT INTO `sys_log` VALUES ('1331074952684011521', '1', 'admin', '用户管理-分页获取用户列表', '29', 'com.company.project.controller.UserController.pageInfo()', '[{\"nickName\":\"\",\"username\":\"\"}]', '0:0:0:0:0:0:0:1', '2020-11-24 11:19:34');
INSERT INTO `sys_log` VALUES ('1331075062461530113', '1', 'admin', '用户管理-分页获取用户列表', '32', 'com.company.project.controller.UserController.pageInfo()', '[{\"deptNo\":\"D000001\",\"nickName\":\"\",\"username\":\"\"}]', '0:0:0:0:0:0:0:1', '2020-11-24 11:20:00');
INSERT INTO `sys_log` VALUES ('1331079266219491329', '1', 'admin', '机构管理-树型组织列表', '5', 'com.company.project.controller.DeptController.getTree()', '[null]', '0:0:0:0:0:0:0:1', '2020-11-24 11:36:42');
INSERT INTO `sys_log` VALUES ('1331079266395652097', '1', 'admin', '用户管理-分页获取用户列表', '19', 'com.company.project.controller.UserController.pageInfo()', '[{}]', '0:0:0:0:0:0:0:1', '2020-11-24 11:36:42');
INSERT INTO `sys_log` VALUES ('1331080372907573250', '1', 'admin', '暂停定时任务-', '34', 'com.company.project.controller.SysJobController.pause()', '[[\"1252884495040782337\"]]', '0:0:0:0:0:0:0:1', '2020-11-24 11:41:06');
INSERT INTO `sys_log` VALUES ('1331087175003308033', null, null, '用户管理-退出', '10', 'com.company.project.controller.UserController.logout()', null, '0:0:0:0:0:0:0:1', '2020-11-24 12:08:08');
INSERT INTO `sys_log` VALUES ('1331087263318573058', null, null, '用户管理-退出', '4', 'com.company.project.controller.UserController.logout()', null, '0:0:0:0:0:0:0:1', '2020-11-24 12:08:29');
INSERT INTO `sys_log` VALUES ('1331087320625348610', '1', 'admin', '机构管理-树型组织列表', '4', 'com.company.project.controller.DeptController.getTree()', '[null]', '0:0:0:0:0:0:0:1', '2020-11-24 12:08:42');
INSERT INTO `sys_log` VALUES ('1331087320751177729', '1', 'admin', '用户管理-分页获取用户列表', '22', 'com.company.project.controller.UserController.pageInfo()', '[{}]', '0:0:0:0:0:0:0:1', '2020-11-24 12:08:42');
INSERT INTO `sys_log` VALUES ('1331087337285124098', '1', 'admin', '用户管理-赋予角色-获取所有角色接口', '7', 'com.company.project.controller.UserController.getUserOwnRole()', '[\"2\"]', '0:0:0:0:0:0:0:1', '2020-11-24 12:08:46');
INSERT INTO `sys_log` VALUES ('1331087354129448961', '1', 'admin', '角色管理-分页获取角色信息', '20', 'com.company.project.controller.RoleController.pageInfo()', '[{}]', '0:0:0:0:0:0:0:1', '2020-11-24 12:08:50');
INSERT INTO `sys_log` VALUES ('1331087366469091329', '1', 'admin', '菜单权限管理-获取所有目录菜单树', '220', 'com.company.project.controller.PermissionController.getAllPermissionTree()', null, '0:0:0:0:0:0:0:1', '2020-11-24 12:08:53');
INSERT INTO `sys_log` VALUES ('1331087516285435905', '1', 'admin', '角色管理-新增角色', '57', 'com.company.project.controller.RoleController.addRole()', '[{\"createTime\":1606190968887,\"deleted\":1,\"description\":\"\",\"id\":\"1331087516021194754\",\"name\":\"教师\",\"permissions\":[\"54\",\"15\",\"1\",\"4\",\"16\",\"20\",\"27\",\"28\",\"29\",\"30\",\"31\",\"32\",\"33\",\"34\",\"35\",\"45\",\"46\",\"47\",\"48\",\"49\",\"59\",\"60\",\"61\",\"62\",\"63\",\"55\",\"18\",\"14\",\"8\",\"7\",\"58\"],\"status\":1,\"updateTime\":1606190968887}]', '0:0:0:0:0:0:0:1', '2020-11-24 12:09:29');
INSERT INTO `sys_log` VALUES ('1331087516490956802', '1', 'admin', '角色管理-分页获取角色信息', '6', 'com.company.project.controller.RoleController.pageInfo()', '[{\"name\":\"\"}]', '0:0:0:0:0:0:0:1', '2020-11-24 12:09:29');
INSERT INTO `sys_log` VALUES ('1331087531112300546', '1', 'admin', '机构管理-树型组织列表', '4', 'com.company.project.controller.DeptController.getTree()', '[null]', '0:0:0:0:0:0:0:1', '2020-11-24 12:09:32');
INSERT INTO `sys_log` VALUES ('1331087531238129665', '1', 'admin', '用户管理-分页获取用户列表', '22', 'com.company.project.controller.UserController.pageInfo()', '[{}]', '0:0:0:0:0:0:0:1', '2020-11-24 12:09:33');
INSERT INTO `sys_log` VALUES ('1331087549445603329', '1', 'admin', '用户管理-赋予角色-获取所有角色接口', '9', 'com.company.project.controller.UserController.getUserOwnRole()', '[\"2\"]', '0:0:0:0:0:0:0:1', '2020-11-24 12:09:37');
INSERT INTO `sys_log` VALUES ('1331087583713067009', '1', 'admin', '用户管理-赋予角色-用户赋予角色接口', '34', 'com.company.project.controller.UserController.setUserOwnRole()', '[\"2\",[\"1331087516021194754\"]]', '0:0:0:0:0:0:0:1', '2020-11-24 12:09:45');
INSERT INTO `sys_log` VALUES ('1331087583960530946', '1', 'admin', '用户管理-分页获取用户列表', '16', 'com.company.project.controller.UserController.pageInfo()', '[{\"nickName\":\"\",\"username\":\"\"}]', '0:0:0:0:0:0:0:1', '2020-11-24 12:09:45');
INSERT INTO `sys_log` VALUES ('1331087640155815937', null, null, '用户管理-退出', '2', 'com.company.project.controller.UserController.logout()', null, '0:0:0:0:0:0:0:1', '2020-11-24 12:09:58');
INSERT INTO `sys_log` VALUES ('1331107582540419073', null, null, '用户管理-退出', '12', 'com.company.project.controller.UserController.logout()', null, '0:0:0:0:0:0:0:1', '2020-11-24 13:29:13');
INSERT INTO `sys_log` VALUES ('1331107765244301313', null, null, '用户管理-退出', '4', 'com.company.project.controller.UserController.logout()', null, '0:0:0:0:0:0:0:1', '2020-11-24 13:29:57');
INSERT INTO `sys_log` VALUES ('1331107805589311489', '1', 'admin', '机构管理-树型组织列表', '33', 'com.company.project.controller.DeptController.getTree()', '[null]', '0:0:0:0:0:0:0:1', '2020-11-24 13:30:06');
INSERT INTO `sys_log` VALUES ('1331107806109405186', '1', 'admin', '用户管理-分页获取用户列表', '117', 'com.company.project.controller.UserController.pageInfo()', '[{}]', '0:0:0:0:0:0:0:1', '2020-11-24 13:30:06');
INSERT INTO `sys_log` VALUES ('1331110595845853186', '1', 'admin', '机构管理-获取所有组织机构', '15', 'com.company.project.controller.DeptController.getDeptAll()', null, '0:0:0:0:0:0:0:1', '2020-11-24 13:41:12');
INSERT INTO `sys_log` VALUES ('1331110684278558722', '1', 'admin', '菜单权限管理-获取所有菜单权限', '261', 'com.company.project.controller.PermissionController.getAllMenusPermission()', null, '0:0:0:0:0:0:0:1', '2020-11-24 13:41:33');
INSERT INTO `sys_log` VALUES ('1331120884473565186', '1', 'admin', '菜单权限管理-获取所有目录菜单树', '191', 'com.company.project.controller.PermissionController.getAllMenusPermissionTree()', '[\"\"]', '0:0:0:0:0:0:0:1', '2020-11-24 14:22:05');
INSERT INTO `sys_log` VALUES ('1331121657320214529', '1', 'admin', '机构管理-获取所有组织机构', '12', 'com.company.project.controller.DeptController.getDeptAll()', null, '0:0:0:0:0:0:0:1', '2020-11-24 14:25:09');
INSERT INTO `sys_log` VALUES ('1331121693965848578', '1', 'admin', '机构管理-树型组织列表', '21', 'com.company.project.controller.DeptController.getTree()', '[\"1\"]', '0:0:0:0:0:0:0:1', '2020-11-24 14:25:18');
INSERT INTO `sys_log` VALUES ('1331121780204933122', '1', 'admin', '机构管理-更新组织信息', '32', 'com.company.project.controller.DeptController.updateDept()', '[{\"id\":\"1\",\"managerName\":\"小李\",\"name\":\"立信中学\",\"phone\":\"13888888888\",\"pid\":\"0\",\"pidName\":\"\",\"status\":1,\"updateTime\":1606199138083}]', '0:0:0:0:0:0:0:1', '2020-11-24 14:25:38');
INSERT INTO `sys_log` VALUES ('1331121780355928066', '1', 'admin', '机构管理-获取所有组织机构', '7', 'com.company.project.controller.DeptController.getDeptAll()', null, '0:0:0:0:0:0:0:1', '2020-11-24 14:25:38');
INSERT INTO `sys_log` VALUES ('1331121801621049346', '1', 'admin', '机构管理-树型组织列表', '3', 'com.company.project.controller.DeptController.getTree()', '[\"\"]', '0:0:0:0:0:0:0:1', '2020-11-24 14:25:43');
INSERT INTO `sys_log` VALUES ('1331121875927339010', '1', 'admin', '机构管理-新增组织', '20', 'com.company.project.controller.DeptController.addDept()', '[{\"createTime\":1606199160910,\"deleted\":1,\"deptNo\":\"D000002\",\"id\":\"1331121875856035841\",\"managerName\":\"\",\"name\":\"初中部\",\"phone\":\"\",\"pid\":\"1\",\"pidName\":\"立信中学\",\"relationCode\":\"D000001D000002\",\"status\":1,\"updateTime\":1606199160910}]', '0:0:0:0:0:0:0:1', '2020-11-24 14:26:01');
INSERT INTO `sys_log` VALUES ('1331121876162220033', '1', 'admin', '机构管理-获取所有组织机构', '16', 'com.company.project.controller.DeptController.getDeptAll()', null, '0:0:0:0:0:0:0:1', '2020-11-24 14:26:01');
INSERT INTO `sys_log` VALUES ('1331121902628278273', '1', 'admin', '机构管理-树型组织列表', '10', 'com.company.project.controller.DeptController.getTree()', '[\"\"]', '0:0:0:0:0:0:0:1', '2020-11-24 14:26:07');
INSERT INTO `sys_log` VALUES ('1331121936459534338', '1', 'admin', '机构管理-新增组织', '13', 'com.company.project.controller.DeptController.addDept()', '[{\"createTime\":1606199175343,\"deleted\":1,\"deptNo\":\"D000003\",\"id\":\"1331121936392425474\",\"managerName\":\"\",\"name\":\"小学部\",\"phone\":\"\",\"pid\":\"1\",\"pidName\":\"立信中学\",\"relationCode\":\"D000001D000003\",\"status\":1,\"updateTime\":1606199175343}]', '0:0:0:0:0:0:0:1', '2020-11-24 14:26:15');
INSERT INTO `sys_log` VALUES ('1331121936648278018', '1', 'admin', '机构管理-获取所有组织机构', '13', 'com.company.project.controller.DeptController.getDeptAll()', null, '0:0:0:0:0:0:0:1', '2020-11-24 14:26:15');
INSERT INTO `sys_log` VALUES ('1331121950413983746', '1', 'admin', '机构管理-树型组织列表', '3', 'com.company.project.controller.DeptController.getTree()', '[\"\"]', '0:0:0:0:0:0:0:1', '2020-11-24 14:26:19');
INSERT INTO `sys_log` VALUES ('1331122249220395009', '1', 'admin', '机构管理-树型组织列表', '8', 'com.company.project.controller.DeptController.getTree()', '[\"\"]', '0:0:0:0:0:0:0:1', '2020-11-24 14:27:30');
INSERT INTO `sys_log` VALUES ('1331122291138269186', '1', 'admin', '机构管理-新增组织', '17', 'com.company.project.controller.DeptController.addDept()', '[{\"createTime\":1606199259904,\"deleted\":1,\"deptNo\":\"D000004\",\"id\":\"1331122291066966017\",\"managerName\":\"\",\"name\":\"教务部\",\"phone\":\"\",\"pid\":\"1\",\"pidName\":\"立信中学\",\"relationCode\":\"D000001D000004\",\"status\":1,\"updateTime\":1606199259904}]', '0:0:0:0:0:0:0:1', '2020-11-24 14:27:40');
INSERT INTO `sys_log` VALUES ('1331122291322818562', '1', 'admin', '机构管理-获取所有组织机构', '14', 'com.company.project.controller.DeptController.getDeptAll()', null, '0:0:0:0:0:0:0:1', '2020-11-24 14:27:40');
INSERT INTO `sys_log` VALUES ('1331122305826721794', '1', 'admin', '机构管理-树型组织列表', '12', 'com.company.project.controller.DeptController.getTree()', '[\"\"]', '0:0:0:0:0:0:0:1', '2020-11-24 14:27:43');
INSERT INTO `sys_log` VALUES ('1331122337170755586', '1', 'admin', '机构管理-新增组织', '13', 'com.company.project.controller.DeptController.addDept()', '[{\"createTime\":1606199270881,\"deleted\":1,\"deptNo\":\"D000005\",\"id\":\"1331122337107841026\",\"managerName\":\"\",\"name\":\"财务部\",\"phone\":\"\",\"pid\":\"1\",\"pidName\":\"立信中学\",\"relationCode\":\"D000001D000005\",\"status\":1,\"updateTime\":1606199270881}]', '0:0:0:0:0:0:0:1', '2020-11-24 14:27:51');
INSERT INTO `sys_log` VALUES ('1331122337342722050', '1', 'admin', '机构管理-获取所有组织机构', '11', 'com.company.project.controller.DeptController.getDeptAll()', null, '0:0:0:0:0:0:0:1', '2020-11-24 14:27:51');
INSERT INTO `sys_log` VALUES ('1331122917268156418', '1', 'admin', '机构管理-获取所有组织机构', '60', 'com.company.project.controller.DeptController.getDeptAll()', null, '0:0:0:0:0:0:0:1', '2020-11-24 14:30:09');
INSERT INTO `sys_log` VALUES ('1331570367531479041', '1', 'admin', '角色管理-分页获取角色信息', '160', 'com.company.project.controller.RoleController.pageInfo()', '[{}]', '0:0:0:0:0:0:0:1', '2020-11-25 20:08:10');
INSERT INTO `sys_log` VALUES ('1331570400414822402', '1', 'admin', '机构管理-树型组织列表', '47', 'com.company.project.controller.DeptController.getTree()', '[null]', '0:0:0:0:0:0:0:1', '2020-11-25 20:08:18');
INSERT INTO `sys_log` VALUES ('1331570400620343298', '1', 'admin', '用户管理-分页获取用户列表', '72', 'com.company.project.controller.UserController.pageInfo()', '[{}]', '0:0:0:0:0:0:0:1', '2020-11-25 20:08:18');
INSERT INTO `sys_log` VALUES ('1331832510382239745', '1', 'admin', '角色管理-分页获取角色信息', '39', 'com.company.project.controller.RoleController.pageInfo()', '[{}]', '0:0:0:0:0:0:0:1', '2020-11-26 13:29:49');
INSERT INTO `sys_log` VALUES ('1332238066108493826', '1', 'admin', '角色管理-分页获取角色信息', '27', 'com.company.project.controller.RoleController.pageInfo()', '[{}]', '0:0:0:0:0:0:0:1', '2020-11-27 16:21:21');
INSERT INTO `sys_log` VALUES ('1332238073834401794', '1', 'admin', '角色管理-查询角色详情', '235', 'com.company.project.controller.RoleController.detailInfo()', '[\"1331087516021194754\"]', '0:0:0:0:0:0:0:1', '2020-11-27 16:21:23');
INSERT INTO `sys_log` VALUES ('1332238114129080322', '1', 'admin', '角色管理-查询角色详情', '206', 'com.company.project.controller.RoleController.detailInfo()', '[\"1331087516021194754\"]', '0:0:0:0:0:0:0:1', '2020-11-27 16:21:33');
INSERT INTO `sys_log` VALUES ('1332238196345827329', '1', 'admin', '角色管理-查询角色详情', '210', 'com.company.project.controller.RoleController.detailInfo()', '[\"1331087516021194754\"]', '0:0:0:0:0:0:0:1', '2020-11-27 16:21:52');
INSERT INTO `sys_log` VALUES ('1332238234711126018', '1', 'admin', '角色管理-分页获取角色信息', '14', 'com.company.project.controller.RoleController.pageInfo()', '[{}]', '0:0:0:0:0:0:0:1', '2020-11-27 16:22:02');
INSERT INTO `sys_log` VALUES ('1332238254415966210', '1', 'admin', '角色管理-查询角色详情', '206', 'com.company.project.controller.RoleController.detailInfo()', '[\"1331087516021194754\"]', '0:0:0:0:0:0:0:1', '2020-11-27 16:22:06');
INSERT INTO `sys_log` VALUES ('1332238368513617921', '1', 'admin', '角色管理-分页获取角色信息', '8', 'com.company.project.controller.RoleController.pageInfo()', '[{}]', '0:0:0:0:0:0:0:1', '2020-11-27 16:22:34');
INSERT INTO `sys_log` VALUES ('1332239118769754114', '1', 'admin', '角色管理-分页获取角色信息', '113', 'com.company.project.controller.RoleController.pageInfo()', '[{}]', '0:0:0:0:0:0:0:1', '2020-11-27 16:25:32');
INSERT INTO `sys_log` VALUES ('1332239303184953346', '1', 'admin', '角色管理-分页获取角色信息', '107', 'com.company.project.controller.RoleController.pageInfo()', '[{}]', '0:0:0:0:0:0:0:1', '2020-11-27 16:26:16');
INSERT INTO `sys_log` VALUES ('1332239405492416514', '1', 'admin', '机构管理-树型组织列表', '37', 'com.company.project.controller.DeptController.getTree()', '[null]', '127.0.0.1', '2020-11-27 16:26:41');
INSERT INTO `sys_log` VALUES ('1332239405752463362', '1', 'admin', '用户管理-分页获取用户列表', '68', 'com.company.project.controller.UserController.pageInfo()', '[{}]', '0:0:0:0:0:0:0:1', '2020-11-27 16:26:41');
INSERT INTO `sys_log` VALUES ('1332239412241051649', '1', 'admin', '角色管理-分页获取角色信息', '17', 'com.company.project.controller.RoleController.pageInfo()', '[{}]', '0:0:0:0:0:0:0:1', '2020-11-27 16:26:42');
INSERT INTO `sys_log` VALUES ('1332239496932438017', '1', 'admin', '机构管理-树型组织列表', '9', 'com.company.project.controller.DeptController.getTree()', '[null]', '127.0.0.1', '2020-11-27 16:27:03');
INSERT INTO `sys_log` VALUES ('1332239497196679170', '1', 'admin', '用户管理-分页获取用户列表', '44', 'com.company.project.controller.UserController.pageInfo()', '[{}]', '0:0:0:0:0:0:0:1', '2020-11-27 16:27:03');
INSERT INTO `sys_log` VALUES ('1332239508030566401', '1', 'admin', '角色管理-分页获取角色信息', '20', 'com.company.project.controller.RoleController.pageInfo()', '[{}]', '127.0.0.1', '2020-11-27 16:27:05');
INSERT INTO `sys_log` VALUES ('1332239825300242434', '1', 'admin', '角色管理-分页获取角色信息', '137', 'com.company.project.controller.RoleController.pageInfo()', '[{}]', '0:0:0:0:0:0:0:1', '2020-11-27 16:28:21');
INSERT INTO `sys_log` VALUES ('1332239964832153602', '1', 'admin', '用户管理-查询用户详情', '33', 'com.company.project.controller.UserController.youSelfInfo()', null, '0:0:0:0:0:0:0:1', '2020-11-27 16:28:54');
INSERT INTO `sys_log` VALUES ('1332240102124306433', '1', 'admin', '用户管理-更新用户信息', '56', 'com.company.project.controller.UserController.updateUserInfoById()', '[{\"email\":\"xxxxxx@163.com\",\"id\":\"1\",\"phone\":\"13888888888\",\"realName\":\"爱糖宝\",\"sex\":2,\"status\":1,\"updateId\":\"1\",\"updateTime\":1606465766788,\"username\":\"admin\"}]', '0:0:0:0:0:0:0:1', '2020-11-27 16:29:27');
INSERT INTO `sys_log` VALUES ('1334802701958676482', '1', 'admin', '角色管理-分页获取角色信息', '14', 'com.company.project.controller.RoleController.pageInfo()', '[{}]', '192.168.0.102', '2020-12-04 18:12:18');
INSERT INTO `sys_log` VALUES ('1334802731352358913', '1', 'admin', '机构管理-树型组织列表', '12', 'com.company.project.controller.DeptController.getTree()', '[null]', '192.168.0.102', '2020-12-04 18:12:25');
INSERT INTO `sys_log` VALUES ('1334802731398496257', '1', 'admin', '用户管理-分页获取用户列表', '11', 'com.company.project.controller.UserController.pageInfo()', '[{}]', '192.168.0.102', '2020-12-04 18:12:25');
INSERT INTO `sys_log` VALUES ('1334802776109776897', '1', 'admin', '用户管理-分页获取用户列表', '14', 'com.company.project.controller.UserController.pageInfo()', '[{\"deptNo\":\"D000002\",\"nickName\":\"\",\"username\":\"\"}]', '192.168.0.102', '2020-12-04 18:12:35');
INSERT INTO `sys_log` VALUES ('1334802781713367042', '1', 'admin', '用户管理-分页获取用户列表', '6', 'com.company.project.controller.UserController.pageInfo()', '[{\"deptNo\":\"D000003\",\"nickName\":\"\",\"username\":\"\"}]', '192.168.0.102', '2020-12-04 18:12:37');
INSERT INTO `sys_log` VALUES ('1334802784687128577', '1', 'admin', '用户管理-分页获取用户列表', '6', 'com.company.project.controller.UserController.pageInfo()', '[{\"deptNo\":\"D000004\",\"nickName\":\"\",\"username\":\"\"}]', '192.168.0.102', '2020-12-04 18:12:37');
INSERT INTO `sys_log` VALUES ('1334802787136602113', '1', 'admin', '用户管理-分页获取用户列表', '6', 'com.company.project.controller.UserController.pageInfo()', '[{\"deptNo\":\"D000005\",\"nickName\":\"\",\"username\":\"\"}]', '192.168.0.102', '2020-12-04 18:12:38');
INSERT INTO `sys_log` VALUES ('1334802792152989697', '1', 'admin', '用户管理-分页获取用户列表', '5', 'com.company.project.controller.UserController.pageInfo()', '[{\"deptNo\":\"D000004\",\"nickName\":\"\",\"username\":\"\"}]', '192.168.0.102', '2020-12-04 18:12:39');
INSERT INTO `sys_log` VALUES ('1334802794292084737', '1', 'admin', '用户管理-分页获取用户列表', '5', 'com.company.project.controller.UserController.pageInfo()', '[{\"deptNo\":\"D000003\",\"nickName\":\"\",\"username\":\"\"}]', '192.168.0.102', '2020-12-04 18:12:40');
INSERT INTO `sys_log` VALUES ('1334802795932057601', '1', 'admin', '用户管理-分页获取用户列表', '5', 'com.company.project.controller.UserController.pageInfo()', '[{\"deptNo\":\"D000002\",\"nickName\":\"\",\"username\":\"\"}]', '192.168.0.102', '2020-12-04 18:12:40');
INSERT INTO `sys_log` VALUES ('1334802819172696065', '1', 'admin', '角色管理-分页获取角色信息', '7', 'com.company.project.controller.RoleController.pageInfo()', '[{}]', '192.168.0.102', '2020-12-04 18:12:46');
INSERT INTO `sys_log` VALUES ('1334802828999950338', '1', 'admin', '机构管理-获取所有组织机构', '15', 'com.company.project.controller.DeptController.getDeptAll()', null, '192.168.0.102', '2020-12-04 18:12:48');
INSERT INTO `sys_log` VALUES ('1334802913242546177', '1', 'admin', '菜单权限管理-获取所有菜单权限', '281', 'com.company.project.controller.PermissionController.getAllMenusPermission()', null, '192.168.0.102', '2020-12-04 18:13:08');
INSERT INTO `sys_log` VALUES ('1334803075973152769', '1', 'admin', '菜单权限管理-获取所有目录菜单树', '223', 'com.company.project.controller.PermissionController.getAllMenusPermissionTree()', '[\"784480084034584576\"]', '192.168.0.102', '2020-12-04 18:13:47');
INSERT INTO `sys_log` VALUES ('1334803210174103554', '1', 'admin', '菜单权限管理-更新菜单权限', '28', 'com.company.project.controller.PermissionController.updatePermission()', '[{\"icon\":\"\",\"id\":\"784480084034584576\",\"name\":\"考场\",\"orderNum\":10,\"perms\":\"\",\"pid\":\"21\",\"pidName\":\"其他\",\"status\":1,\"target\":\"_self\",\"type\":2,\"updateTime\":1607076859381,\"url\":\"/index/dlExamRoom\"}]', '192.168.0.102', '2020-12-04 18:14:19');
INSERT INTO `sys_log` VALUES ('1334803211142987777', '1', 'admin', '菜单权限管理-获取所有菜单权限', '219', 'com.company.project.controller.PermissionController.getAllMenusPermission()', null, '192.168.0.102', '2020-12-04 18:14:19');
INSERT INTO `sys_log` VALUES ('1334803264263847937', '1', 'admin', '菜单权限管理-获取所有目录菜单树', '152', 'com.company.project.controller.PermissionController.getAllMenusPermissionTree()', '[\"784480084034584576\"]', '192.168.0.102', '2020-12-04 18:14:32');
INSERT INTO `sys_log` VALUES ('1334803298443231234', '1', 'admin', '菜单权限管理-更新菜单权限', '10', 'com.company.project.controller.PermissionController.updatePermission()', '[{\"icon\":\"\",\"id\":\"784480084034584576\",\"name\":\"考场管理\",\"orderNum\":10,\"perms\":\"\",\"pid\":\"21\",\"pidName\":\"其他\",\"status\":1,\"target\":\"_self\",\"type\":2,\"updateTime\":1607076880441,\"url\":\"/index/dlExamRoom\"}]', '192.168.0.102', '2020-12-04 18:14:40');
INSERT INTO `sys_log` VALUES ('1334803299235954690', '1', 'admin', '菜单权限管理-获取所有菜单权限', '177', 'com.company.project.controller.PermissionController.getAllMenusPermission()', null, '192.168.0.102', '2020-12-04 18:14:40');
INSERT INTO `sys_log` VALUES ('1334803385462456321', '1', 'admin', '菜单权限管理-获取所有目录菜单树', '169', 'com.company.project.controller.PermissionController.getAllMenusPermissionTree()', '[\"784480083837452288\"]', '192.168.0.102', '2020-12-04 18:15:01');
INSERT INTO `sys_log` VALUES ('1334803452319662082', '1', 'admin', '菜单权限管理-更新菜单权限', '10', 'com.company.project.controller.PermissionController.updatePermission()', '[{\"icon\":\"\",\"id\":\"784480083837452288\",\"name\":\"考试科目管理\",\"orderNum\":10,\"perms\":\"\",\"pid\":\"21\",\"pidName\":\"其他\",\"status\":1,\"target\":\"_self\",\"type\":2,\"updateTime\":1607076917126,\"url\":\"/index/dlExamSubject\"}]', '192.168.0.102', '2020-12-04 18:15:17');
INSERT INTO `sys_log` VALUES ('1334803453112385538', '1', 'admin', '菜单权限管理-获取所有菜单权限', '180', 'com.company.project.controller.PermissionController.getAllMenusPermission()', null, '192.168.0.102', '2020-12-04 18:15:17');
INSERT INTO `sys_log` VALUES ('1334803504442277889', '1', 'admin', '菜单权限管理-获取所有目录菜单树', '155', 'com.company.project.controller.PermissionController.getAllMenusPermissionTree()', '[\"784480084118470656\"]', '192.168.0.102', '2020-12-04 18:15:29');
INSERT INTO `sys_log` VALUES ('1334803575950966786', '1', 'admin', '菜单权限管理-更新菜单权限', '10', 'com.company.project.controller.PermissionController.updatePermission()', '[{\"icon\":\"\",\"id\":\"784480084118470656\",\"name\":\"考试结果管理\",\"orderNum\":10,\"perms\":\"\",\"pid\":\"21\",\"pidName\":\"其他\",\"status\":1,\"target\":\"_self\",\"type\":2,\"updateTime\":1607076946604,\"url\":\"/index/dlExamResult\"}]', '192.168.0.102', '2020-12-04 18:15:46');
INSERT INTO `sys_log` VALUES ('1334803576735301633', '1', 'admin', '菜单权限管理-获取所有菜单权限', '173', 'com.company.project.controller.PermissionController.getAllMenusPermission()', null, '192.168.0.102', '2020-12-04 18:15:46');
INSERT INTO `sys_log` VALUES ('1334803623787003905', '1', 'admin', '菜单权限管理-获取所有目录菜单树', '143', 'com.company.project.controller.PermissionController.getAllMenusPermissionTree()', '[\"784480084189773824\"]', '192.168.0.102', '2020-12-04 18:15:58');
INSERT INTO `sys_log` VALUES ('1334803675427274753', '1', 'admin', '菜单权限管理-更新菜单权限', '12', 'com.company.project.controller.PermissionController.updatePermission()', '[{\"icon\":\"\",\"id\":\"784480084189773824\",\"name\":\"考试计划管理\",\"orderNum\":10,\"perms\":\"\",\"pid\":\"21\",\"pidName\":\"其他\",\"status\":1,\"target\":\"_self\",\"type\":2,\"updateTime\":1607076970319,\"url\":\"/index/dlExamPlan\"}]', '192.168.0.102', '2020-12-04 18:16:10');
INSERT INTO `sys_log` VALUES ('1334803676081586178', '1', 'admin', '菜单权限管理-获取所有菜单权限', '146', 'com.company.project.controller.PermissionController.getAllMenusPermission()', null, '192.168.0.102', '2020-12-04 18:16:10');
INSERT INTO `sys_log` VALUES ('1334803764589789186', '1', 'admin', '菜单权限管理-获取所有目录菜单树', '131', 'com.company.project.controller.PermissionController.getAllMenusPermissionTree()', '[\"784480084319797248\"]', '192.168.0.102', '2020-12-04 18:16:31');
INSERT INTO `sys_log` VALUES ('1334803799176019970', '1', 'admin', '菜单权限管理-更新菜单权限', '6', 'com.company.project.controller.PermissionController.updatePermission()', '[{\"icon\":\"\",\"id\":\"784480084319797248\",\"name\":\"参考班级管理\",\"orderNum\":10,\"perms\":\"\",\"pid\":\"21\",\"pidName\":\"其他\",\"status\":1,\"target\":\"_self\",\"type\":2,\"updateTime\":1607076999829,\"url\":\"/index/dlExamClass\"}]', '192.168.0.102', '2020-12-04 18:16:39');
INSERT INTO `sys_log` VALUES ('1334803799851302914', '1', 'admin', '菜单权限管理-获取所有菜单权限', '149', 'com.company.project.controller.PermissionController.getAllMenusPermission()', null, '192.168.0.102', '2020-12-04 18:16:39');
INSERT INTO `sys_log` VALUES ('1334806045804625922', '1', 'admin', '菜单权限管理-获取所有目录菜单树', '133', 'com.company.project.controller.PermissionController.getAllMenusPermissionTree()', '[\"\"]', '192.168.0.102', '2020-12-04 18:25:35');
INSERT INTO `sys_log` VALUES ('1334806126062632961', '1', 'admin', '菜单权限管理-获取所有目录菜单树', '160', 'com.company.project.controller.PermissionController.getAllMenusPermissionTree()', '[\"\"]', '192.168.0.102', '2020-12-04 18:25:54');
INSERT INTO `sys_log` VALUES ('1334806348692094977', '1', 'admin', '菜单权限管理-新增菜单权限', '11', 'com.company.project.controller.PermissionController.addPermission()', '[{\"createTime\":1607077607676,\"deleted\":1,\"icon\":\"layui-icon-username\",\"id\":\"1334806348645957634\",\"name\":\"学生管理\",\"orderNum\":2,\"perms\":\"\",\"pid\":\"0\",\"pidName\":\"默认顶级菜单\",\"status\":1,\"target\":\"_self\",\"type\":1,\"updateTime\":1607077607676,\"url\":\"\"}]', '192.168.0.102', '2020-12-04 18:26:47');
INSERT INTO `sys_log` VALUES ('1334806349275103234', '1', 'admin', '菜单权限管理-获取所有菜单权限', '126', 'com.company.project.controller.PermissionController.getAllMenusPermission()', null, '192.168.0.102', '2020-12-04 18:26:47');
INSERT INTO `sys_log` VALUES ('1334806380187123714', '1', 'admin', '菜单权限管理-获取所有菜单权限', '148', 'com.company.project.controller.PermissionController.getAllMenusPermission()', null, '192.168.0.102', '2020-12-04 18:26:55');
INSERT INTO `sys_log` VALUES ('1334806553902612482', '1', 'admin', '菜单权限管理-获取所有目录菜单树', '136', 'com.company.project.controller.PermissionController.getAllMenusPermissionTree()', '[\"784480084814725120\"]', '192.168.0.102', '2020-12-04 18:27:36');
INSERT INTO `sys_log` VALUES ('1334806588547563522', '1', 'admin', '菜单权限管理-更新菜单权限', '8', 'com.company.project.controller.PermissionController.updatePermission()', '[{\"icon\":\"\",\"id\":\"784480084814725120\",\"name\":\"dlStudent\",\"orderNum\":10,\"perms\":\"\",\"pid\":\"1334806348645957634\",\"pidName\":\"学生管理\",\"status\":1,\"target\":\"_self\",\"type\":2,\"updateTime\":1607077664865,\"url\":\"/index/dlStudent\"}]', '192.168.0.102', '2020-12-04 18:27:44');
INSERT INTO `sys_log` VALUES ('1334806589155737601', '1', 'admin', '菜单权限管理-获取所有菜单权限', '133', 'com.company.project.controller.PermissionController.getAllMenusPermission()', null, '192.168.0.102', '2020-12-04 18:27:45');
INSERT INTO `sys_log` VALUES ('1334806610194366465', '1', 'admin', '菜单权限管理-获取所有菜单权限', '145', 'com.company.project.controller.PermissionController.getAllMenusPermission()', null, '192.168.0.102', '2020-12-04 18:27:50');
INSERT INTO `sys_log` VALUES ('1334806656239435778', '1', 'admin', '菜单权限管理-获取所有目录菜单树', '159', 'com.company.project.controller.PermissionController.getAllMenusPermissionTree()', '[\"\"]', '192.168.0.102', '2020-12-04 18:28:01');
INSERT INTO `sys_log` VALUES ('1334806895033745409', '1', 'admin', '菜单权限管理-新增菜单权限', '6', 'com.company.project.controller.PermissionController.addPermission()', '[{\"createTime\":1607077737937,\"deleted\":1,\"icon\":\"layui-icon-friends\",\"id\":\"1334806894995996673\",\"name\":\"教师管理\",\"orderNum\":3,\"perms\":\"\",\"pid\":\"0\",\"pidName\":\"默认顶级菜单\",\"status\":1,\"target\":\"_self\",\"type\":1,\"updateTime\":1607077737937,\"url\":\"\"}]', '192.168.0.102', '2020-12-04 18:28:57');
INSERT INTO `sys_log` VALUES ('1334806895709028354', '1', 'admin', '菜单权限管理-获取所有菜单权限', '149', 'com.company.project.controller.PermissionController.getAllMenusPermission()', null, '192.168.0.102', '2020-12-04 18:28:58');
INSERT INTO `sys_log` VALUES ('1334806905230098433', '1', 'admin', '菜单权限管理-获取所有目录菜单树', '142', 'com.company.project.controller.PermissionController.getAllMenusPermissionTree()', '[\"\"]', '192.168.0.102', '2020-12-04 18:29:00');
INSERT INTO `sys_log` VALUES ('1334806969197428737', '1', 'admin', '菜单权限管理-获取所有目录菜单树', '152', 'com.company.project.controller.PermissionController.getAllMenusPermissionTree()', '[\"\"]', '192.168.0.102', '2020-12-04 18:29:15');
INSERT INTO `sys_log` VALUES ('1334807138819276802', '1', 'admin', '菜单权限管理-新增菜单权限', '9', 'com.company.project.controller.PermissionController.addPermission()', '[{\"createTime\":1607077796057,\"deleted\":1,\"icon\":\"layui-icon-file\",\"id\":\"1334807138768945153\",\"name\":\"题库管理\",\"orderNum\":4,\"perms\":\"\",\"pid\":\"0\",\"pidName\":\"默认顶级菜单\",\"status\":1,\"target\":\"_self\",\"type\":1,\"updateTime\":1607077796057,\"url\":\"\"}]', '192.168.0.102', '2020-12-04 18:29:56');
INSERT INTO `sys_log` VALUES ('1334807139444228098', '1', 'admin', '菜单权限管理-获取所有菜单权限', '137', 'com.company.project.controller.PermissionController.getAllMenusPermission()', null, '192.168.0.102', '2020-12-04 18:29:56');
INSERT INTO `sys_log` VALUES ('1334807150492024833', '1', 'admin', '菜单权限管理-获取所有目录菜单树', '141', 'com.company.project.controller.PermissionController.getAllMenusPermissionTree()', '[\"\"]', '192.168.0.102', '2020-12-04 18:29:58');
INSERT INTO `sys_log` VALUES ('1334807935909003266', '1', 'admin', '菜单权限管理-获取所有目录菜单树', '142', 'com.company.project.controller.PermissionController.getAllMenusPermissionTree()', '[\"\"]', '192.168.0.102', '2020-12-04 18:33:06');
INSERT INTO `sys_log` VALUES ('1334808090431356930', '1', 'admin', '菜单权限管理-新增菜单权限', '6', 'com.company.project.controller.PermissionController.addPermission()', '[{\"createTime\":1607078022942,\"deleted\":1,\"icon\":\"layui-icon-table\",\"id\":\"1334808090397802498\",\"name\":\"考试管理\",\"orderNum\":6,\"perms\":\"\",\"pid\":\"0\",\"pidName\":\"默认顶级菜单\",\"status\":1,\"target\":\"_self\",\"type\":1,\"updateTime\":1607078022942,\"url\":\"\"}]', '192.168.0.102', '2020-12-04 18:33:42');
INSERT INTO `sys_log` VALUES ('1334808091127611394', '1', 'admin', '菜单权限管理-获取所有菜单权限', '152', 'com.company.project.controller.PermissionController.getAllMenusPermission()', null, '192.168.0.102', '2020-12-04 18:33:43');
INSERT INTO `sys_log` VALUES ('1334808327719911426', '1', 'admin', '菜单权限管理-获取所有目录菜单树', '137', 'com.company.project.controller.PermissionController.getAllMenusPermissionTree()', '[\"\"]', '192.168.0.102', '2020-12-04 18:34:39');
INSERT INTO `sys_log` VALUES ('1334808583496957954', '1', 'admin', '菜单权限管理-新增菜单权限', '9', 'com.company.project.controller.PermissionController.addPermission()', '[{\"createTime\":1607078140496,\"deleted\":1,\"icon\":\"layui-icon-template-1\",\"id\":\"1334808583455014914\",\"name\":\"学情分析\",\"orderNum\":5,\"perms\":\"\",\"pid\":\"0\",\"pidName\":\"默认顶级菜单\",\"status\":1,\"target\":\"_self\",\"type\":1,\"updateTime\":1607078140496,\"url\":\"\"}]', '192.168.0.102', '2020-12-04 18:35:40');
INSERT INTO `sys_log` VALUES ('1334808584189018113', '1', 'admin', '菜单权限管理-获取所有菜单权限', '153', 'com.company.project.controller.PermissionController.getAllMenusPermission()', null, '192.168.0.102', '2020-12-04 18:35:40');
INSERT INTO `sys_log` VALUES ('1334808592565043202', '1', 'admin', '菜单权限管理-获取所有目录菜单树', '135', 'com.company.project.controller.PermissionController.getAllMenusPermissionTree()', '[\"\"]', '192.168.0.102', '2020-12-04 18:35:42');
INSERT INTO `sys_log` VALUES ('1334808707170205697', '1', 'admin', '菜单权限管理-新增菜单权限', '9', 'com.company.project.controller.PermissionController.addPermission()', '[{\"createTime\":1607078169981,\"deleted\":1,\"icon\":\"layui-icon-table\",\"id\":\"1334808707124068353\",\"name\":\"排课管理\",\"orderNum\":7,\"perms\":\"\",\"pid\":\"0\",\"pidName\":\"默认顶级菜单\",\"status\":1,\"target\":\"_self\",\"type\":1,\"updateTime\":1607078169981,\"url\":\"\"}]', '192.168.0.102', '2020-12-04 18:36:09');
INSERT INTO `sys_log` VALUES ('1334808707841294338', '1', 'admin', '菜单权限管理-获取所有菜单权限', '149', 'com.company.project.controller.PermissionController.getAllMenusPermission()', null, '192.168.0.102', '2020-12-04 18:36:10');
INSERT INTO `sys_log` VALUES ('1334808766129537025', '1', 'admin', '菜单权限管理-获取所有目录菜单树', '144', 'com.company.project.controller.PermissionController.getAllMenusPermissionTree()', '[\"1334808090397802498\"]', '192.168.0.102', '2020-12-04 18:36:24');
INSERT INTO `sys_log` VALUES ('1334808804721328129', '1', 'admin', '菜单权限管理-更新菜单权限', '8', 'com.company.project.controller.PermissionController.updatePermission()', '[{\"icon\":\"layui-icon-edit\",\"id\":\"1334808090397802498\",\"name\":\"考试管理\",\"orderNum\":6,\"perms\":\"\",\"pid\":\"0\",\"pidName\":\"\",\"status\":1,\"target\":\"_self\",\"type\":1,\"updateTime\":1607078193241,\"url\":\"\"}]', '192.168.0.102', '2020-12-04 18:36:33');
INSERT INTO `sys_log` VALUES ('1334808805438554113', '1', 'admin', '菜单权限管理-获取所有菜单权限', '160', 'com.company.project.controller.PermissionController.getAllMenusPermission()', null, '192.168.0.102', '2020-12-04 18:36:33');
INSERT INTO `sys_log` VALUES ('1334821556797997057', '1', 'admin', '菜单权限管理-获取所有菜单权限', '163', 'com.company.project.controller.PermissionController.getAllMenusPermission()', null, '192.168.0.102', '2020-12-04 19:27:13');
INSERT INTO `sys_log` VALUES ('1334821680538353665', '1', 'admin', '菜单权限管理-获取所有菜单权限', '160', 'com.company.project.controller.PermissionController.getAllMenusPermission()', null, '192.168.0.102', '2020-12-04 19:27:43');
INSERT INTO `sys_log` VALUES ('1334821738797236226', '1', 'admin', '菜单权限管理-获取所有目录菜单树', '130', 'com.company.project.controller.PermissionController.getAllMenusPermissionTree()', '[\"784480083837452288\"]', '192.168.0.102', '2020-12-04 19:27:56');
INSERT INTO `sys_log` VALUES ('1334821797962088449', '1', 'admin', '菜单权限管理-更新菜单权限', '6', 'com.company.project.controller.PermissionController.updatePermission()', '[{\"icon\":\"\",\"id\":\"784480083837452288\",\"name\":\"考试科目管理\",\"orderNum\":10,\"perms\":\"\",\"pid\":\"1334808090397802498\",\"pidName\":\"考试管理\",\"status\":1,\"target\":\"_self\",\"type\":2,\"updateTime\":1607081291073,\"url\":\"/index/dlExamSubject\"}]', '192.168.0.102', '2020-12-04 19:28:11');
INSERT INTO `sys_log` VALUES ('1334821798658342914', '1', 'admin', '菜单权限管理-获取所有菜单权限', '153', 'com.company.project.controller.PermissionController.getAllMenusPermission()', null, '192.168.0.102', '2020-12-04 19:28:11');
INSERT INTO `sys_log` VALUES ('1334821863024132098', '1', 'admin', '菜单权限管理-获取所有目录菜单树', '133', 'com.company.project.controller.PermissionController.getAllMenusPermissionTree()', '[\"784480084118470656\"]', '192.168.0.102', '2020-12-04 19:28:26');
INSERT INTO `sys_log` VALUES ('1334821889444052994', '1', 'admin', '菜单权限管理-更新菜单权限', '7', 'com.company.project.controller.PermissionController.updatePermission()', '[{\"icon\":\"\",\"id\":\"784480084118470656\",\"name\":\"考试结果管理\",\"orderNum\":10,\"perms\":\"\",\"pid\":\"1334808090397802498\",\"pidName\":\"考试管理\",\"status\":1,\"target\":\"_self\",\"type\":2,\"updateTime\":1607081312885,\"url\":\"/index/dlExamResult\"}]', '192.168.0.102', '2020-12-04 19:28:32');
INSERT INTO `sys_log` VALUES ('1334821890144501762', '1', 'admin', '菜单权限管理-获取所有菜单权限', '155', 'com.company.project.controller.PermissionController.getAllMenusPermission()', null, '192.168.0.102', '2020-12-04 19:28:33');
INSERT INTO `sys_log` VALUES ('1334821954107637762', '1', 'admin', '菜单权限管理-获取所有目录菜单树', '137', 'com.company.project.controller.PermissionController.getAllMenusPermissionTree()', '[\"784480084034584576\"]', '192.168.0.102', '2020-12-04 19:28:48');
INSERT INTO `sys_log` VALUES ('1334822016795705346', '1', 'admin', '菜单权限管理-更新菜单权限', '7', 'com.company.project.controller.PermissionController.updatePermission()', '[{\"icon\":\"\",\"id\":\"784480084034584576\",\"name\":\"考场管理\",\"orderNum\":10,\"perms\":\"\",\"pid\":\"1334808090397802498\",\"pidName\":\"考试管理\",\"status\":1,\"target\":\"_self\",\"type\":2,\"updateTime\":1607081343246,\"url\":\"/index/dlExamRoom\"}]', '192.168.0.102', '2020-12-04 19:29:03');
INSERT INTO `sys_log` VALUES ('1334822017475182593', '1', 'admin', '菜单权限管理-获取所有菜单权限', '152', 'com.company.project.controller.PermissionController.getAllMenusPermission()', null, '192.168.0.102', '2020-12-04 19:29:03');
INSERT INTO `sys_log` VALUES ('1334822069853650945', '1', 'admin', '菜单权限管理-获取所有目录菜单树', '128', 'com.company.project.controller.PermissionController.getAllMenusPermissionTree()', '[\"784480084189773824\"]', '192.168.0.102', '2020-12-04 19:29:15');
INSERT INTO `sys_log` VALUES ('1334822090107944961', '1', 'admin', '菜单权限管理-更新菜单权限', '7', 'com.company.project.controller.PermissionController.updatePermission()', '[{\"icon\":\"\",\"id\":\"784480084189773824\",\"name\":\"考试计划管理\",\"orderNum\":10,\"perms\":\"\",\"pid\":\"1334808090397802498\",\"pidName\":\"考试管理\",\"status\":1,\"target\":\"_self\",\"type\":2,\"updateTime\":1607081360726,\"url\":\"/index/dlExamPlan\"}]', '192.168.0.102', '2020-12-04 19:29:20');
INSERT INTO `sys_log` VALUES ('1334822090795810818', '1', 'admin', '菜单权限管理-获取所有菜单权限', '149', 'com.company.project.controller.PermissionController.getAllMenusPermission()', null, '192.168.0.102', '2020-12-04 19:29:20');
INSERT INTO `sys_log` VALUES ('1334822138594099202', '1', 'admin', '菜单权限管理-获取所有目录菜单树', '134', 'com.company.project.controller.PermissionController.getAllMenusPermissionTree()', '[\"784480084319797248\"]', '192.168.0.102', '2020-12-04 19:29:32');
INSERT INTO `sys_log` VALUES ('1334822170743439361', '1', 'admin', '菜单权限管理-更新菜单权限', '9', 'com.company.project.controller.PermissionController.updatePermission()', '[{\"icon\":\"\",\"id\":\"784480084319797248\",\"name\":\"参考班级管理\",\"orderNum\":10,\"perms\":\"\",\"pid\":\"1334808090397802498\",\"pidName\":\"考试管理\",\"status\":1,\"target\":\"_self\",\"type\":2,\"updateTime\":1607081379949,\"url\":\"/index/dlExamClass\"}]', '192.168.0.102', '2020-12-04 19:29:39');
INSERT INTO `sys_log` VALUES ('1334822171360002050', '1', 'admin', '菜单权限管理-获取所有菜单权限', '137', 'com.company.project.controller.PermissionController.getAllMenusPermission()', null, '192.168.0.102', '2020-12-04 19:29:40');
INSERT INTO `sys_log` VALUES ('1334822263622107137', '1', 'admin', '菜单权限管理-获取所有目录菜单树', '137', 'com.company.project.controller.PermissionController.getAllMenusPermissionTree()', '[\"784480084256882688\"]', '192.168.0.102', '2020-12-04 19:30:02');
INSERT INTO `sys_log` VALUES ('1334822331909570561', '1', 'admin', '菜单权限管理-更新菜单权限', '7', 'com.company.project.controller.PermissionController.updatePermission()', '[{\"icon\":\"\",\"id\":\"784480084256882688\",\"name\":\"考试统计\",\"orderNum\":10,\"perms\":\"\",\"pid\":\"1334808090397802498\",\"pidName\":\"考试管理\",\"status\":1,\"target\":\"_self\",\"type\":2,\"updateTime\":1607081418376,\"url\":\"/index/dlExamList\"}]', '192.168.0.102', '2020-12-04 19:30:18');
INSERT INTO `sys_log` VALUES ('1334822332547104770', '1', 'admin', '菜单权限管理-获取所有菜单权限', '141', 'com.company.project.controller.PermissionController.getAllMenusPermission()', null, '192.168.0.102', '2020-12-04 19:30:18');
INSERT INTO `sys_log` VALUES ('1334822495680364545', '1', 'admin', '菜单权限管理-获取所有目录菜单树', '137', 'com.company.project.controller.PermissionController.getAllMenusPermissionTree()', '[\"784480084391100416\"]', '192.168.0.102', '2020-12-04 19:30:57');
INSERT INTO `sys_log` VALUES ('1334822599208370177', '1', 'admin', '菜单权限管理-更新菜单权限', '7', 'com.company.project.controller.PermissionController.updatePermission()', '[{\"icon\":\"\",\"id\":\"784480084391100416\",\"name\":\"教师课程管理\",\"orderNum\":10,\"perms\":\"\",\"pid\":\"1334806894995996673\",\"pidName\":\"教师管理\",\"status\":1,\"target\":\"_self\",\"type\":2,\"updateTime\":1607081482105,\"url\":\"/index/dlCourseTeacher\"}]', '192.168.0.102', '2020-12-04 19:31:22');
INSERT INTO `sys_log` VALUES ('1334822599980122114', '1', 'admin', '菜单权限管理-获取所有菜单权限', '172', 'com.company.project.controller.PermissionController.getAllMenusPermission()', null, '192.168.0.102', '2020-12-04 19:31:22');
INSERT INTO `sys_log` VALUES ('1334822676383563777', '1', 'admin', '菜单权限管理-获取所有目录菜单树', '139', 'com.company.project.controller.PermissionController.getAllMenusPermissionTree()', '[\"\"]', '192.168.0.102', '2020-12-04 19:31:40');
INSERT INTO `sys_log` VALUES ('1334822791974387713', '1', 'admin', '菜单权限管理-新增菜单权限', '6', 'com.company.project.controller.PermissionController.addPermission()', '[{\"createTime\":1607081528064,\"deleted\":1,\"icon\":\"layui-icon-template\",\"id\":\"1334822791945027585\",\"name\":\"课程管理\",\"orderNum\":8,\"perms\":\"\",\"pid\":\"0\",\"pidName\":\"默认顶级菜单\",\"status\":1,\"target\":\"_self\",\"type\":1,\"updateTime\":1607081528064,\"url\":\"\"}]', '192.168.0.102', '2020-12-04 19:32:08');
INSERT INTO `sys_log` VALUES ('1334822792637087746', '1', 'admin', '菜单权限管理-获取所有菜单权限', '147', 'com.company.project.controller.PermissionController.getAllMenusPermission()', null, '192.168.0.102', '2020-12-04 19:32:08');
INSERT INTO `sys_log` VALUES ('1334822836631142402', '1', 'admin', '菜单权限管理-获取所有目录菜单树', '145', 'com.company.project.controller.PermissionController.getAllMenusPermissionTree()', '[\"784480084491763712\"]', '192.168.0.102', '2020-12-04 19:32:18');
INSERT INTO `sys_log` VALUES ('1334822899180797953', '1', 'admin', '菜单权限管理-更新菜单权限', '6', 'com.company.project.controller.PermissionController.updatePermission()', '[{\"icon\":\"layui-icon-template\",\"id\":\"784480084491763712\",\"name\":\"课程管理\",\"orderNum\":10,\"perms\":\"\",\"pid\":\"1334822791945027585\",\"pidName\":\"课程管理\",\"status\":1,\"target\":\"_self\",\"type\":2,\"updateTime\":1607081553625,\"url\":\"/index/dlCourse\"}]', '192.168.0.102', '2020-12-04 19:32:33');
INSERT INTO `sys_log` VALUES ('1334822899826720769', '1', 'admin', '菜单权限管理-获取所有菜单权限', '144', 'com.company.project.controller.PermissionController.getAllMenusPermission()', null, '192.168.0.102', '2020-12-04 19:32:33');
INSERT INTO `sys_log` VALUES ('1334823020148719617', '1', 'admin', '菜单权限管理-获取所有目录菜单树', '135', 'com.company.project.controller.PermissionController.getAllMenusPermissionTree()', '[\"784480084567261184\"]', '192.168.0.102', '2020-12-04 19:33:02');
INSERT INTO `sys_log` VALUES ('1334823317013168129', '1', 'admin', '菜单权限管理-更新菜单权限', '11', 'com.company.project.controller.PermissionController.updatePermission()', '[{\"icon\":\"layui-icon-template\",\"id\":\"784480084567261184\",\"name\":\"试卷小题管理\",\"orderNum\":10,\"perms\":\"\",\"pid\":\"1334807138768945153\",\"pidName\":\"题库管理\",\"status\":1,\"target\":\"_self\",\"type\":2,\"updateTime\":1607081653244,\"url\":\"/index/dlTestItem\"}]', '192.168.0.102', '2020-12-04 19:34:13');
INSERT INTO `sys_log` VALUES ('1334823317663285250', '1', 'admin', '菜单权限管理-获取所有菜单权限', '143', 'com.company.project.controller.PermissionController.getAllMenusPermission()', null, '192.168.0.102', '2020-12-04 19:34:13');
INSERT INTO `sys_log` VALUES ('1334823408990060546', '1', 'admin', '菜单权限管理-获取所有目录菜单树', '159', 'com.company.project.controller.PermissionController.getAllMenusPermissionTree()', '[\"784480084634370048\"]', '192.168.0.102', '2020-12-04 19:34:35');
INSERT INTO `sys_log` VALUES ('1334823464459730945', '1', 'admin', '菜单权限管理-更新菜单权限', '8', 'com.company.project.controller.PermissionController.updatePermission()', '[{\"icon\":\"layui-icon-template\",\"id\":\"784480084634370048\",\"name\":\"教师班级管理\",\"orderNum\":10,\"perms\":\"\",\"pid\":\"1334806894995996673\",\"pidName\":\"教师管理\",\"status\":1,\"target\":\"_self\",\"type\":2,\"updateTime\":1607081688397,\"url\":\"/index/dlClassTeacher\"}]', '192.168.0.102', '2020-12-04 19:34:48');
INSERT INTO `sys_log` VALUES ('1334823465160179714', '1', 'admin', '菜单权限管理-获取所有菜单权限', '156', 'com.company.project.controller.PermissionController.getAllMenusPermission()', null, '192.168.0.102', '2020-12-04 19:34:48');
INSERT INTO `sys_log` VALUES ('1334823722258432002', '1', 'admin', '菜单权限管理-获取所有目录菜单树', '145', 'com.company.project.controller.PermissionController.getAllMenusPermissionTree()', '[\"784480084693090304\"]', '192.168.0.102', '2020-12-04 19:35:49');
INSERT INTO `sys_log` VALUES ('1334823789954498562', '1', 'admin', '菜单权限管理-更新菜单权限', '11', 'com.company.project.controller.PermissionController.updatePermission()', '[{\"icon\":\"layui-icon-template\",\"id\":\"784480084693090304\",\"name\":\"试卷小题\",\"orderNum\":10,\"perms\":\"\",\"pid\":\"1334807138768945153\",\"pidName\":\"题库管理\",\"status\":1,\"target\":\"_self\",\"type\":2,\"updateTime\":1607081765997,\"url\":\"/index/dlTestDetail\"}]', '192.168.0.102', '2020-12-04 19:36:06');
INSERT INTO `sys_log` VALUES ('1334823790579449858', '1', 'admin', '菜单权限管理-获取所有菜单权限', '140', 'com.company.project.controller.PermissionController.getAllMenusPermission()', null, '192.168.0.102', '2020-12-04 19:36:06');
INSERT INTO `sys_log` VALUES ('1334823834305069058', '1', 'admin', '菜单权限管理-获取所有目录菜单树', '136', 'com.company.project.controller.PermissionController.getAllMenusPermissionTree()', '[\"784480084567261184\"]', '192.168.0.102', '2020-12-04 19:36:16');
INSERT INTO `sys_log` VALUES ('1334823858418122754', '1', 'admin', '菜单权限管理-更新菜单权限', '10', 'com.company.project.controller.PermissionController.updatePermission()', '[{\"icon\":\"layui-icon-template\",\"id\":\"784480084567261184\",\"name\":\"试卷大题\",\"orderNum\":10,\"perms\":\"\",\"pid\":\"1334807138768945153\",\"pidName\":\"题库管理\",\"status\":1,\"target\":\"_self\",\"type\":2,\"updateTime\":1607081782321,\"url\":\"/index/dlTestItem\"}]', '192.168.0.102', '2020-12-04 19:36:22');
INSERT INTO `sys_log` VALUES ('1334823859122765825', '1', 'admin', '菜单权限管理-获取所有菜单权限', '158', 'com.company.project.controller.PermissionController.getAllMenusPermission()', null, '192.168.0.102', '2020-12-04 19:36:22');
INSERT INTO `sys_log` VALUES ('1334823929767428098', '1', 'admin', '菜单权限管理-获取所有目录菜单树', '140', 'com.company.project.controller.PermissionController.getAllMenusPermissionTree()', '[\"784480084756004864\"]', '192.168.0.102', '2020-12-04 19:36:39');
INSERT INTO `sys_log` VALUES ('1334823986822545410', '1', 'admin', '菜单权限管理-更新菜单权限', '9', 'com.company.project.controller.PermissionController.updatePermission()', '[{\"icon\":\"layui-icon-template\",\"id\":\"784480084756004864\",\"name\":\"班级管理\",\"orderNum\":10,\"perms\":\"\",\"pid\":\"1334806348645957634\",\"pidName\":\"学生管理\",\"status\":1,\"target\":\"_self\",\"type\":2,\"updateTime\":1607081812936,\"url\":\"/index/dlClass\"}]', '192.168.0.102', '2020-12-04 19:36:52');
INSERT INTO `sys_log` VALUES ('1334823987418136577', '1', 'admin', '菜单权限管理-获取所有菜单权限', '133', 'com.company.project.controller.PermissionController.getAllMenusPermission()', null, '192.168.0.102', '2020-12-04 19:36:53');
INSERT INTO `sys_log` VALUES ('1334824020834156545', '1', 'admin', '菜单权限管理-获取所有目录菜单树', '143', 'com.company.project.controller.PermissionController.getAllMenusPermissionTree()', '[\"784480084814725120\"]', '192.168.0.102', '2020-12-04 19:37:01');
INSERT INTO `sys_log` VALUES ('1334824045551190018', '1', 'admin', '菜单权限管理-更新菜单权限', '9', 'com.company.project.controller.PermissionController.updatePermission()', '[{\"icon\":\"\",\"id\":\"784480084814725120\",\"name\":\"学生信息管理\",\"orderNum\":10,\"perms\":\"\",\"pid\":\"1334806348645957634\",\"pidName\":\"学生管理\",\"status\":1,\"target\":\"_self\",\"type\":2,\"updateTime\":1607081826937,\"url\":\"/index/dlStudent\"}]', '192.168.0.102', '2020-12-04 19:37:06');
INSERT INTO `sys_log` VALUES ('1334824046171947009', '1', 'admin', '菜单权限管理-获取所有菜单权限', '138', 'com.company.project.controller.PermissionController.getAllMenusPermission()', null, '192.168.0.102', '2020-12-04 19:37:07');
INSERT INTO `sys_log` VALUES ('1334824096780419073', '1', 'admin', '菜单权限管理-获取所有目录菜单树', '137', 'com.company.project.controller.PermissionController.getAllMenusPermissionTree()', '[\"784480084877639680\"]', '192.168.0.102', '2020-12-04 19:37:19');
INSERT INTO `sys_log` VALUES ('1334824152518524929', '1', 'admin', '菜单权限管理-更新菜单权限', '11', 'com.company.project.controller.PermissionController.updatePermission()', '[{\"icon\":\"\",\"id\":\"784480084877639680\",\"name\":\"试卷管理\",\"orderNum\":10,\"perms\":\"\",\"pid\":\"1334807138768945153\",\"pidName\":\"题库管理\",\"status\":1,\"target\":\"_self\",\"type\":2,\"updateTime\":1607081852439,\"url\":\"/index/dlTest\"}]', '192.168.0.102', '2020-12-04 19:37:32');
INSERT INTO `sys_log` VALUES ('1334824153256722433', '1', 'admin', '菜单权限管理-获取所有菜单权限', '165', 'com.company.project.controller.PermissionController.getAllMenusPermission()', null, '192.168.0.102', '2020-12-04 19:37:32');
INSERT INTO `sys_log` VALUES ('1334824245946646529', '1', 'admin', '菜单权限管理-获取所有目录菜单树', '152', 'com.company.project.controller.PermissionController.getAllMenusPermissionTree()', '[\"784480084932165632\"]', '192.168.0.102', '2020-12-04 19:37:54');
INSERT INTO `sys_log` VALUES ('1334824352783958017', '1', 'admin', '菜单权限管理-更新菜单权限', '11', 'com.company.project.controller.PermissionController.updatePermission()', '[{\"icon\":\"\",\"id\":\"784480084932165632\",\"name\":\"教室管理\",\"orderNum\":10,\"perms\":\"\",\"pid\":\"1334806348645957634\",\"pidName\":\"学生管理\",\"status\":1,\"target\":\"_self\",\"type\":2,\"updateTime\":1607081900186,\"url\":\"/index/dlRoom\"}]', '192.168.0.102', '2020-12-04 19:38:20');
INSERT INTO `sys_log` VALUES ('1334824353517961218', '1', 'admin', '菜单权限管理-获取所有菜单权限', '165', 'com.company.project.controller.PermissionController.getAllMenusPermission()', null, '192.168.0.102', '2020-12-04 19:38:20');
INSERT INTO `sys_log` VALUES ('1334824445624877057', '1', 'admin', '菜单权限管理-获取所有目录菜单树', '162', 'com.company.project.controller.PermissionController.getAllMenusPermissionTree()', '[\"784480084986691584\"]', '192.168.0.102', '2020-12-04 19:38:42');
INSERT INTO `sys_log` VALUES ('1334824546690826241', '1', 'admin', '菜单权限管理-更新菜单权限', '6', 'com.company.project.controller.PermissionController.updatePermission()', '[{\"icon\":\"\",\"id\":\"784480084986691584\",\"name\":\"学科管理\",\"orderNum\":10,\"perms\":\"\",\"pid\":\"1334822791945027585\",\"pidName\":\"课程管理\",\"status\":1,\"target\":\"_self\",\"type\":2,\"updateTime\":1607081946423,\"url\":\"/index/dlSubject\"}]', '192.168.0.102', '2020-12-04 19:39:06');
INSERT INTO `sys_log` VALUES ('1334824547449995266', '1', 'admin', '菜单权限管理-获取所有菜单权限', '170', 'com.company.project.controller.PermissionController.getAllMenusPermission()', null, '192.168.0.102', '2020-12-04 19:39:06');
INSERT INTO `sys_log` VALUES ('1334824603452342274', '1', 'admin', '菜单权限管理-获取所有目录菜单树', '126', 'com.company.project.controller.PermissionController.getAllMenusPermissionTree()', '[\"784480085049606144\"]', '192.168.0.102', '2020-12-04 19:39:19');
INSERT INTO `sys_log` VALUES ('1334824651795890177', '1', 'admin', '菜单权限管理-更新菜单权限', '9', 'com.company.project.controller.PermissionController.updatePermission()', '[{\"icon\":\"\",\"id\":\"784480085049606144\",\"name\":\"题库管理\",\"orderNum\":10,\"perms\":\"\",\"pid\":\"1334807138768945153\",\"pidName\":\"题库管理\",\"status\":1,\"target\":\"_self\",\"type\":2,\"updateTime\":1607081971478,\"url\":\"/index/dlQuestionBank\"}]', '192.168.0.102', '2020-12-04 19:39:31');
INSERT INTO `sys_log` VALUES ('1334824652466978817', '1', 'admin', '菜单权限管理-获取所有菜单权限', '150', 'com.company.project.controller.PermissionController.getAllMenusPermission()', null, '192.168.0.102', '2020-12-04 19:39:31');
INSERT INTO `sys_log` VALUES ('1334824691041992706', '1', 'admin', '菜单权限管理-获取所有目录菜单树', '136', 'com.company.project.controller.PermissionController.getAllMenusPermissionTree()', '[\"784480085104132096\"]', '192.168.0.102', '2020-12-04 19:39:40');
INSERT INTO `sys_log` VALUES ('1334824742984253441', '1', 'admin', '菜单权限管理-更新菜单权限', '10', 'com.company.project.controller.PermissionController.updatePermission()', '[{\"icon\":\"\",\"id\":\"784480085104132096\",\"name\":\"年级管理\",\"orderNum\":10,\"perms\":\"\",\"pid\":\"1334806348645957634\",\"pidName\":\"学生管理\",\"status\":1,\"target\":\"_self\",\"type\":2,\"updateTime\":1607081993218,\"url\":\"/index/dlGrade\"}]', '192.168.0.102', '2020-12-04 19:39:53');
INSERT INTO `sys_log` VALUES ('1334824743672119297', '1', 'admin', '菜单权限管理-获取所有菜单权限', '154', 'com.company.project.controller.PermissionController.getAllMenusPermission()', null, '192.168.0.102', '2020-12-04 19:39:53');
INSERT INTO `sys_log` VALUES ('1334824796218359809', '1', 'admin', '菜单权限管理-获取所有目录菜单树', '142', 'com.company.project.controller.PermissionController.getAllMenusPermissionTree()', '[\"1334807138768945153\"]', '192.168.0.102', '2020-12-04 19:40:05');
INSERT INTO `sys_log` VALUES ('1334824818246844417', '1', 'admin', '菜单权限管理-更新菜单权限', '9', 'com.company.project.controller.PermissionController.updatePermission()', '[{\"icon\":\"layui-icon-file\",\"id\":\"1334807138768945153\",\"name\":\"试题管理\",\"orderNum\":4,\"perms\":\"\",\"pid\":\"0\",\"pidName\":\"\",\"status\":1,\"target\":\"_self\",\"type\":1,\"updateTime\":1607082011163,\"url\":\"\"}]', '192.168.0.102', '2020-12-04 19:40:11');
INSERT INTO `sys_log` VALUES ('1334824818880184321', '1', 'admin', '菜单权限管理-获取所有菜单权限', '139', 'com.company.project.controller.PermissionController.getAllMenusPermission()', null, '192.168.0.102', '2020-12-04 19:40:11');
INSERT INTO `sys_log` VALUES ('1334826527824183298', '1', 'admin', '菜单权限管理-获取所有菜单权限', '285', 'com.company.project.controller.PermissionController.getAllMenusPermission()', null, '192.168.0.102', '2020-12-04 19:46:58');
INSERT INTO `sys_log` VALUES ('1334826551836573698', '1', 'admin', '角色管理-分页获取角色信息', '53', 'com.company.project.controller.RoleController.pageInfo()', '[{}]', '192.168.0.102', '2020-12-04 19:47:04');
INSERT INTO `sys_log` VALUES ('1334826578499764226', '1', 'admin', '角色管理-查询角色详情', '257', 'com.company.project.controller.RoleController.detailInfo()', '[\"1\"]', '192.168.0.102', '2020-12-04 19:47:10');
INSERT INTO `sys_log` VALUES ('1334826654320197634', '1', 'admin', '角色管理-更新角色信息', '93', 'com.company.project.controller.RoleController.updateDept()', '[{\"description\":\"拥有所有权限-不能删除\",\"id\":\"1\",\"name\":\"超级管理员\",\"permissions\":[\"51\",\"11\",\"17\",\"26\",\"40\",\"43\",\"44\",\"53\",\"3\",\"19\",\"36\",\"1311115974068449281\",\"13\",\"39\",\"24\",\"10\",\"23\",\"25\",\"42\",\"52\",\"56\",\"57\",\"41\",\"5\",\"9\",\"12\",\"22\",\"38\",\"1334806348645957634\",\"784480084756004864\",\"784480084756004865\",\"784480084756004866\",\"784480084756004867\",\"784480084756004868\",\"784480084814725120\",\"784480084814725121\",\"784480084814725122\",\"784480084814725123\",\"784480084814725124\",\"784480084932165632\",\"784480084932165633\",\"784480084932165634\",\"784480084932165635\",\"784480084932165636\",\"784480085104132096\",\"784480085104132097\",\"784480085104132098\",\"784480085104132099\",\"784480085104132100\",\"1334806894995996673\",\"784480084391100416\",\"784480084391100417\",\"784480084391100418\",\"784480084391100419\",\"784480084391100420\",\"784480084634370048\",\"784480084634370049\",\"784480084634370050\",\"784480084634370051\",\"784480084634370052\",\"1334807138768945153\",\"784480084567261184\",\"784480084567261185\",\"784480084567261186\",\"784480084567261187\",\"784480084567261188\",\"784480084693090304\",\"784480084693090305\",\"784480084693090306\",\"784480084693090307\",\"784480084693090308\",\"784480084877639680\",\"784480084877639681\",\"784480084877639682\",\"784480084877639683\",\"784480084877639684\",\"784480085049606144\",\"784480085049606145\",\"784480085049606146\",\"784480085049606147\",\"784480085049606148\",\"1334808583455014914\",\"1334808090397802498\",\"784480083837452288\",\"784480083837452289\",\"784480083837452290\",\"784480083837452291\",\"784480083837452292\",\"784480084034584576\",\"784480084034584577\",\"784480084034584578\",\"784480084034584579\",\"784480084034584580\",\"784480084118470656\",\"784480084118470657\",\"784480084118470658\",\"784480084118470659\",\"784480084118470660\",\"784480084189773824\",\"784480084189773825\",\"784480084189773826\",\"784480084189773827\",\"784480084189773828\",\"784480084256882688\",\"784480084256882689\",\"784480084256882690\",\"784480084256882691\",\"784480084256882692\",\"784480084319797248\",\"784480084319797249\",\"784480084319797250\",\"784480084319797251\",\"784480084319797252\",\"1334808707124068353\",\"1334822791945027585\",\"784480084491763712\",\"784480084491763713\",\"784480084491763714\",\"784480084491763715\",\"784480084491763716\",\"784480084986691584\",\"784480084986691585\",\"784480084986691586\",\"784480084986691587\",\"784480084986691588\",\"54\",\"15\",\"1\",\"4\",\"16\",\"20\",\"27\",\"28\",\"29\",\"30\",\"31\",\"32\",\"33\",\"34\",\"35\",\"45\",\"46\",\"47\",\"48\",\"49\",\"59\",\"60\",\"61\",\"62\",\"63\",\"55\",\"18\",\"14\",\"8\",\"7\",\"58\",\"21\",\"50\",\"2\",\"6\"],\"status\":1,\"updateTime\":1607082448837}]', '192.168.0.102', '2020-12-04 19:47:28');
INSERT INTO `sys_log` VALUES ('1334826654622187521', '1', 'admin', '角色管理-分页获取角色信息', '4', 'com.company.project.controller.RoleController.pageInfo()', '[{\"name\":\"\"}]', '192.168.0.102', '2020-12-04 19:47:28');
INSERT INTO `sys_log` VALUES ('1334826805512273921', '1', 'admin', '菜单权限管理-获取所有菜单权限', '223', 'com.company.project.controller.PermissionController.getAllMenusPermission()', null, '192.168.0.102', '2020-12-04 19:48:04');
INSERT INTO `sys_log` VALUES ('1334826892875431938', '1', 'admin', '菜单权限管理-获取所有目录菜单树', '190', 'com.company.project.controller.PermissionController.getAllMenusPermissionTree()', '[\"784480084491763712\"]', '192.168.0.102', '2020-12-04 19:48:25');
INSERT INTO `sys_log` VALUES ('1334826946482831361', '1', 'admin', '菜单权限管理-更新菜单权限', '12', 'com.company.project.controller.PermissionController.updatePermission()', '[{\"icon\":\"\",\"id\":\"784480084491763712\",\"name\":\"课程管理\",\"orderNum\":10,\"perms\":\"\",\"pid\":\"1334822791945027585\",\"pidName\":\"课程管理\",\"status\":1,\"target\":\"_self\",\"type\":2,\"updateTime\":1607082518571,\"url\":\"/index/dlCourse\"}]', '192.168.0.102', '2020-12-04 19:48:38');
INSERT INTO `sys_log` VALUES ('1334826947497852930', '1', 'admin', '菜单权限管理-获取所有菜单权限', '229', 'com.company.project.controller.PermissionController.getAllMenusPermission()', null, '192.168.0.102', '2020-12-04 19:48:38');
INSERT INTO `sys_log` VALUES ('1334831634729054210', '1', 'admin', '菜单权限管理-获取所有菜单权限', '331', 'com.company.project.controller.PermissionController.getAllMenusPermission()', null, '192.168.0.102', '2020-12-04 20:07:16');
INSERT INTO `sys_log` VALUES ('1334831658900828161', '1', 'admin', '菜单权限管理-获取所有目录菜单树', '245', 'com.company.project.controller.PermissionController.getAllMenusPermissionTree()', '[\"784480084756004864\"]', '192.168.0.102', '2020-12-04 20:07:22');
INSERT INTO `sys_log` VALUES ('1334831666572210178', '1', 'admin', '菜单权限管理-更新菜单权限', '18', 'com.company.project.controller.PermissionController.updatePermission()', '[{\"icon\":\"\",\"id\":\"784480084756004864\",\"name\":\"班级管理\",\"orderNum\":10,\"perms\":\"\",\"pid\":\"1334806348645957634\",\"pidName\":\"学生管理\",\"status\":1,\"target\":\"_self\",\"type\":2,\"updateTime\":1607083643923,\"url\":\"/index/dlClass\"}]', '192.168.0.102', '2020-12-04 20:07:23');
INSERT INTO `sys_log` VALUES ('1334831667666923521', '1', 'admin', '菜单权限管理-获取所有菜单权限', '243', 'com.company.project.controller.PermissionController.getAllMenusPermission()', null, '192.168.0.102', '2020-12-04 20:07:24');
INSERT INTO `sys_log` VALUES ('1334834936086704130', '1', 'admin', '角色管理-分页获取角色信息', '17', 'com.company.project.controller.RoleController.pageInfo()', '[{}]', '192.168.0.102', '2020-12-04 20:20:23');
INSERT INTO `sys_log` VALUES ('1334835020962639874', '1', 'admin', '角色管理-查询角色详情', '202', 'com.company.project.controller.RoleController.detailInfo()', '[\"1331087516021194754\"]', '192.168.0.102', '2020-12-04 20:20:43');
INSERT INTO `sys_log` VALUES ('1334836524033421314', '1', 'admin', '机构管理-树型组织列表', '4', 'com.company.project.controller.DeptController.getTree()', '[null]', '192.168.0.102', '2020-12-04 20:26:42');
INSERT INTO `sys_log` VALUES ('1334836524155056130', '1', 'admin', '用户管理-分页获取用户列表', '16', 'com.company.project.controller.UserController.pageInfo()', '[{}]', '192.168.0.102', '2020-12-04 20:26:42');
INSERT INTO `sys_log` VALUES ('1334838014852640770', '1', 'admin', '角色管理-分页获取角色信息', '18', 'com.company.project.controller.RoleController.pageInfo()', '[{}]', '192.168.0.102', '2020-12-04 20:32:37');
INSERT INTO `sys_log` VALUES ('1334838124177174530', '1', 'admin', '机构管理-树型组织列表', '16', 'com.company.project.controller.DeptController.getTree()', '[null]', '192.168.0.102', '2020-12-04 20:33:03');
INSERT INTO `sys_log` VALUES ('1334838124269449218', '1', 'admin', '用户管理-分页获取用户列表', '25', 'com.company.project.controller.UserController.pageInfo()', '[{}]', '192.168.0.102', '2020-12-04 20:33:03');
INSERT INTO `sys_log` VALUES ('1334879291526868994', null, null, '用户管理-退出', '5', 'com.company.project.controller.UserController.logout()', null, '192.168.0.102', '2020-12-04 23:16:38');
INSERT INTO `sys_log` VALUES ('1334882171478601730', '1', 'admin', '菜单权限管理-获取所有菜单权限', '313', 'com.company.project.controller.PermissionController.getAllMenusPermission()', null, '192.168.0.102', '2020-12-04 23:28:05');
INSERT INTO `sys_log` VALUES ('1334882219817955329', '1', 'admin', '菜单权限管理-获取所有目录菜单树', '241', 'com.company.project.controller.PermissionController.getAllMenusPermissionTree()', '[\"784480084634370048\"]', '192.168.0.102', '2020-12-04 23:28:16');
INSERT INTO `sys_log` VALUES ('1334882231499091969', '1', 'admin', '菜单权限管理-更新菜单权限', '20', 'com.company.project.controller.PermissionController.updatePermission()', '[{\"icon\":\"\",\"id\":\"784480084634370048\",\"name\":\"教师班级管理\",\"orderNum\":10,\"perms\":\"\",\"pid\":\"1334806894995996673\",\"pidName\":\"教师管理\",\"status\":1,\"target\":\"_self\",\"type\":2,\"updateTime\":1607095699538,\"url\":\"/index/dlClassTeacher\"}]', '192.168.0.102', '2020-12-04 23:28:19');
INSERT INTO `sys_log` VALUES ('1334882232543473665', '1', 'admin', '菜单权限管理-获取所有菜单权限', '236', 'com.company.project.controller.PermissionController.getAllMenusPermission()', null, '192.168.0.102', '2020-12-04 23:28:19');
INSERT INTO `sys_log` VALUES ('1334882335077429249', '1', 'admin', '菜单权限管理-获取所有菜单权限', '213', 'com.company.project.controller.PermissionController.getAllMenusPermission()', null, '192.168.0.102', '2020-12-04 23:28:44');
INSERT INTO `sys_log` VALUES ('1334882368573140994', '1', 'admin', '菜单权限管理-获取所有目录菜单树', '194', 'com.company.project.controller.PermissionController.getAllMenusPermissionTree()', '[\"784480084567261184\"]', '192.168.0.102', '2020-12-04 23:28:52');
INSERT INTO `sys_log` VALUES ('1334882378773688322', '1', 'admin', '菜单权限管理-更新菜单权限', '7', 'com.company.project.controller.PermissionController.updatePermission()', '[{\"icon\":\"\",\"id\":\"784480084567261184\",\"name\":\"试卷大题\",\"orderNum\":10,\"perms\":\"\",\"pid\":\"1334807138768945153\",\"pidName\":\"试题管理\",\"status\":1,\"target\":\"_self\",\"type\":2,\"updateTime\":1607095734663,\"url\":\"/index/dlTestItem\"}]', '192.168.0.102', '2020-12-04 23:28:54');
INSERT INTO `sys_log` VALUES ('1334882379776126977', '1', 'admin', '菜单权限管理-获取所有菜单权限', '220', 'com.company.project.controller.PermissionController.getAllMenusPermission()', null, '192.168.0.102', '2020-12-04 23:28:54');
INSERT INTO `sys_log` VALUES ('1334882410402934786', '1', 'admin', '菜单权限管理-获取所有目录菜单树', '169', 'com.company.project.controller.PermissionController.getAllMenusPermissionTree()', '[\"784480084693090304\"]', '192.168.0.102', '2020-12-04 23:29:02');
INSERT INTO `sys_log` VALUES ('1334882418908983298', '1', 'admin', '菜单权限管理-更新菜单权限', '7', 'com.company.project.controller.PermissionController.updatePermission()', '[{\"icon\":\"\",\"id\":\"784480084693090304\",\"name\":\"试卷小题\",\"orderNum\":10,\"perms\":\"\",\"pid\":\"1334807138768945153\",\"pidName\":\"试题管理\",\"status\":1,\"target\":\"_self\",\"type\":2,\"updateTime\":1607095744232,\"url\":\"/index/dlTestDetail\"}]', '192.168.0.102', '2020-12-04 23:29:04');
INSERT INTO `sys_log` VALUES ('1334882419651375106', '1', 'admin', '菜单权限管理-获取所有菜单权限', '163', 'com.company.project.controller.PermissionController.getAllMenusPermission()', null, '192.168.0.102', '2020-12-04 23:29:04');
INSERT INTO `sys_log` VALUES ('1335057135594831874', '1', 'admin', '菜单权限管理-获取所有菜单权限', '335', 'com.company.project.controller.PermissionController.getAllMenusPermission()', null, '192.168.0.102', '2020-12-05 11:03:19');
INSERT INTO `sys_log` VALUES ('1335060715693342722', '1', 'admin', '菜单权限管理-获取所有目录菜单树', '283', 'com.company.project.controller.PermissionController.getAllMenusPermissionTree()', '[\"\"]', '192.168.0.102', '2020-12-05 11:17:33');
INSERT INTO `sys_log` VALUES ('1335060861940334594', '1', 'admin', '菜单权限管理-新增菜单权限', '8', 'com.company.project.controller.PermissionController.addPermission()', '[{\"createTime\":1607138288363,\"deleted\":1,\"icon\":\"\",\"id\":\"1335060861890002945\",\"name\":\"更新教师状态\",\"orderNum\":10,\"perms\":\"dlRoom:updateStatus\",\"pid\":\"784480084932165632\",\"pidName\":\"教室管理\",\"status\":1,\"target\":\"_self\",\"type\":3,\"updateTime\":1607138288363,\"url\":\"dlRoom/updateStatus\"}]', '192.168.0.102', '2020-12-05 11:18:08');
INSERT INTO `sys_log` VALUES ('1335060862967939074', '1', 'admin', '菜单权限管理-获取所有菜单权限', '231', 'com.company.project.controller.PermissionController.getAllMenusPermission()', null, '192.168.0.102', '2020-12-05 11:18:08');
INSERT INTO `sys_log` VALUES ('1335061263578472449', '1', 'admin', '菜单权限管理-获取所有菜单权限', '317', 'com.company.project.controller.PermissionController.getAllMenusPermission()', null, '192.168.0.102', '2020-12-05 11:19:44');
INSERT INTO `sys_log` VALUES ('1335061263901433858', '1', 'admin', '菜单权限管理-获取所有菜单权限', '272', 'com.company.project.controller.PermissionController.getAllMenusPermission()', null, '192.168.0.102', '2020-12-05 11:19:44');
INSERT INTO `sys_log` VALUES ('1335061275871977474', '1', 'admin', '角色管理-分页获取角色信息', '15', 'com.company.project.controller.RoleController.pageInfo()', '[{}]', '192.168.0.102', '2020-12-05 11:19:47');
INSERT INTO `sys_log` VALUES ('1335061287863492610', '1', 'admin', '角色管理-查询角色详情', '250', 'com.company.project.controller.RoleController.detailInfo()', '[\"1\"]', '192.168.0.102', '2020-12-05 11:19:49');
INSERT INTO `sys_log` VALUES ('1335061316942602242', '1', 'admin', '角色管理-分页获取角色信息', '9', 'com.company.project.controller.RoleController.pageInfo()', '[{}]', '192.168.0.102', '2020-12-05 11:19:56');
INSERT INTO `sys_log` VALUES ('1335061323145977858', '1', 'admin', '角色管理-查询角色详情', '188', 'com.company.project.controller.RoleController.detailInfo()', '[\"1\"]', '192.168.0.102', '2020-12-05 11:19:58');
INSERT INTO `sys_log` VALUES ('1335061417995968513', '1', 'admin', '角色管理-更新角色信息', '89', 'com.company.project.controller.RoleController.updateDept()', '[{\"description\":\"拥有所有权限-不能删除\",\"id\":\"1\",\"name\":\"超级管理员\",\"permissions\":[\"51\",\"11\",\"17\",\"26\",\"40\",\"43\",\"44\",\"53\",\"3\",\"19\",\"36\",\"1311115974068449281\",\"13\",\"39\",\"24\",\"10\",\"23\",\"25\",\"42\",\"52\",\"56\",\"57\",\"41\",\"5\",\"9\",\"12\",\"22\",\"38\",\"1334806348645957634\",\"784480084756004864\",\"784480084756004865\",\"784480084756004866\",\"784480084756004867\",\"784480084756004868\",\"784480084814725120\",\"784480084814725121\",\"784480084814725122\",\"784480084814725123\",\"784480084814725124\",\"784480084932165632\",\"784480084932165633\",\"784480084932165634\",\"784480084932165635\",\"784480084932165636\",\"1335060861890002945\",\"784480085104132096\",\"784480085104132097\",\"784480085104132098\",\"784480085104132099\",\"784480085104132100\",\"1334806894995996673\",\"784480084391100416\",\"784480084391100417\",\"784480084391100418\",\"784480084391100419\",\"784480084391100420\",\"784480084634370048\",\"784480084634370049\",\"784480084634370050\",\"784480084634370051\",\"784480084634370052\",\"1334807138768945153\",\"784480084567261184\",\"784480084567261185\",\"784480084567261186\",\"784480084567261187\",\"784480084567261188\",\"784480084693090304\",\"784480084693090305\",\"784480084693090306\",\"784480084693090307\",\"784480084693090308\",\"784480084877639680\",\"784480084877639681\",\"784480084877639682\",\"784480084877639683\",\"784480084877639684\",\"784480085049606144\",\"784480085049606145\",\"784480085049606146\",\"784480085049606147\",\"784480085049606148\",\"1334808583455014914\",\"1334808090397802498\",\"784480083837452288\",\"784480083837452289\",\"784480083837452290\",\"784480083837452291\",\"784480083837452292\",\"784480084034584576\",\"784480084034584577\",\"784480084034584578\",\"784480084034584579\",\"784480084034584580\",\"784480084118470656\",\"784480084118470657\",\"784480084118470658\",\"784480084118470659\",\"784480084118470660\",\"784480084189773824\",\"784480084189773825\",\"784480084189773826\",\"784480084189773827\",\"784480084189773828\",\"784480084256882688\",\"784480084256882689\",\"784480084256882690\",\"784480084256882691\",\"784480084256882692\",\"784480084319797248\",\"784480084319797249\",\"784480084319797250\",\"784480084319797251\",\"784480084319797252\",\"1334808707124068353\",\"1334822791945027585\",\"784480084491763712\",\"784480084491763713\",\"784480084491763714\",\"784480084491763715\",\"784480084491763716\",\"784480084986691584\",\"784480084986691585\",\"784480084986691586\",\"784480084986691587\",\"784480084986691588\",\"54\",\"15\",\"1\",\"4\",\"16\",\"20\",\"27\",\"28\",\"29\",\"30\",\"31\",\"32\",\"33\",\"34\",\"35\",\"45\",\"46\",\"47\",\"48\",\"49\",\"59\",\"60\",\"61\",\"62\",\"63\",\"55\",\"18\",\"14\",\"8\",\"7\",\"58\",\"21\",\"50\",\"2\",\"6\"],\"status\":1,\"updateTime\":1607138420866}]', '192.168.0.102', '2020-12-05 11:20:20');
INSERT INTO `sys_log` VALUES ('1335061418281181185', '1', 'admin', '角色管理-分页获取角色信息', '4', 'com.company.project.controller.RoleController.pageInfo()', '[{\"name\":\"\"}]', '192.168.0.102', '2020-12-05 11:20:21');
INSERT INTO `sys_log` VALUES ('1335080299083218946', '1', 'admin', '系统操作日志管理-分页查询系统操作日志', '15', 'com.company.project.controller.SysLogController.pageInfo()', '[{}]', '192.168.0.102', '2020-12-05 12:35:22');
INSERT INTO `sys_log` VALUES ('1335080600796282881', '1', 'admin', '菜单权限管理-获取所有菜单权限', '295', 'com.company.project.controller.PermissionController.getAllMenusPermission()', null, '192.168.0.102', '2020-12-05 12:36:34');
INSERT INTO `sys_log` VALUES ('1335080607788187650', '1', 'admin', '角色管理-分页获取角色信息', '9', 'com.company.project.controller.RoleController.pageInfo()', '[{}]', '192.168.0.102', '2020-12-05 12:36:36');
INSERT INTO `sys_log` VALUES ('1335080644341547010', '1', 'admin', '机构管理-树型组织列表', '12', 'com.company.project.controller.DeptController.getTree()', '[null]', '192.168.0.102', '2020-12-05 12:36:44');
INSERT INTO `sys_log` VALUES ('1335080644446404610', '1', 'admin', '用户管理-分页获取用户列表', '23', 'com.company.project.controller.UserController.pageInfo()', '[{}]', '192.168.0.102', '2020-12-05 12:36:44');
INSERT INTO `sys_log` VALUES ('1335080780283133953', '1', 'admin', '用户管理-分页获取用户列表', '17', 'com.company.project.controller.UserController.pageInfo()', '[{\"deptNo\":\"D000001\",\"nickName\":\"\",\"username\":\"\"}]', '192.168.0.102', '2020-12-05 12:37:17');
INSERT INTO `sys_log` VALUES ('1335080790114582529', '1', 'admin', '机构管理-获取所有组织机构', '9', 'com.company.project.controller.DeptController.getDeptAll()', null, '192.168.0.102', '2020-12-05 12:37:19');
INSERT INTO `sys_log` VALUES ('1335080824306548738', '1', 'admin', '菜单权限管理-获取所有菜单权限', '205', 'com.company.project.controller.PermissionController.getAllMenusPermission()', null, '192.168.0.102', '2020-12-05 12:37:27');
INSERT INTO `sys_log` VALUES ('1335080831776604162', '1', 'admin', '机构管理-树型组织列表', '2', 'com.company.project.controller.DeptController.getTree()', '[null]', '192.168.0.102', '2020-12-05 12:37:29');
INSERT INTO `sys_log` VALUES ('1335080831826935810', '1', 'admin', '用户管理-分页获取用户列表', '7', 'com.company.project.controller.UserController.pageInfo()', '[{}]', '192.168.0.102', '2020-12-05 12:37:29');
INSERT INTO `sys_log` VALUES ('1335080842321084417', '1', 'admin', '角色管理-分页获取角色信息', '5', 'com.company.project.controller.RoleController.pageInfo()', '[{}]', '192.168.0.102', '2020-12-05 12:37:32');
INSERT INTO `sys_log` VALUES ('1335080855478616065', '1', 'admin', '机构管理-树型组织列表', '2', 'com.company.project.controller.DeptController.getTree()', '[null]', '192.168.0.102', '2020-12-05 12:37:35');
INSERT INTO `sys_log` VALUES ('1335080855533142017', '1', 'admin', '用户管理-分页获取用户列表', '9', 'com.company.project.controller.UserController.pageInfo()', '[{}]', '192.168.0.102', '2020-12-05 12:37:35');
INSERT INTO `sys_log` VALUES ('1335080992330366977', '1', 'admin', '角色管理-分页获取角色信息', '4', 'com.company.project.controller.RoleController.pageInfo()', '[{}]', '192.168.0.102', '2020-12-05 12:38:07');
INSERT INTO `sys_log` VALUES ('1335457866716073986', '1', 'admin', '菜单权限管理-获取所有菜单权限', '331', 'com.company.project.controller.PermissionController.getAllMenusPermission()', null, '192.168.0.101', '2020-12-06 13:35:41');
INSERT INTO `sys_log` VALUES ('1335457894826299394', '1', 'admin', '菜单权限管理-获取所有目录菜单树', '253', 'com.company.project.controller.PermissionController.getAllMenusPermissionTree()', '[\"24\"]', '192.168.0.101', '2020-12-06 13:35:48');
INSERT INTO `sys_log` VALUES ('1335458009423073282', '1', 'admin', '菜单权限管理-更新菜单权限', '13', 'com.company.project.controller.PermissionController.updatePermission()', '[{\"icon\":\"\",\"id\":\"24\",\"name\":\"教职工管理\",\"orderNum\":100,\"perms\":\"\",\"pid\":\"1334806894995996673\",\"pidName\":\"教师管理\",\"status\":1,\"target\":\"_self\",\"type\":2,\"updateTime\":1607232975701,\"url\":\"/index/users\"}]', '192.168.0.101', '2020-12-06 13:36:15');
INSERT INTO `sys_log` VALUES ('1335458010459066370', '1', 'admin', '菜单权限管理-获取所有菜单权限', '232', 'com.company.project.controller.PermissionController.getAllMenusPermission()', null, '192.168.0.101', '2020-12-06 13:36:15');
INSERT INTO `sys_log` VALUES ('1335505324875825154', '1', 'admin', '用户管理-分页获取用户列表', '24', 'com.company.project.controller.UserController.pageInfo()', '[{}]', '192.168.0.101', '2020-12-06 16:44:16');
INSERT INTO `sys_log` VALUES ('1335505324875825155', '1', 'admin', '机构管理-树型组织列表', '33', 'com.company.project.controller.DeptController.getTree()', '[null]', '192.168.0.101', '2020-12-06 16:44:16');
INSERT INTO `sys_log` VALUES ('1335505351992000513', '1', 'admin', '用户管理-分页获取用户列表', '15', 'com.company.project.controller.UserController.pageInfo()', '[{\"deptNo\":\"D000002\",\"nickName\":\"\",\"username\":\"\"}]', '192.168.0.101', '2020-12-06 16:44:23');
INSERT INTO `sys_log` VALUES ('1335505356089835522', '1', 'admin', '用户管理-分页获取用户列表', '5', 'com.company.project.controller.UserController.pageInfo()', '[{\"deptNo\":\"D000003\",\"nickName\":\"\",\"username\":\"\"}]', '192.168.0.101', '2020-12-06 16:44:24');
INSERT INTO `sys_log` VALUES ('1335505359252340738', '1', 'admin', '用户管理-分页获取用户列表', '6', 'com.company.project.controller.UserController.pageInfo()', '[{\"deptNo\":\"D000004\",\"nickName\":\"\",\"username\":\"\"}]', '192.168.0.101', '2020-12-06 16:44:24');
INSERT INTO `sys_log` VALUES ('1335505361479516162', '1', 'admin', '用户管理-分页获取用户列表', '5', 'com.company.project.controller.UserController.pageInfo()', '[{\"deptNo\":\"D000005\",\"nickName\":\"\",\"username\":\"\"}]', '192.168.0.101', '2020-12-06 16:44:25');
INSERT INTO `sys_log` VALUES ('1335505365296332802', '1', 'admin', '用户管理-分页获取用户列表', '12', 'com.company.project.controller.UserController.pageInfo()', '[{\"deptNo\":\"D000001\",\"nickName\":\"\",\"username\":\"\"}]', '192.168.0.101', '2020-12-06 16:44:26');
INSERT INTO `sys_log` VALUES ('1335506708815790081', '1', 'admin', '机构管理-获取所有组织机构', '17', 'com.company.project.controller.DeptController.getDeptAll()', null, '192.168.0.101', '2020-12-06 16:49:46');
INSERT INTO `sys_log` VALUES ('1335599387788537858', '1', 'admin', '菜单权限管理-获取所有菜单权限', '232', 'com.company.project.controller.PermissionController.getAllMenusPermission()', null, '192.168.0.101', '2020-12-06 22:58:02');
INSERT INTO `sys_log` VALUES ('1335599401180950529', '1', 'admin', '角色管理-分页获取角色信息', '12', 'com.company.project.controller.RoleController.pageInfo()', '[{}]', '192.168.0.101', '2020-12-06 22:58:06');
INSERT INTO `sys_log` VALUES ('1335599406289612801', '1', 'admin', '机构管理-获取所有组织机构', '11', 'com.company.project.controller.DeptController.getDeptAll()', null, '192.168.0.101', '2020-12-06 22:58:07');
INSERT INTO `sys_log` VALUES ('1335599446366187521', '1', 'admin', '机构管理-树型组织列表', '13', 'com.company.project.controller.DeptController.getTree()', '[null]', '192.168.0.101', '2020-12-06 22:58:16');
INSERT INTO `sys_log` VALUES ('1335599446424907778', '1', 'admin', '用户管理-分页获取用户列表', '20', 'com.company.project.controller.UserController.pageInfo()', '[{}]', '192.168.0.101', '2020-12-06 22:58:16');
INSERT INTO `sys_log` VALUES ('1335599549655117825', '1', 'admin', '用户管理-分页获取用户列表', '11', 'com.company.project.controller.UserController.pageInfo()', '[{\"deptNo\":\"D000002\",\"nickName\":\"\",\"username\":\"\"}]', '192.168.0.101', '2020-12-06 22:58:41');
INSERT INTO `sys_log` VALUES ('1335599553954279425', '1', 'admin', '用户管理-分页获取用户列表', '4', 'com.company.project.controller.UserController.pageInfo()', '[{\"deptNo\":\"D000003\",\"nickName\":\"\",\"username\":\"\"}]', '192.168.0.101', '2020-12-06 22:58:42');
INSERT INTO `sys_log` VALUES ('1335599556823183362', '1', 'admin', '用户管理-分页获取用户列表', '4', 'com.company.project.controller.UserController.pageInfo()', '[{\"deptNo\":\"D000004\",\"nickName\":\"\",\"username\":\"\"}]', '192.168.0.101', '2020-12-06 22:58:43');
INSERT INTO `sys_log` VALUES ('1335599559708864514', '1', 'admin', '用户管理-分页获取用户列表', '7', 'com.company.project.controller.UserController.pageInfo()', '[{\"deptNo\":\"D000005\",\"nickName\":\"\",\"username\":\"\"}]', '192.168.0.101', '2020-12-06 22:58:43');
INSERT INTO `sys_log` VALUES ('1335599564515536898', '1', 'admin', '用户管理-分页获取用户列表', '5', 'com.company.project.controller.UserController.pageInfo()', '[{\"deptNo\":\"D000002\",\"nickName\":\"\",\"username\":\"\"}]', '192.168.0.101', '2020-12-06 22:58:45');
INSERT INTO `sys_log` VALUES ('1335599570442088450', '1', 'admin', '用户管理-分页获取用户列表', '10', 'com.company.project.controller.UserController.pageInfo()', '[{\"deptNo\":\"D000001\",\"nickName\":\"\",\"username\":\"\"}]', '192.168.0.101', '2020-12-06 22:58:46');
INSERT INTO `sys_log` VALUES ('1336177006984650754', '1', 'admin', '菜单权限管理-获取所有菜单权限', '314', 'com.company.project.controller.PermissionController.getAllMenusPermission()', null, '192.168.0.103', '2020-12-08 13:13:18');
INSERT INTO `sys_log` VALUES ('1336177031731044353', '1', 'admin', '菜单权限管理-获取所有目录菜单树', '255', 'com.company.project.controller.PermissionController.getAllMenusPermissionTree()', '[\"784480084814725120\"]', '192.168.0.103', '2020-12-08 13:13:23');
INSERT INTO `sys_log` VALUES ('1336177063804887041', '1', 'admin', '菜单权限管理-更新菜单权限', '13', 'com.company.project.controller.PermissionController.updatePermission()', '[{\"icon\":\"\",\"id\":\"784480084814725120\",\"name\":\"学生管理\",\"orderNum\":10,\"perms\":\"\",\"pid\":\"1334806348645957634\",\"pidName\":\"学生管理\",\"status\":1,\"target\":\"_self\",\"type\":2,\"updateTime\":1607404411623,\"url\":\"/index/dlStudent\"}]', '192.168.0.103', '2020-12-08 13:13:31');
INSERT INTO `sys_log` VALUES ('1336177064912183298', '1', 'admin', '菜单权限管理-获取所有菜单权限', '248', 'com.company.project.controller.PermissionController.getAllMenusPermission()', null, '192.168.0.103', '2020-12-08 13:13:31');
INSERT INTO `sys_log` VALUES ('1337394685078749186', '1', 'admin', '用户管理-分页获取用户列表', '20', 'com.company.project.controller.UserController.pageInfo()', '[{}]', '192.168.0.103', '2020-12-11 21:51:55');
INSERT INTO `sys_log` VALUES ('1337394685078749187', '1', 'admin', '机构管理-树型组织列表', '17', 'com.company.project.controller.DeptController.getTree()', '[null]', '192.168.0.103', '2020-12-11 21:51:55');
INSERT INTO `sys_log` VALUES ('1337395432960901122', '1', 'admin', '用户管理-分页获取用户列表', '14', 'com.company.project.controller.UserController.pageInfo()', '[{\"deptNo\":\"D000003\",\"nickName\":\"\",\"username\":\"\"}]', '192.168.0.103', '2020-12-11 21:54:53');
INSERT INTO `sys_log` VALUES ('1337395437700464641', '1', 'admin', '用户管理-分页获取用户列表', '4', 'com.company.project.controller.UserController.pageInfo()', '[{\"deptNo\":\"D000002\",\"nickName\":\"\",\"username\":\"\"}]', '192.168.0.103', '2020-12-11 21:54:54');
INSERT INTO `sys_log` VALUES ('1337395440389013505', '1', 'admin', '用户管理-分页获取用户列表', '5', 'com.company.project.controller.UserController.pageInfo()', '[{\"deptNo\":\"D000004\",\"nickName\":\"\",\"username\":\"\"}]', '192.168.0.103', '2020-12-11 21:54:55');
INSERT INTO `sys_log` VALUES ('1337395442477776897', '1', 'admin', '用户管理-分页获取用户列表', '3', 'com.company.project.controller.UserController.pageInfo()', '[{\"deptNo\":\"D000005\",\"nickName\":\"\",\"username\":\"\"}]', '192.168.0.103', '2020-12-11 21:54:55');
INSERT INTO `sys_log` VALUES ('1337395447431249922', '1', 'admin', '用户管理-分页获取用户列表', '8', 'com.company.project.controller.UserController.pageInfo()', '[{\"deptNo\":\"D000001\",\"nickName\":\"\",\"username\":\"\"}]', '192.168.0.103', '2020-12-11 21:54:56');
INSERT INTO `sys_log` VALUES ('1337395454058250242', '1', 'admin', '用户管理-分页获取用户列表', '10', 'com.company.project.controller.UserController.pageInfo()', '[{\"deptNo\":\"D000001\",\"nickName\":\"\",\"username\":\"\"}]', '192.168.0.103', '2020-12-11 21:54:58');
INSERT INTO `sys_log` VALUES ('1337395483992997890', '1', 'admin', '用户管理-分页获取用户列表', '4', 'com.company.project.controller.UserController.pageInfo()', '[{\"deptNo\":\"D000002\",\"nickName\":\"\",\"username\":\"\"}]', '192.168.0.103', '2020-12-11 21:55:05');
INSERT INTO `sys_log` VALUES ('1337395488568983553', '1', 'admin', '用户管理-分页获取用户列表', '3', 'com.company.project.controller.UserController.pageInfo()', '[{\"deptNo\":\"D000003\",\"nickName\":\"\",\"username\":\"\"}]', '192.168.0.103', '2020-12-11 21:55:06');
INSERT INTO `sys_log` VALUES ('1337395492884922370', '1', 'admin', '用户管理-分页获取用户列表', '8', 'com.company.project.controller.UserController.pageInfo()', '[{\"deptNo\":\"D000001\",\"nickName\":\"\",\"username\":\"\"}]', '192.168.0.103', '2020-12-11 21:55:07');
INSERT INTO `sys_log` VALUES ('1337737290857635842', '1', 'admin', '机构管理-树型组织列表', '27', 'com.company.project.controller.DeptController.getTree()', '[null]', '192.168.0.103', '2020-12-12 20:33:18');
INSERT INTO `sys_log` VALUES ('1337737290857635843', '1', 'admin', '用户管理-分页获取用户列表', '23', 'com.company.project.controller.UserController.pageInfo()', '[{}]', '192.168.0.103', '2020-12-12 20:33:18');
INSERT INTO `sys_log` VALUES ('1337753954508685313', '1', 'admin', '用户管理-分页获取用户列表', '17', 'com.company.project.controller.UserController.pageInfo()', '[{}]', '192.168.0.103', '2020-12-12 21:39:31');
INSERT INTO `sys_log` VALUES ('1337753954508685314', '1', 'admin', '机构管理-树型组织列表', '18', 'com.company.project.controller.DeptController.getTree()', '[null]', '192.168.0.103', '2020-12-12 21:39:31');
INSERT INTO `sys_log` VALUES ('1337755262108123138', '1', 'admin', '用户管理-分页获取用户列表', '16', 'com.company.project.controller.UserController.pageInfo()', '[{\"deptNo\":\"D000003\",\"nickName\":\"\",\"username\":\"\"}]', '192.168.0.103', '2020-12-12 21:44:43');
INSERT INTO `sys_log` VALUES ('1337755269028724738', '1', 'admin', '用户管理-分页获取用户列表', '4', 'com.company.project.controller.UserController.pageInfo()', '[{\"deptNo\":\"D000004\",\"nickName\":\"\",\"username\":\"\"}]', '192.168.0.103', '2020-12-12 21:44:45');
INSERT INTO `sys_log` VALUES ('1337755272241561602', '1', 'admin', '用户管理-分页获取用户列表', '4', 'com.company.project.controller.UserController.pageInfo()', '[{\"deptNo\":\"D000005\",\"nickName\":\"\",\"username\":\"\"}]', '192.168.0.103', '2020-12-12 21:44:45');
INSERT INTO `sys_log` VALUES ('1337755276561694721', '1', 'admin', '用户管理-分页获取用户列表', '4', 'com.company.project.controller.UserController.pageInfo()', '[{\"deptNo\":\"D000002\",\"nickName\":\"\",\"username\":\"\"}]', '192.168.0.103', '2020-12-12 21:44:46');
INSERT INTO `sys_log` VALUES ('1337755356396077058', '1', 'admin', '用户管理-分页获取用户列表', '8', 'com.company.project.controller.UserController.pageInfo()', '[{\"deptNo\":\"D000001\",\"nickName\":\"\",\"username\":\"\"}]', '192.168.0.103', '2020-12-12 21:45:05');
INSERT INTO `sys_log` VALUES ('1337759574792183810', '1', 'admin', '用户管理-分页获取用户列表', '20', 'com.company.project.controller.UserController.pageInfo()', '[{}]', '192.168.0.103', '2020-12-12 22:01:51');
INSERT INTO `sys_log` VALUES ('1337759574792183811', '1', 'admin', '机构管理-树型组织列表', '40', 'com.company.project.controller.DeptController.getTree()', '[null]', '192.168.0.103', '2020-12-12 22:01:51');
INSERT INTO `sys_log` VALUES ('1337760478907965442', '1', 'admin', '机构管理-树型组织列表', '7', 'com.company.project.controller.DeptController.getTree()', '[null]', '192.168.0.103', '2020-12-12 22:05:27');
INSERT INTO `sys_log` VALUES ('1337760478937325569', '1', 'admin', '用户管理-分页获取用户列表', '9', 'com.company.project.controller.UserController.pageInfo()', '[{}]', '192.168.0.103', '2020-12-12 22:05:27');
INSERT INTO `sys_log` VALUES ('1337761746581770242', '1', 'admin', '机构管理-树型组织列表', '12', 'com.company.project.controller.DeptController.getTree()', '[null]', '192.168.0.103', '2020-12-12 22:10:29');
INSERT INTO `sys_log` VALUES ('1337761746581770243', '1', 'admin', '用户管理-分页获取用户列表', '17', 'com.company.project.controller.UserController.pageInfo()', '[{}]', '192.168.0.103', '2020-12-12 22:10:29');
INSERT INTO `sys_log` VALUES ('1337763815275450370', '1', 'admin', '用户管理-分页获取用户列表', '18', 'com.company.project.controller.UserController.pageInfo()', '[{}]', '192.168.0.103', '2020-12-12 22:18:42');
INSERT INTO `sys_log` VALUES ('1337763815275450371', '1', 'admin', '机构管理-树型组织列表', '15', 'com.company.project.controller.DeptController.getTree()', '[null]', '192.168.0.103', '2020-12-12 22:18:42');
INSERT INTO `sys_log` VALUES ('1337765303846481921', '1', 'admin', '用户管理-分页获取用户列表', '18', 'com.company.project.controller.UserController.pageInfo()', '[{}]', '192.168.0.103', '2020-12-12 22:24:37');
INSERT INTO `sys_log` VALUES ('1337765303846481922', '1', 'admin', '机构管理-树型组织列表', '17', 'com.company.project.controller.DeptController.getTree()', '[null]', '192.168.0.103', '2020-12-12 22:24:37');
INSERT INTO `sys_log` VALUES ('1337765314642620417', '1', 'admin', '用户管理-赋予角色-获取所有角色接口', '7', 'com.company.project.controller.UserController.getUserOwnRole()', '[\"2\"]', '192.168.0.103', '2020-12-12 22:24:40');
INSERT INTO `sys_log` VALUES ('1337766114446143490', '1', 'admin', '用户管理-分页获取用户列表', '16', 'com.company.project.controller.UserController.pageInfo()', '[{}]', '192.168.0.103', '2020-12-12 22:27:50');
INSERT INTO `sys_log` VALUES ('1337766114446143491', '1', 'admin', '机构管理-树型组织列表', '15', 'com.company.project.controller.DeptController.getTree()', '[null]', '192.168.0.103', '2020-12-12 22:27:50');
INSERT INTO `sys_log` VALUES ('1337766184251944962', '1', 'admin', '用户管理-赋予角色-获取所有角色接口', '8', 'com.company.project.controller.UserController.getUserOwnRole()', '[\"2\"]', '192.168.0.103', '2020-12-12 22:28:07');
INSERT INTO `sys_log` VALUES ('1338005825092169730', '1', 'admin', '机构管理-树型组织列表', '45', 'com.company.project.controller.DeptController.getTree()', '[null]', '10.10.25.254', '2020-12-13 14:20:22');
INSERT INTO `sys_log` VALUES ('1338005825108946945', '1', 'admin', '用户管理-分页获取用户列表', '50', 'com.company.project.controller.UserController.pageInfo()', '[{}]', '10.10.25.254', '2020-12-13 14:20:22');
INSERT INTO `sys_log` VALUES ('1338005829206781953', '1', 'admin', '用户管理-分页获取用户列表', '30', 'com.company.project.controller.UserController.pageInfo()', '[{\"deptNo\":\"D000002\",\"nickName\":\"\",\"username\":\"\"}]', '10.10.25.254', '2020-12-13 14:20:23');
INSERT INTO `sys_log` VALUES ('1338005857413476354', '1', 'admin', '用户管理-分页获取用户列表', '21', 'com.company.project.controller.UserController.pageInfo()', '[{\"deptNo\":\"D000001\",\"nickName\":\"\",\"username\":\"\"}]', '10.10.25.254', '2020-12-13 14:20:30');
INSERT INTO `sys_log` VALUES ('1338005863130312706', '1', 'admin', '用户管理-分页获取用户列表', '21', 'com.company.project.controller.UserController.pageInfo()', '[{\"deptNo\":\"D000001\",\"nickName\":\"\",\"username\":\"\"}]', '10.10.25.254', '2020-12-13 14:20:31');
INSERT INTO `sys_log` VALUES ('1338292131789574146', '1', 'admin', '机构管理-树型组织列表', '62', 'com.company.project.controller.DeptController.getTree()', '[null]', '10.10.25.254', '2020-12-14 09:18:03');
INSERT INTO `sys_log` VALUES ('1338292131789574147', '1', 'admin', '用户管理-分页获取用户列表', '61', 'com.company.project.controller.UserController.pageInfo()', '[{}]', '10.10.25.254', '2020-12-14 09:18:03');
INSERT INTO `sys_log` VALUES ('1338737673864925186', '1', 'admin', '用户管理-分页获取用户列表', '43', 'com.company.project.controller.UserController.pageInfo()', '[{}]', '127.0.0.1', '2020-12-15 14:48:29');
INSERT INTO `sys_log` VALUES ('1338737673864925187', '1', 'admin', '机构管理-树型组织列表', '41', 'com.company.project.controller.DeptController.getTree()', '[null]', '127.0.0.1', '2020-12-15 14:48:29');
INSERT INTO `sys_log` VALUES ('1338844227280752641', '1', 'admin', '用户管理-分页获取用户列表', '63', 'com.company.project.controller.UserController.pageInfo()', '[{}]', '192.168.0.103', '2020-12-15 21:51:53');
INSERT INTO `sys_log` VALUES ('1338844227280752642', '1', 'admin', '机构管理-树型组织列表', '54', 'com.company.project.controller.DeptController.getTree()', '[null]', '192.168.0.103', '2020-12-15 21:51:53');
INSERT INTO `sys_log` VALUES ('1338844262164779009', '1', 'admin', '用户管理-分页获取用户列表', '16', 'com.company.project.controller.UserController.pageInfo()', '[{\"deptNo\":\"D000002\",\"nickName\":\"\",\"username\":\"\"}]', '192.168.0.103', '2020-12-15 21:52:01');
INSERT INTO `sys_log` VALUES ('1338844268439457794', '1', 'admin', '用户管理-分页获取用户列表', '6', 'com.company.project.controller.UserController.pageInfo()', '[{\"deptNo\":\"D000003\",\"nickName\":\"\",\"username\":\"\"}]', '192.168.0.103', '2020-12-15 21:52:03');
INSERT INTO `sys_log` VALUES ('1338844275494277122', '1', 'admin', '用户管理-分页获取用户列表', '18', 'com.company.project.controller.UserController.pageInfo()', '[{\"deptNo\":\"D000001\",\"nickName\":\"\",\"username\":\"\"}]', '192.168.0.103', '2020-12-15 21:52:04');
INSERT INTO `sys_log` VALUES ('1338844754907418625', '1', 'admin', '用户管理-查询用户详情', '16', 'com.company.project.controller.UserController.youSelfInfo()', null, '192.168.0.103', '2020-12-15 21:53:59');
INSERT INTO `sys_log` VALUES ('1338849400568860674', '1', 'admin', '机构管理-树型组织列表', '4', 'com.company.project.controller.DeptController.getTree()', '[null]', '192.168.0.103', '2020-12-15 22:12:26');
INSERT INTO `sys_log` VALUES ('1338849400635969538', '1', 'admin', '用户管理-分页获取用户列表', '16', 'com.company.project.controller.UserController.pageInfo()', '[{}]', '192.168.0.103', '2020-12-15 22:12:26');
INSERT INTO `sys_log` VALUES ('1338849842153574401', '1', 'admin', '用户管理-分页获取用户列表', '22', 'com.company.project.controller.UserController.pageInfo()', '[{\"deptNo\":\"D000002\",\"nickName\":\"\",\"username\":\"\"}]', '192.168.0.103', '2020-12-15 22:14:12');
INSERT INTO `sys_log` VALUES ('1338849848776380417', '1', 'admin', '用户管理-分页获取用户列表', '10', 'com.company.project.controller.UserController.pageInfo()', '[{\"deptNo\":\"D000003\",\"nickName\":\"\",\"username\":\"\"}]', '192.168.0.103', '2020-12-15 22:14:13');
INSERT INTO `sys_log` VALUES ('1338849853000044545', '1', 'admin', '用户管理-分页获取用户列表', '5', 'com.company.project.controller.UserController.pageInfo()', '[{\"deptNo\":\"D000004\",\"nickName\":\"\",\"username\":\"\"}]', '192.168.0.103', '2020-12-15 22:14:14');
INSERT INTO `sys_log` VALUES ('1338849856204492802', '1', 'admin', '用户管理-分页获取用户列表', '5', 'com.company.project.controller.UserController.pageInfo()', '[{\"deptNo\":\"D000005\",\"nickName\":\"\",\"username\":\"\"}]', '192.168.0.103', '2020-12-15 22:14:15');
INSERT INTO `sys_log` VALUES ('1338849891939962881', '1', 'admin', '用户管理-分页获取用户列表', '11', 'com.company.project.controller.UserController.pageInfo()', '[{\"deptNo\":\"D000001\",\"nickName\":\"\",\"username\":\"\"}]', '192.168.0.103', '2020-12-15 22:14:24');
INSERT INTO `sys_log` VALUES ('1338849932591157249', '1', 'admin', '用户管理-赋予角色-获取所有角色接口', '25', 'com.company.project.controller.UserController.getUserOwnRole()', '[\"2\"]', '192.168.0.103', '2020-12-15 22:14:33');
INSERT INTO `sys_log` VALUES ('1338850185063092226', '1', 'admin', '机构管理-获取所有组织机构', '22', 'com.company.project.controller.DeptController.getDeptAll()', null, '192.168.0.103', '2020-12-15 22:15:33');
INSERT INTO `sys_log` VALUES ('1338850199810265089', '1', 'admin', '机构管理-树型组织列表', '18', 'com.company.project.controller.DeptController.getTree()', '[\"1\"]', '192.168.0.103', '2020-12-15 22:15:37');
INSERT INTO `sys_log` VALUES ('1338926361611661313', '1', 'admin', '机构管理-树型组织列表', '64', 'com.company.project.controller.DeptController.getTree()', '[null]', '10.10.25.254', '2020-12-16 03:18:15');
INSERT INTO `sys_log` VALUES ('1338926361611661314', '1', 'admin', '用户管理-分页获取用户列表', '35', 'com.company.project.controller.UserController.pageInfo()', '[{}]', '10.10.25.254', '2020-12-16 03:18:15');
INSERT INTO `sys_log` VALUES ('1338926823152873474', '1', 'admin', '用户管理-分页获取用户列表', '20', 'com.company.project.controller.UserController.pageInfo()', '[{\"endTime\":\" 2021-01-14 00:00:00\",\"nickName\":\"\",\"startTime\":\"2020-12-02 00:00:00 \",\"username\":\"\"}]', '10.10.25.254', '2020-12-16 03:20:05');
INSERT INTO `sys_log` VALUES ('1338926904899858434', '1', 'admin', '用户管理-分页获取用户列表', '16', 'com.company.project.controller.UserController.pageInfo()', '[{\"nickName\":\"\",\"username\":\"\"}]', '10.10.25.254', '2020-12-16 03:20:25');
INSERT INTO `sys_log` VALUES ('1338927445516283905', '1', 'admin', '机构管理-树型组织列表', '23', 'com.company.project.controller.DeptController.getTree()', '[null]', '10.10.25.254', '2020-12-16 03:22:34');
INSERT INTO `sys_log` VALUES ('1338927445625335810', '1', 'admin', '用户管理-分页获取用户列表', '29', 'com.company.project.controller.UserController.pageInfo()', '[{}]', '10.10.25.254', '2020-12-16 03:22:34');
INSERT INTO `sys_log` VALUES ('1338927622415249409', '1', 'admin', '用户管理-赋予角色-获取所有角色接口', '10', 'com.company.project.controller.UserController.getUserOwnRole()', '[\"2\"]', '10.10.25.254', '2020-12-16 03:23:16');
INSERT INTO `sys_log` VALUES ('1338927654900133889', '1', 'admin', '用户管理-赋予角色-获取所有角色接口', '6', 'com.company.project.controller.UserController.getUserOwnRole()', '[\"2\"]', '10.10.25.254', '2020-12-16 03:23:24');
INSERT INTO `sys_log` VALUES ('1338936164664807425', '1', 'admin', '用户管理-分页获取用户列表', '36', 'com.company.project.controller.UserController.pageInfo()', '[{}]', '10.10.25.254', '2020-12-16 03:57:13');
INSERT INTO `sys_log` VALUES ('1338936164664807426', '1', 'admin', '机构管理-树型组织列表', '43', 'com.company.project.controller.DeptController.getTree()', '[null]', '10.10.25.254', '2020-12-16 03:57:13');
INSERT INTO `sys_log` VALUES ('1339086144956375042', '1', 'admin', '用户管理-分页获取用户列表', '20', 'com.company.project.controller.UserController.pageInfo()', '[{}]', '10.10.25.254', '2020-12-16 13:53:11');
INSERT INTO `sys_log` VALUES ('1339086144985735169', '1', 'admin', '机构管理-树型组织列表', '77', 'com.company.project.controller.DeptController.getTree()', '[null]', '10.10.25.254', '2020-12-16 13:53:11');
INSERT INTO `sys_log` VALUES ('1339088326862659586', '1', 'admin', '机构管理-树型组织列表', '42', 'com.company.project.controller.DeptController.getTree()', '[null]', '10.10.25.254', '2020-12-16 14:01:51');
INSERT INTO `sys_log` VALUES ('1339088326963322881', '1', 'admin', '用户管理-分页获取用户列表', '41', 'com.company.project.controller.UserController.pageInfo()', '[{}]', '10.10.25.254', '2020-12-16 14:01:51');
INSERT INTO `sys_log` VALUES ('1339090093620944897', '1', 'admin', '机构管理-树型组织列表', '50', 'com.company.project.controller.DeptController.getTree()', '[null]', '10.10.25.254', '2020-12-16 14:08:52');
INSERT INTO `sys_log` VALUES ('1339090093620944898', '1', 'admin', '用户管理-分页获取用户列表', '61', 'com.company.project.controller.UserController.pageInfo()', '[{}]', '10.10.25.254', '2020-12-16 14:08:52');
INSERT INTO `sys_log` VALUES ('1339090722812665857', '1', 'admin', '机构管理-树型组织列表', '39', 'com.company.project.controller.DeptController.getTree()', '[null]', '10.10.25.254', '2020-12-16 14:11:22');
INSERT INTO `sys_log` VALUES ('1339090722812665858', '1', 'admin', '用户管理-分页获取用户列表', '55', 'com.company.project.controller.UserController.pageInfo()', '[{}]', '10.10.25.254', '2020-12-16 14:11:22');
INSERT INTO `sys_log` VALUES ('1339091470485102594', '1', 'admin', '机构管理-树型组织列表', '45', 'com.company.project.controller.DeptController.getTree()', '[null]', '10.10.25.254', '2020-12-16 14:14:20');
INSERT INTO `sys_log` VALUES ('1339091470552211458', '1', 'admin', '用户管理-分页获取用户列表', '71', 'com.company.project.controller.UserController.pageInfo()', '[{}]', '10.10.25.254', '2020-12-16 14:14:20');
INSERT INTO `sys_log` VALUES ('1339091751750955010', '1', 'admin', '机构管理-树型组织列表', '41', 'com.company.project.controller.DeptController.getTree()', '[null]', '10.10.25.254', '2020-12-16 14:15:27');
INSERT INTO `sys_log` VALUES ('1339091751750955011', '1', 'admin', '用户管理-分页获取用户列表', '50', 'com.company.project.controller.UserController.pageInfo()', '[{}]', '10.10.25.254', '2020-12-16 14:15:27');
INSERT INTO `sys_log` VALUES ('1339092106198958082', '1', 'admin', '机构管理-树型组织列表', '35', 'com.company.project.controller.DeptController.getTree()', '[null]', '10.10.25.254', '2020-12-16 14:16:52');
INSERT INTO `sys_log` VALUES ('1339092106320592898', '1', 'admin', '用户管理-分页获取用户列表', '65', 'com.company.project.controller.UserController.pageInfo()', '[{}]', '10.10.25.254', '2020-12-16 14:16:52');
INSERT INTO `sys_log` VALUES ('1339092360822571009', '1', 'admin', '菜单权限管理-获取所有菜单权限', '452', 'com.company.project.controller.PermissionController.getAllMenusPermission()', null, '10.10.25.254', '2020-12-16 14:17:53');
INSERT INTO `sys_log` VALUES ('1339092366036090881', '1', 'admin', '角色管理-分页获取角色信息', '25', 'com.company.project.controller.RoleController.pageInfo()', '[{}]', '10.10.25.254', '2020-12-16 14:17:54');
INSERT INTO `sys_log` VALUES ('1339092398143488002', '1', 'admin', '角色管理-查询角色详情', '402', 'com.company.project.controller.RoleController.detailInfo()', '[\"1\"]', '10.10.25.254', '2020-12-16 14:18:02');
INSERT INTO `sys_log` VALUES ('1339092439532879873', '1', 'admin', '角色管理-分页获取角色信息', '4', 'com.company.project.controller.RoleController.pageInfo()', '[{}]', '10.10.25.254', '2020-12-16 14:18:11');
INSERT INTO `sys_log` VALUES ('1339092452996595713', '1', 'admin', '机构管理-获取所有组织机构', '20', 'com.company.project.controller.DeptController.getDeptAll()', null, '10.10.25.254', '2020-12-16 14:18:15');
INSERT INTO `sys_log` VALUES ('1339092462245036033', '1', 'admin', '机构管理-树型组织列表', '20', 'com.company.project.controller.DeptController.getTree()', '[\"1\"]', '10.10.25.254', '2020-12-16 14:18:17');
INSERT INTO `sys_log` VALUES ('1339092477805903874', '1', 'admin', '机构管理-树型组织列表', '5', 'com.company.project.controller.DeptController.getTree()', '[null]', '10.10.25.254', '2020-12-16 14:18:21');
INSERT INTO `sys_log` VALUES ('1339092477852041217', '1', 'admin', '用户管理-分页获取用户列表', '18', 'com.company.project.controller.UserController.pageInfo()', '[{}]', '10.10.25.254', '2020-12-16 14:18:21');
INSERT INTO `sys_log` VALUES ('1339092500048297985', '1', 'admin', '角色管理-分页获取角色信息', '4', 'com.company.project.controller.RoleController.pageInfo()', '[{}]', '10.10.25.254', '2020-12-16 14:18:26');
INSERT INTO `sys_log` VALUES ('1339092509560979458', '1', 'admin', '角色管理-查询角色详情', '346', 'com.company.project.controller.RoleController.detailInfo()', '[\"1331087516021194754\"]', '10.10.25.254', '2020-12-16 14:18:28');
INSERT INTO `sys_log` VALUES ('1339092541756456962', '1', 'admin', '角色管理-分页获取角色信息', '4', 'com.company.project.controller.RoleController.pageInfo()', '[{}]', '10.10.25.254', '2020-12-16 14:18:36');
INSERT INTO `sys_log` VALUES ('1339092552175108098', '1', 'admin', '角色管理-查询角色详情', '304', 'com.company.project.controller.RoleController.detailInfo()', '[\"1\"]', '10.10.25.254', '2020-12-16 14:18:38');
INSERT INTO `sys_log` VALUES ('1339092765564518401', '1', 'admin', '角色管理-分页获取角色信息', '3', 'com.company.project.controller.RoleController.pageInfo()', '[{}]', '10.10.25.254', '2020-12-16 14:19:29');
INSERT INTO `sys_log` VALUES ('1339092780273942530', '1', 'admin', '角色管理-查询角色详情', '302', 'com.company.project.controller.RoleController.detailInfo()', '[\"1\"]', '10.10.25.254', '2020-12-16 14:19:33');
INSERT INTO `sys_log` VALUES ('1339093234919718914', '1', 'admin', '菜单权限管理-获取所有菜单权限', '278', 'com.company.project.controller.PermissionController.getAllMenusPermission()', null, '10.10.25.254', '2020-12-16 14:21:21');
INSERT INTO `sys_log` VALUES ('1339093408232554498', '1', 'admin', '菜单权限管理-获取所有目录菜单树', '295', 'com.company.project.controller.PermissionController.getAllMenusPermissionTree()', '[\"\"]', '10.10.25.254', '2020-12-16 14:22:02');
INSERT INTO `sys_log` VALUES ('1339094042004508674', '1', 'admin', '机构管理-树型组织列表', '46', 'com.company.project.controller.DeptController.getTree()', '[null]', '10.10.25.254', '2020-12-16 14:24:33');
INSERT INTO `sys_log` VALUES ('1339094042059034626', '1', 'admin', '用户管理-分页获取用户列表', '41', 'com.company.project.controller.UserController.pageInfo()', '[{}]', '10.10.25.254', '2020-12-16 14:24:33');
INSERT INTO `sys_log` VALUES ('1339095339877339138', '1', 'admin', '机构管理-树型组织列表', '34', 'com.company.project.controller.DeptController.getTree()', '[null]', '10.10.25.254', '2020-12-16 14:29:43');
INSERT INTO `sys_log` VALUES ('1339095340053499905', '1', 'admin', '用户管理-分页获取用户列表', '71', 'com.company.project.controller.UserController.pageInfo()', '[{}]', '10.10.25.254', '2020-12-16 14:29:43');
INSERT INTO `sys_log` VALUES ('1339097643900809218', '1', 'admin', '机构管理-树型组织列表', '25', 'com.company.project.controller.DeptController.getTree()', '[null]', '10.10.25.254', '2020-12-16 14:38:52');
INSERT INTO `sys_log` VALUES ('1339097643972112386', '1', 'admin', '用户管理-分页获取用户列表', '45', 'com.company.project.controller.UserController.pageInfo()', '[{}]', '10.10.25.254', '2020-12-16 14:38:52');
INSERT INTO `sys_log` VALUES ('1339108845477486593', '1', 'admin', '机构管理-树型组织列表', '36', 'com.company.project.controller.DeptController.getTree()', '[null]', '10.10.25.254', '2020-12-16 15:23:23');
INSERT INTO `sys_log` VALUES ('1339108845519429633', '1', 'admin', '用户管理-分页获取用户列表', '41', 'com.company.project.controller.UserController.pageInfo()', '[{}]', '10.10.25.254', '2020-12-16 15:23:23');
INSERT INTO `sys_log` VALUES ('1339180211964887042', '1', 'admin', '机构管理-树型组织列表', '46', 'com.company.project.controller.DeptController.getTree()', '[null]', '192.168.0.103', '2020-12-16 20:06:58');
INSERT INTO `sys_log` VALUES ('1339180211964887043', '1', 'admin', '用户管理-分页获取用户列表', '17', 'com.company.project.controller.UserController.pageInfo()', '[{}]', '192.168.0.103', '2020-12-16 20:06:58');
INSERT INTO `sys_log` VALUES ('1339180781845016578', '1', 'admin', '机构管理-树型组织列表', '29', 'com.company.project.controller.DeptController.getTree()', '[null]', '192.168.0.103', '2020-12-16 20:09:14');
INSERT INTO `sys_log` VALUES ('1339180782558048258', '1', 'admin', '用户管理-分页获取用户列表', '109', 'com.company.project.controller.UserController.pageInfo()', '[{}]', '192.168.0.103', '2020-12-16 20:09:14');
INSERT INTO `sys_log` VALUES ('1339181092886200321', '1', 'admin', '机构管理-树型组织列表', '31', 'com.company.project.controller.DeptController.getTree()', '[null]', '192.168.0.103', '2020-12-16 20:10:28');
INSERT INTO `sys_log` VALUES ('1339181093372739586', '1', 'admin', '用户管理-分页获取用户列表', '113', 'com.company.project.controller.UserController.pageInfo()', '[{}]', '192.168.0.103', '2020-12-16 20:10:28');
INSERT INTO `sys_log` VALUES ('1339181654868410370', '1', 'admin', '机构管理-树型组织列表', '36', 'com.company.project.controller.DeptController.getTree()', '[null]', '192.168.0.103', '2020-12-16 20:12:42');
INSERT INTO `sys_log` VALUES ('1339181654960685058', '1', 'admin', '用户管理-分页获取用户列表', '57', 'com.company.project.controller.UserController.pageInfo()', '[{}]', '192.168.0.103', '2020-12-16 20:12:42');
INSERT INTO `sys_log` VALUES ('1339182481632796673', '1', 'admin', '机构管理-树型组织列表', '40', 'com.company.project.controller.DeptController.getTree()', '[null]', '192.168.0.103', '2020-12-16 20:15:59');
INSERT INTO `sys_log` VALUES ('1339182481632796674', '1', 'admin', '用户管理-分页获取用户列表', '52', 'com.company.project.controller.UserController.pageInfo()', '[{}]', '192.168.0.103', '2020-12-16 20:15:59');
INSERT INTO `sys_log` VALUES ('1339183047897427969', '1', 'admin', '机构管理-树型组织列表', '43', 'com.company.project.controller.DeptController.getTree()', '[null]', '192.168.0.103', '2020-12-16 20:18:14');
INSERT INTO `sys_log` VALUES ('1339183048044228609', '1', 'admin', '用户管理-分页获取用户列表', '69', 'com.company.project.controller.UserController.pageInfo()', '[{}]', '192.168.0.103', '2020-12-16 20:18:14');
INSERT INTO `sys_log` VALUES ('1339183808744128513', '1', 'admin', '机构管理-树型组织列表', '27', 'com.company.project.controller.DeptController.getTree()', '[null]', '192.168.0.103', '2020-12-16 20:21:15');
INSERT INTO `sys_log` VALUES ('1339183808823820290', '1', 'admin', '用户管理-分页获取用户列表', '45', 'com.company.project.controller.UserController.pageInfo()', '[{}]', '192.168.0.103', '2020-12-16 20:21:16');
INSERT INTO `sys_log` VALUES ('1339192414856200193', '1', 'admin', '用户管理-分页获取用户列表', '39', 'com.company.project.controller.UserController.pageInfo()', '[{}]', '192.168.0.103', '2020-12-16 20:55:27');
INSERT INTO `sys_log` VALUES ('1339192414856200194', '1', 'admin', '机构管理-树型组织列表', '37', 'com.company.project.controller.DeptController.getTree()', '[null]', '192.168.0.103', '2020-12-16 20:55:27');
INSERT INTO `sys_log` VALUES ('1339193415059357698', '1', 'admin', '机构管理-树型组织列表', '33', 'com.company.project.controller.DeptController.getTree()', '[null]', '192.168.0.103', '2020-12-16 20:59:26');
INSERT INTO `sys_log` VALUES ('1339193415113883650', '1', 'admin', '用户管理-分页获取用户列表', '51', 'com.company.project.controller.UserController.pageInfo()', '[{}]', '192.168.0.103', '2020-12-16 20:59:26');
INSERT INTO `sys_log` VALUES ('1339193681062117378', '1', 'admin', '用户管理-新增用户', '54', 'com.company.project.controller.UserController.addUser()', '[{\"createId\":\"1\",\"createTime\":1608123629176,\"createWhere\":1,\"deleted\":1,\"deptId\":\"1331121936392425474\",\"deptName\":\"小学部\",\"education\":3,\"email\":\"\",\"id\":\"1339193680802070530\",\"major\":\"软件工程\",\"password\":\"39e2e9fe61c9482aa0e1d455e77edbf1\",\"phone\":\"18288029217\",\"qualificationImg\":\"http://localhost:8080/files/20201216/7be5986753d049ef95ded71f2da1df56.png\",\"realName\":\"王五\",\"salt\":\"f30280f310f24fa99a8f\",\"sex\":1,\"status\":1,\"university\":\"西华大学\",\"updateId\":\"1\",\"updateTime\":1608123629176,\"username\":\"LX0001\"}]', '192.168.0.103', '2020-12-16 21:00:29');
INSERT INTO `sys_log` VALUES ('1339193681447993346', '1', 'admin', '用户管理-分页获取用户列表', '21', 'com.company.project.controller.UserController.pageInfo()', '[{\"nickName\":\"\",\"username\":\"\"}]', '192.168.0.103', '2020-12-16 21:00:29');
INSERT INTO `sys_log` VALUES ('1339194610725326849', '1', 'admin', '机构管理-树型组织列表', '35', 'com.company.project.controller.DeptController.getTree()', '[null]', '192.168.0.103', '2020-12-16 21:04:11');
INSERT INTO `sys_log` VALUES ('1339194610784047106', '1', 'admin', '用户管理-分页获取用户列表', '46', 'com.company.project.controller.UserController.pageInfo()', '[{}]', '192.168.0.103', '2020-12-16 21:04:11');
INSERT INTO `sys_log` VALUES ('1339196288316944385', '1', 'admin', '机构管理-树型组织列表', '38', 'com.company.project.controller.DeptController.getTree()', '[null]', '192.168.0.103', '2020-12-16 21:10:51');
INSERT INTO `sys_log` VALUES ('1339196288371470337', '1', 'admin', '用户管理-分页获取用户列表', '55', 'com.company.project.controller.UserController.pageInfo()', '[{}]', '192.168.0.103', '2020-12-16 21:10:51');
INSERT INTO `sys_log` VALUES ('1339197524323737602', '1', 'admin', '机构管理-树型组织列表', '33', 'com.company.project.controller.DeptController.getTree()', '[null]', '192.168.0.103', '2020-12-16 21:15:46');
INSERT INTO `sys_log` VALUES ('1339197524428595201', '1', 'admin', '用户管理-分页获取用户列表', '58', 'com.company.project.controller.UserController.pageInfo()', '[{}]', '192.168.0.103', '2020-12-16 21:15:46');
INSERT INTO `sys_log` VALUES ('1339197997357371394', '1', 'admin', '机构管理-树型组织列表', '50', 'com.company.project.controller.DeptController.getTree()', '[null]', '192.168.0.103', '2020-12-16 21:17:38');
INSERT INTO `sys_log` VALUES ('1339197997424480257', '1', 'admin', '用户管理-分页获取用户列表', '51', 'com.company.project.controller.UserController.pageInfo()', '[{}]', '192.168.0.103', '2020-12-16 21:17:38');
INSERT INTO `sys_log` VALUES ('1339198250173288449', '1', 'admin', '机构管理-树型组织列表', '32', 'com.company.project.controller.DeptController.getTree()', '[null]', '192.168.0.103', '2020-12-16 21:18:39');
INSERT INTO `sys_log` VALUES ('1339198250252980225', '1', 'admin', '用户管理-分页获取用户列表', '63', 'com.company.project.controller.UserController.pageInfo()', '[{}]', '192.168.0.103', '2020-12-16 21:18:39');
INSERT INTO `sys_log` VALUES ('1339198803645239298', '1', 'admin', '机构管理-树型组织列表', '31', 'com.company.project.controller.DeptController.getTree()', '[null]', '192.168.0.103', '2020-12-16 21:20:51');
INSERT INTO `sys_log` VALUES ('1339198803691376641', '1', 'admin', '用户管理-分页获取用户列表', '49', 'com.company.project.controller.UserController.pageInfo()', '[{}]', '192.168.0.103', '2020-12-16 21:20:51');
INSERT INTO `sys_log` VALUES ('1339200302676914177', '1', 'admin', '机构管理-树型组织列表', '68', 'com.company.project.controller.DeptController.getTree()', '[null]', '192.168.0.103', '2020-12-16 21:26:48');
INSERT INTO `sys_log` VALUES ('1339200302676914178', '1', 'admin', '用户管理-分页获取用户列表', '51', 'com.company.project.controller.UserController.pageInfo()', '[{}]', '192.168.0.103', '2020-12-16 21:26:48');
INSERT INTO `sys_log` VALUES ('1339201232163983362', '1', 'admin', '用户管理-分页获取用户列表', '48', 'com.company.project.controller.UserController.pageInfo()', '[{}]', '192.168.0.103', '2020-12-16 21:30:30');
INSERT INTO `sys_log` VALUES ('1339201232163983363', '1', 'admin', '机构管理-树型组织列表', '33', 'com.company.project.controller.DeptController.getTree()', '[null]', '192.168.0.103', '2020-12-16 21:30:30');
INSERT INTO `sys_log` VALUES ('1339201569625145345', '1', 'admin', '机构管理-树型组织列表', '42', 'com.company.project.controller.DeptController.getTree()', '[null]', '192.168.0.103', '2020-12-16 21:31:50');
INSERT INTO `sys_log` VALUES ('1339201569625145346', '1', 'admin', '用户管理-分页获取用户列表', '63', 'com.company.project.controller.UserController.pageInfo()', '[{}]', '192.168.0.103', '2020-12-16 21:31:50');
INSERT INTO `sys_log` VALUES ('1339201808943702018', '1', 'admin', '机构管理-树型组织列表', '32', 'com.company.project.controller.DeptController.getTree()', '[null]', '192.168.0.103', '2020-12-16 21:32:47');
INSERT INTO `sys_log` VALUES ('1339201808943702019', '1', 'admin', '用户管理-分页获取用户列表', '44', 'com.company.project.controller.UserController.pageInfo()', '[{}]', '192.168.0.103', '2020-12-16 21:32:47');
INSERT INTO `sys_log` VALUES ('1339202113412423682', '1', 'admin', '用户管理-更新用户信息', '69', 'com.company.project.controller.UserController.updateUserInfo()', '[{\"deptId\":\"1\",\"deptName\":\"立信中学\",\"email\":\"xxxxxx@163.com\",\"id\":\"1\",\"major\":\"\",\"phone\":\"13888888888\",\"qualificationImg\":\"http://localhost:8080/files/20201216/7b3adef0b8154b8b9f11c0fda230d1d1.png\",\"realName\":\"爱糖宝\",\"status\":1,\"university\":\"\",\"updateId\":\"1\",\"updateTime\":1608125639603,\"username\":\"admin\"}]', '192.168.0.103', '2020-12-16 21:34:00');
INSERT INTO `sys_log` VALUES ('1339202113781522434', '1', 'admin', '用户管理-分页获取用户列表', '20', 'com.company.project.controller.UserController.pageInfo()', '[{\"nickName\":\"\",\"username\":\"\"}]', '192.168.0.103', '2020-12-16 21:34:00');
INSERT INTO `sys_log` VALUES ('1339202359420936194', '1', 'admin', '用户管理-更新用户信息', '39', 'com.company.project.controller.UserController.updateUserInfo()', '[{\"deptId\":\"1\",\"deptName\":\"立信中学\",\"education\":2,\"email\":\"xxxxxx@163.com\",\"id\":\"1\",\"major\":\"软件工程\",\"phone\":\"13888888888\",\"qualificationImg\":\"http://localhost:8080/files/20201216/7b3adef0b8154b8b9f11c0fda230d1d1.png\",\"realName\":\"爱糖宝\",\"status\":1,\"university\":\"四川大学\",\"updateId\":\"1\",\"updateTime\":1608125698283,\"username\":\"admin\"}]', '192.168.0.103', '2020-12-16 21:34:58');
INSERT INTO `sys_log` VALUES ('1339202359769063425', '1', 'admin', '用户管理-分页获取用户列表', '24', 'com.company.project.controller.UserController.pageInfo()', '[{\"nickName\":\"\",\"username\":\"\"}]', '192.168.0.103', '2020-12-16 21:34:58');
INSERT INTO `sys_log` VALUES ('1339203256121188353', '1', 'admin', '用户管理-分页获取用户列表', '21', 'com.company.project.controller.UserController.pageInfo()', '[{\"deptNo\":\"D000002\",\"nickName\":\"\",\"username\":\"\"}]', '192.168.0.103', '2020-12-16 21:38:32');
INSERT INTO `sys_log` VALUES ('1339203259891867650', '1', 'admin', '用户管理-分页获取用户列表', '18', 'com.company.project.controller.UserController.pageInfo()', '[{\"deptNo\":\"D000003\",\"nickName\":\"\",\"username\":\"\"}]', '192.168.0.103', '2020-12-16 21:38:33');
INSERT INTO `sys_log` VALUES ('1339208141235458049', '1', 'admin', '机构管理-树型组织列表', '27', 'com.company.project.controller.DeptController.getTree()', '[null]', '192.168.0.103', '2020-12-16 21:57:57');
INSERT INTO `sys_log` VALUES ('1339208141344509954', '1', 'admin', '用户管理-分页获取用户列表', '52', 'com.company.project.controller.UserController.pageInfo()', '[{}]', '192.168.0.103', '2020-12-16 21:57:57');
INSERT INTO `sys_log` VALUES ('1339209081183166466', '1', 'admin', '机构管理-树型组织列表', '26', 'com.company.project.controller.DeptController.getTree()', '[null]', '192.168.0.103', '2020-12-16 22:01:41');
INSERT INTO `sys_log` VALUES ('1339209081388687361', '1', 'admin', '用户管理-分页获取用户列表', '59', 'com.company.project.controller.UserController.pageInfo()', '[{}]', '192.168.0.103', '2020-12-16 22:01:41');
INSERT INTO `sys_log` VALUES ('1339209494271815681', '1', 'admin', '机构管理-树型组织列表', '32', 'com.company.project.controller.DeptController.getTree()', '[null]', '192.168.0.103', '2020-12-16 22:03:19');
INSERT INTO `sys_log` VALUES ('1339209494385061889', '1', 'admin', '用户管理-分页获取用户列表', '58', 'com.company.project.controller.UserController.pageInfo()', '[{}]', '192.168.0.103', '2020-12-16 22:03:19');
INSERT INTO `sys_log` VALUES ('1339210471716638722', '1', 'admin', '机构管理-树型组织列表', '29', 'com.company.project.controller.DeptController.getTree()', '[null]', '192.168.0.103', '2020-12-16 22:07:12');
INSERT INTO `sys_log` VALUES ('1339210471896993793', '1', 'admin', '用户管理-分页获取用户列表', '46', 'com.company.project.controller.UserController.pageInfo()', '[{}]', '192.168.0.103', '2020-12-16 22:07:12');
INSERT INTO `sys_log` VALUES ('1339409816827080706', '1', 'admin', '菜单权限管理-获取所有菜单权限', '511', 'com.company.project.controller.PermissionController.getAllMenusPermission()', null, '192.168.0.100', '2020-12-17 11:19:20');
INSERT INTO `sys_log` VALUES ('1339409838691987458', '1', 'admin', '菜单权限管理-获取所有目录菜单树', '419', 'com.company.project.controller.PermissionController.getAllMenusPermissionTree()', '[\"\"]', '192.168.0.100', '2020-12-17 11:19:25');
INSERT INTO `sys_log` VALUES ('1339410050206543874', '1', 'admin', '菜单权限管理-获取所有目录菜单树', '316', 'com.company.project.controller.PermissionController.getAllMenusPermissionTree()', '[\"\"]', '192.168.0.100', '2020-12-17 11:20:16');
INSERT INTO `sys_log` VALUES ('1339410383313973249', '1', 'admin', '菜单权限管理-新增菜单权限', '23', 'com.company.project.controller.PermissionController.addPermission()', '[{\"createTime\":1608175295056,\"deleted\":1,\"icon\":\"\",\"id\":\"1339410383213309953\",\"name\":\"获取类型列表\",\"orderNum\":10,\"perms\":\"sys:sysDict:list\",\"pid\":\"45\",\"pidName\":\"字典管理\",\"status\":1,\"target\":\"_self\",\"type\":3,\"updateTime\":1608175295056,\"url\":\"sysDict/getTypeByNameAndValueLike\"}]', '192.168.0.100', '2020-12-17 11:21:35');
INSERT INTO `sys_log` VALUES ('1339410384928780290', '1', 'admin', '菜单权限管理-获取所有菜单权限', '352', 'com.company.project.controller.PermissionController.getAllMenusPermission()', null, '192.168.0.100', '2020-12-17 11:21:35');
INSERT INTO `sys_log` VALUES ('1339410404952387586', '1', 'admin', '角色管理-分页获取角色信息', '31', 'com.company.project.controller.RoleController.pageInfo()', '[{}]', '192.168.0.100', '2020-12-17 11:21:40');
INSERT INTO `sys_log` VALUES ('1339410416625135617', '1', 'admin', '角色管理-查询角色详情', '347', 'com.company.project.controller.RoleController.detailInfo()', '[\"1331087516021194754\"]', '192.168.0.100', '2020-12-17 11:21:43');
INSERT INTO `sys_log` VALUES ('1339410451215560706', '1', 'admin', '角色管理-查询角色详情', '305', 'com.company.project.controller.RoleController.detailInfo()', '[\"1\"]', '192.168.0.100', '2020-12-17 11:21:51');
INSERT INTO `sys_log` VALUES ('1339410499076763649', '1', 'admin', '角色管理-更新角色信息', '182', 'com.company.project.controller.RoleController.updateDept()', '[{\"description\":\"拥有所有权限-不能删除\",\"id\":\"1\",\"name\":\"超级管理员\",\"permissions\":[\"51\",\"11\",\"17\",\"26\",\"40\",\"43\",\"44\",\"53\",\"3\",\"19\",\"36\",\"1311115974068449281\",\"13\",\"39\",\"41\",\"5\",\"9\",\"12\",\"22\",\"38\",\"1334806348645957634\",\"784480084756004864\",\"784480084756004865\",\"784480084756004866\",\"784480084756004867\",\"784480084756004868\",\"784480084814725120\",\"784480084814725121\",\"784480084814725122\",\"784480084814725123\",\"784480084814725124\",\"784480084932165632\",\"784480084932165633\",\"784480084932165634\",\"784480084932165635\",\"784480084932165636\",\"1335060861890002945\",\"784480085104132096\",\"784480085104132097\",\"784480085104132098\",\"784480085104132099\",\"784480085104132100\",\"1334806894995996673\",\"784480084391100416\",\"784480084391100417\",\"784480084391100418\",\"784480084391100419\",\"784480084391100420\",\"784480084634370048\",\"784480084634370049\",\"784480084634370050\",\"784480084634370051\",\"784480084634370052\",\"24\",\"10\",\"23\",\"25\",\"42\",\"52\",\"56\",\"57\",\"1334807138768945153\",\"784480084567261184\",\"784480084567261185\",\"784480084567261186\",\"784480084567261187\",\"784480084567261188\",\"784480084693090304\",\"784480084693090305\",\"784480084693090306\",\"784480084693090307\",\"784480084693090308\",\"784480084877639680\",\"784480084877639681\",\"784480084877639682\",\"784480084877639683\",\"784480084877639684\",\"784480085049606144\",\"784480085049606145\",\"784480085049606146\",\"784480085049606147\",\"784480085049606148\",\"1334808583455014914\",\"1334808090397802498\",\"784480083837452288\",\"784480083837452289\",\"784480083837452290\",\"784480083837452291\",\"784480083837452292\",\"784480084034584576\",\"784480084034584577\",\"784480084034584578\",\"784480084034584579\",\"784480084034584580\",\"784480084118470656\",\"784480084118470657\",\"784480084118470658\",\"784480084118470659\",\"784480084118470660\",\"784480084189773824\",\"784480084189773825\",\"784480084189773826\",\"784480084189773827\",\"784480084189773828\",\"784480084256882688\",\"784480084256882689\",\"784480084256882690\",\"784480084256882691\",\"784480084256882692\",\"784480084319797248\",\"784480084319797249\",\"784480084319797250\",\"784480084319797251\",\"784480084319797252\",\"1334808707124068353\",\"1334822791945027585\",\"784480084491763712\",\"784480084491763713\",\"784480084491763714\",\"784480084491763715\",\"784480084491763716\",\"784480084986691584\",\"784480084986691585\",\"784480084986691586\",\"784480084986691587\",\"784480084986691588\",\"54\",\"15\",\"1\",\"4\",\"16\",\"20\",\"27\",\"28\",\"29\",\"30\",\"31\",\"32\",\"33\",\"34\",\"35\",\"45\",\"46\",\"47\",\"48\",\"49\",\"1339410383213309953\",\"59\",\"60\",\"61\",\"62\",\"63\",\"55\",\"18\",\"14\",\"8\",\"7\",\"58\",\"21\",\"50\",\"2\",\"6\"],\"status\":1,\"updateTime\":1608175322505}]', '192.168.0.100', '2020-12-17 11:22:03');
INSERT INTO `sys_log` VALUES ('1339410499911430145', '1', 'admin', '角色管理-分页获取角色信息', '4', 'com.company.project.controller.RoleController.pageInfo()', '[{\"name\":\"\"}]', '192.168.0.100', '2020-12-17 11:22:03');
INSERT INTO `sys_log` VALUES ('1339410720540241922', '1', 'admin', '菜单权限管理-获取所有菜单权限', '439', 'com.company.project.controller.PermissionController.getAllMenusPermission()', null, '192.168.0.100', '2020-12-17 11:22:55');
INSERT INTO `sys_log` VALUES ('1339410772000157697', '1', 'admin', '菜单权限管理-获取所有目录菜单树', '341', 'com.company.project.controller.PermissionController.getAllMenusPermissionTree()', '[\"1339410383213309953\"]', '192.168.0.100', '2020-12-17 11:23:08');
INSERT INTO `sys_log` VALUES ('1339410787225481218', '1', 'admin', '菜单权限管理-更新菜单权限', '19', 'com.company.project.controller.PermissionController.updatePermission()', '[{\"icon\":\"\",\"id\":\"1339410383213309953\",\"name\":\"获取类型列表\",\"orderNum\":10,\"perms\":\"sysDict:list\",\"pid\":\"45\",\"pidName\":\"字典管理\",\"status\":1,\"target\":\"_self\",\"type\":3,\"updateTime\":1608175391359,\"url\":\"sysDict/getTypeByNameAndValueLike\"}]', '192.168.0.100', '2020-12-17 11:23:11');
INSERT INTO `sys_log` VALUES ('1339410788735430658', '1', 'admin', '菜单权限管理-获取所有菜单权限', '328', 'com.company.project.controller.PermissionController.getAllMenusPermission()', null, '192.168.0.100', '2020-12-17 11:23:12');
INSERT INTO `sys_log` VALUES ('1339411031820513282', '1', 'admin', '机构管理-获取所有组织机构', '40', 'com.company.project.controller.DeptController.getDeptAll()', null, '192.168.0.100', '2020-12-17 11:24:10');
INSERT INTO `sys_log` VALUES ('1339548831949680642', '1', 'admin', '菜单权限管理-获取所有菜单权限', '484', 'com.company.project.controller.PermissionController.getAllMenusPermission()', null, '192.168.0.101', '2020-12-17 20:31:44');
INSERT INTO `sys_log` VALUES ('1339548839365210114', '1', 'admin', '菜单权限管理-获取所有目录菜单树', '343', 'com.company.project.controller.PermissionController.getAllMenusPermissionTree()', '[\"\"]', '192.168.0.101', '2020-12-17 20:31:46');
INSERT INTO `sys_log` VALUES ('1339549078314708993', '1', 'admin', '菜单权限管理-新增菜单权限', '12', 'com.company.project.controller.PermissionController.addPermission()', '[{\"createTime\":1608208362527,\"deleted\":1,\"icon\":\"\",\"id\":\"1339549078235017217\",\"name\":\"ClassID获取课程信息\",\"orderNum\":10,\"perms\":\"dlCourse:getCourseListByClassId\",\"pid\":\"784480084491763712\",\"pidName\":\"课程管理\",\"status\":1,\"target\":\"_self\",\"type\":3,\"updateTime\":1608208362527,\"url\":\"dlCourse/getCourseListByClassId\"}]', '192.168.0.101', '2020-12-17 20:32:43');
INSERT INTO `sys_log` VALUES ('1339549080038567938', '1', 'admin', '菜单权限管理-获取所有菜单权限', '358', 'com.company.project.controller.PermissionController.getAllMenusPermission()', null, '192.168.0.101', '2020-12-17 20:32:43');
INSERT INTO `sys_log` VALUES ('1339549102721363970', '1', 'admin', '角色管理-分页获取角色信息', '27', 'com.company.project.controller.RoleController.pageInfo()', '[{}]', '192.168.0.101', '2020-12-17 20:32:48');
INSERT INTO `sys_log` VALUES ('1339549112175325185', '1', 'admin', '角色管理-查询角色详情', '369', 'com.company.project.controller.RoleController.detailInfo()', '[\"1\"]', '192.168.0.101', '2020-12-17 20:32:51');
INSERT INTO `sys_log` VALUES ('1339549198183723009', '1', 'admin', '角色管理-更新角色信息', '202', 'com.company.project.controller.RoleController.updateDept()', '[{\"description\":\"拥有所有权限-不能删除\",\"id\":\"1\",\"name\":\"超级管理员\",\"permissions\":[\"51\",\"11\",\"17\",\"26\",\"40\",\"43\",\"44\",\"53\",\"3\",\"19\",\"36\",\"1311115974068449281\",\"13\",\"39\",\"41\",\"5\",\"9\",\"12\",\"22\",\"38\",\"1334806348645957634\",\"784480084756004864\",\"784480084756004865\",\"784480084756004866\",\"784480084756004867\",\"784480084756004868\",\"784480084814725120\",\"784480084814725121\",\"784480084814725122\",\"784480084814725123\",\"784480084814725124\",\"784480084932165632\",\"784480084932165633\",\"784480084932165634\",\"784480084932165635\",\"784480084932165636\",\"1335060861890002945\",\"784480085104132096\",\"784480085104132097\",\"784480085104132098\",\"784480085104132099\",\"784480085104132100\",\"1334806894995996673\",\"784480084391100416\",\"784480084391100417\",\"784480084391100418\",\"784480084391100419\",\"784480084391100420\",\"784480084634370048\",\"784480084634370049\",\"784480084634370050\",\"784480084634370051\",\"784480084634370052\",\"24\",\"10\",\"23\",\"25\",\"42\",\"52\",\"56\",\"57\",\"1334807138768945153\",\"784480084567261184\",\"784480084567261185\",\"784480084567261186\",\"784480084567261187\",\"784480084567261188\",\"784480084693090304\",\"784480084693090305\",\"784480084693090306\",\"784480084693090307\",\"784480084693090308\",\"784480084877639680\",\"784480084877639681\",\"784480084877639682\",\"784480084877639683\",\"784480084877639684\",\"784480085049606144\",\"784480085049606145\",\"784480085049606146\",\"784480085049606147\",\"784480085049606148\",\"1334808583455014914\",\"1334808090397802498\",\"784480083837452288\",\"784480083837452289\",\"784480083837452290\",\"784480083837452291\",\"784480083837452292\",\"784480084034584576\",\"784480084034584577\",\"784480084034584578\",\"784480084034584579\",\"784480084034584580\",\"784480084118470656\",\"784480084118470657\",\"784480084118470658\",\"784480084118470659\",\"784480084118470660\",\"784480084189773824\",\"784480084189773825\",\"784480084189773826\",\"784480084189773827\",\"784480084189773828\",\"784480084256882688\",\"784480084256882689\",\"784480084256882690\",\"784480084256882691\",\"784480084256882692\",\"784480084319797248\",\"784480084319797249\",\"784480084319797250\",\"784480084319797251\",\"784480084319797252\",\"1334808707124068353\",\"1334822791945027585\",\"784480084491763712\",\"784480084491763713\",\"784480084491763714\",\"784480084491763715\",\"784480084491763716\",\"1339549078235017217\",\"784480084986691584\",\"784480084986691585\",\"784480084986691586\",\"784480084986691587\",\"784480084986691588\",\"54\",\"15\",\"1\",\"4\",\"16\",\"20\",\"27\",\"28\",\"29\",\"30\",\"31\",\"32\",\"33\",\"34\",\"35\",\"45\",\"46\",\"47\",\"48\",\"49\",\"1339410383213309953\",\"59\",\"60\",\"61\",\"62\",\"63\",\"55\",\"18\",\"14\",\"8\",\"7\",\"58\",\"21\",\"50\",\"2\",\"6\"],\"status\":1,\"updateTime\":1608208390938}]', '192.168.0.101', '2020-12-17 20:33:11');
INSERT INTO `sys_log` VALUES ('1339549198980640770', '1', 'admin', '角色管理-分页获取角色信息', '4', 'com.company.project.controller.RoleController.pageInfo()', '[{\"name\":\"\"}]', '192.168.0.101', '2020-12-17 20:33:11');
INSERT INTO `sys_log` VALUES ('1339756036883881985', '1', 'admin', '菜单权限管理-获取所有菜单权限', '505', 'com.company.project.controller.PermissionController.getAllMenusPermission()', null, '192.168.43.71', '2020-12-18 10:15:05');
INSERT INTO `sys_log` VALUES ('1339756078441046017', '1', 'admin', '菜单权限管理-获取所有目录菜单树', '359', 'com.company.project.controller.PermissionController.getAllMenusPermissionTree()', '[\"784480084567261184\"]', '192.168.43.71', '2020-12-18 10:15:15');
INSERT INTO `sys_log` VALUES ('1339758622328365057', '1', 'admin', '菜单权限管理-获取所有菜单权限', '385', 'com.company.project.controller.PermissionController.getAllMenusPermission()', null, '192.168.43.71', '2020-12-18 10:25:22');
INSERT INTO `sys_log` VALUES ('1339758799911002113', '1', 'admin', '菜单权限管理-获取所有目录菜单树', '313', 'com.company.project.controller.PermissionController.getAllMenusPermissionTree()', '[\"789437171000934400\"]', '192.168.43.71', '2020-12-18 10:26:04');
INSERT INTO `sys_log` VALUES ('1339758951312793602', '1', 'admin', '菜单权限管理-更新菜单权限', '21', 'com.company.project.controller.PermissionController.updatePermission()', '[{\"icon\":\"\",\"id\":\"789437171000934400\",\"name\":\"试题类型管理\",\"orderNum\":10,\"perms\":\"\",\"pid\":\"1334807138768945153\",\"pidName\":\"试题管理\",\"status\":1,\"target\":\"_self\",\"type\":2,\"updateTime\":1608258400145,\"url\":\"/index/dlQuestionType\"}]', '192.168.43.71', '2020-12-18 10:26:40');
INSERT INTO `sys_log` VALUES ('1339758952726274050', '1', 'admin', '菜单权限管理-获取所有菜单权限', '312', 'com.company.project.controller.PermissionController.getAllMenusPermission()', null, '192.168.43.71', '2020-12-18 10:26:41');
INSERT INTO `sys_log` VALUES ('1339758973093814273', '1', 'admin', '角色管理-分页获取角色信息', '12', 'com.company.project.controller.RoleController.pageInfo()', '[{}]', '192.168.43.71', '2020-12-18 10:26:45');
INSERT INTO `sys_log` VALUES ('1339758980211548162', '1', 'admin', '角色管理-查询角色详情', '335', 'com.company.project.controller.RoleController.detailInfo()', '[\"1\"]', '192.168.43.71', '2020-12-18 10:26:47');
INSERT INTO `sys_log` VALUES ('1339759058280128513', '1', 'admin', '角色管理-更新角色信息', '166', 'com.company.project.controller.RoleController.updateDept()', '[{\"description\":\"拥有所有权限-不能删除\",\"id\":\"1\",\"name\":\"超级管理员\",\"permissions\":[\"51\",\"11\",\"17\",\"26\",\"40\",\"43\",\"44\",\"53\",\"3\",\"19\",\"36\",\"1311115974068449281\",\"13\",\"39\",\"41\",\"5\",\"9\",\"12\",\"22\",\"38\",\"1334806348645957634\",\"784480084756004864\",\"784480084756004865\",\"784480084756004866\",\"784480084756004867\",\"784480084756004868\",\"784480084814725120\",\"784480084814725121\",\"784480084814725122\",\"784480084814725123\",\"784480084814725124\",\"784480084932165632\",\"784480084932165633\",\"784480084932165634\",\"784480084932165635\",\"784480084932165636\",\"1335060861890002945\",\"784480085104132096\",\"784480085104132097\",\"784480085104132098\",\"784480085104132099\",\"784480085104132100\",\"1334806894995996673\",\"784480084391100416\",\"784480084391100417\",\"784480084391100418\",\"784480084391100419\",\"784480084391100420\",\"784480084634370048\",\"784480084634370049\",\"784480084634370050\",\"784480084634370051\",\"784480084634370052\",\"24\",\"10\",\"23\",\"25\",\"42\",\"52\",\"56\",\"57\",\"1334807138768945153\",\"784480084567261184\",\"784480084567261185\",\"784480084567261186\",\"784480084567261187\",\"784480084567261188\",\"784480084693090304\",\"784480084693090305\",\"784480084693090306\",\"784480084693090307\",\"784480084693090308\",\"784480084877639680\",\"784480084877639681\",\"784480084877639682\",\"784480084877639683\",\"784480084877639684\",\"784480085049606144\",\"784480085049606145\",\"784480085049606146\",\"784480085049606147\",\"784480085049606148\",\"789437171000934400\",\"789437171000934401\",\"789437171000934402\",\"789437171000934403\",\"789437171000934404\",\"1334808583455014914\",\"1334808090397802498\",\"784480083837452288\",\"784480083837452289\",\"784480083837452290\",\"784480083837452291\",\"784480083837452292\",\"784480084034584576\",\"784480084034584577\",\"784480084034584578\",\"784480084034584579\",\"784480084034584580\",\"784480084118470656\",\"784480084118470657\",\"784480084118470658\",\"784480084118470659\",\"784480084118470660\",\"784480084189773824\",\"784480084189773825\",\"784480084189773826\",\"784480084189773827\",\"784480084189773828\",\"784480084256882688\",\"784480084256882689\",\"784480084256882690\",\"784480084256882691\",\"784480084256882692\",\"784480084319797248\",\"784480084319797249\",\"784480084319797250\",\"784480084319797251\",\"784480084319797252\",\"1334808707124068353\",\"1334822791945027585\",\"784480084491763712\",\"784480084491763713\",\"784480084491763714\",\"784480084491763715\",\"784480084491763716\",\"1339549078235017217\",\"784480084986691584\",\"784480084986691585\",\"784480084986691586\",\"784480084986691587\",\"784480084986691588\",\"54\",\"15\",\"1\",\"4\",\"16\",\"20\",\"27\",\"28\",\"29\",\"30\",\"31\",\"32\",\"33\",\"34\",\"35\",\"45\",\"46\",\"47\",\"48\",\"49\",\"1339410383213309953\",\"59\",\"60\",\"61\",\"62\",\"63\",\"55\",\"18\",\"14\",\"8\",\"7\",\"58\",\"21\",\"50\",\"2\",\"6\"],\"status\":1,\"updateTime\":1608258425515}]', '192.168.43.71', '2020-12-18 10:27:06');
INSERT INTO `sys_log` VALUES ('1339759058854748161', '1', 'admin', '角色管理-分页获取角色信息', '2', 'com.company.project.controller.RoleController.pageInfo()', '[{\"name\":\"\"}]', '192.168.43.71', '2020-12-18 10:27:06');
INSERT INTO `sys_log` VALUES ('1340026476103483393', '1', 'admin', '机构管理-树型组织列表', '35', 'com.company.project.controller.DeptController.getTree()', '[null]', '0:0:0:0:0:0:0:1', '2020-12-19 04:09:43');
INSERT INTO `sys_log` VALUES ('1340026476103483394', '1', 'admin', '用户管理-分页获取用户列表', '30', 'com.company.project.controller.UserController.pageInfo()', '[{}]', '0:0:0:0:0:0:0:1', '2020-12-19 04:09:43');
INSERT INTO `sys_log` VALUES ('1340144029958184962', '1', 'admin', '菜单权限管理-获取所有菜单权限', '475', 'com.company.project.controller.PermissionController.getAllMenusPermission()', null, '0:0:0:0:0:0:0:1', '2020-12-19 11:56:50');
INSERT INTO `sys_log` VALUES ('1340209201112453122', '1', 'admin', '机构管理-树型组织列表', '43', 'com.company.project.controller.DeptController.getTree()', '[null]', '0:0:0:0:0:0:0:1', '2020-12-19 16:15:48');
INSERT INTO `sys_log` VALUES ('1340209201112453123', '1', 'admin', '用户管理-分页获取用户列表', '50', 'com.company.project.controller.UserController.pageInfo()', '[{}]', '0:0:0:0:0:0:0:1', '2020-12-19 16:15:48');
INSERT INTO `sys_log` VALUES ('1340259432122286081', '1', 'admin', '机构管理-获取所有组织机构', '23', 'com.company.project.controller.DeptController.getDeptAll()', null, '0:0:0:0:0:0:0:1', '2020-12-19 19:35:24');
INSERT INTO `sys_log` VALUES ('1340259438350827522', '1', 'admin', '角色管理-分页获取角色信息', '29', 'com.company.project.controller.RoleController.pageInfo()', '[{}]', '0:0:0:0:0:0:0:1', '2020-12-19 19:35:26');
INSERT INTO `sys_log` VALUES ('1340259448203247617', '1', 'admin', '菜单权限管理-获取所有菜单权限', '465', 'com.company.project.controller.PermissionController.getAllMenusPermission()', null, '0:0:0:0:0:0:0:1', '2020-12-19 19:35:28');
INSERT INTO `sys_log` VALUES ('1340259534425554945', '1', 'admin', '菜单权限管理-获取所有菜单权限', '352', 'com.company.project.controller.PermissionController.getAllMenusPermission()', null, '0:0:0:0:0:0:0:1', '2020-12-19 19:35:48');
INSERT INTO `sys_log` VALUES ('1340483090744639489', '1', 'admin', '菜单权限管理-获取所有菜单权限', '491', 'com.company.project.controller.PermissionController.getAllMenusPermission()', null, '10.10.25.254', '2020-12-20 10:24:08');
INSERT INTO `sys_log` VALUES ('1340484500060200962', '1', 'admin', '菜单权限管理-获取所有菜单权限', '463', 'com.company.project.controller.PermissionController.getAllMenusPermission()', null, '10.10.25.254', '2020-12-20 10:29:44');
INSERT INTO `sys_log` VALUES ('1340484621661462530', '1', 'admin', '机构管理-树型组织列表', '27', 'com.company.project.controller.DeptController.getTree()', '[null]', '10.10.25.254', '2020-12-20 10:30:13');
INSERT INTO `sys_log` VALUES ('1340484621661462531', '1', 'admin', '用户管理-分页获取用户列表', '24', 'com.company.project.controller.UserController.pageInfo()', '[{}]', '10.10.25.254', '2020-12-20 10:30:13');
INSERT INTO `sys_log` VALUES ('1340861732406779906', '1', 'admin', '菜单权限管理-获取所有菜单权限', '467', 'com.company.project.controller.PermissionController.getAllMenusPermission()', null, '10.10.25.254', '2020-12-21 11:28:44');
INSERT INTO `sys_log` VALUES ('1340915920226578434', '1', 'admin', '角色管理-分页获取角色信息', '24', 'com.company.project.controller.RoleController.pageInfo()', '[{}]', '10.10.25.254', '2020-12-21 15:04:03');
INSERT INTO `sys_log` VALUES ('1340915926157324290', '1', 'admin', '机构管理-获取所有组织机构', '31', 'com.company.project.controller.DeptController.getDeptAll()', null, '10.10.25.254', '2020-12-21 15:04:04');
INSERT INTO `sys_log` VALUES ('1340915933816123394', '1', 'admin', '菜单权限管理-获取所有菜单权限', '393', 'com.company.project.controller.PermissionController.getAllMenusPermission()', null, '10.10.25.254', '2020-12-21 15:04:06');
INSERT INTO `sys_log` VALUES ('1340915939142889474', '1', 'admin', '角色管理-分页获取角色信息', '11', 'com.company.project.controller.RoleController.pageInfo()', '[{}]', '10.10.25.254', '2020-12-21 15:04:08');
INSERT INTO `sys_log` VALUES ('1340915952950538241', '1', 'admin', '角色管理-查询角色详情', '390', 'com.company.project.controller.RoleController.detailInfo()', '[\"1331087516021194754\"]', '10.10.25.254', '2020-12-21 15:04:11');
INSERT INTO `sys_log` VALUES ('1340916022030725121', '1', 'admin', '角色管理-分页获取角色信息', '3', 'com.company.project.controller.RoleController.pageInfo()', '[{}]', '10.10.25.254', '2020-12-21 15:04:27');
INSERT INTO `sys_log` VALUES ('1340916032302575618', '1', 'admin', '机构管理-获取所有组织机构', '12', 'com.company.project.controller.DeptController.getDeptAll()', null, '10.10.25.254', '2020-12-21 15:04:30');
INSERT INTO `sys_log` VALUES ('1340916039885877250', '1', 'admin', '机构管理-树型组织列表', '17', 'com.company.project.controller.DeptController.getTree()', '[\"1\"]', '10.10.25.254', '2020-12-21 15:04:32');
INSERT INTO `sys_log` VALUES ('1340916078662217730', '1', 'admin', '角色管理-分页获取角色信息', '11', 'com.company.project.controller.RoleController.pageInfo()', '[{}]', '10.10.25.254', '2020-12-21 15:04:41');
INSERT INTO `sys_log` VALUES ('1340916089487716353', '1', 'admin', '角色管理-查询角色详情', '335', 'com.company.project.controller.RoleController.detailInfo()', '[\"1331087516021194754\"]', '10.10.25.254', '2020-12-21 15:04:43');
INSERT INTO `sys_log` VALUES ('1340916166130233345', '1', 'admin', '菜单权限管理-获取所有菜单权限', '288', 'com.company.project.controller.PermissionController.getAllMenusPermission()', null, '10.10.25.254', '2020-12-21 15:05:02');
INSERT INTO `sys_log` VALUES ('1340916180306980866', '1', 'admin', '菜单权限管理-获取所有目录菜单树', '300', 'com.company.project.controller.PermissionController.getAllMenusPermissionTree()', '[\"51\"]', '10.10.25.254', '2020-12-21 15:05:05');
INSERT INTO `sys_log` VALUES ('1340916196132089858', '1', 'admin', '机构管理-获取所有组织机构', '11', 'com.company.project.controller.DeptController.getDeptAll()', null, '10.10.25.254', '2020-12-21 15:05:09');
INSERT INTO `sys_log` VALUES ('1340916203690225666', '1', 'admin', '机构管理-树型组织列表', '6', 'com.company.project.controller.DeptController.getTree()', '[\"1331121875856035841\"]', '10.10.25.254', '2020-12-21 15:05:11');
INSERT INTO `sys_log` VALUES ('1340916330446286849', '1', 'admin', '机构管理-树型组织列表', '5', 'com.company.project.controller.DeptController.getTree()', '[null]', '10.10.25.254', '2020-12-21 15:05:41');
INSERT INTO `sys_log` VALUES ('1340916330731499522', '1', 'admin', '用户管理-分页获取用户列表', '38', 'com.company.project.controller.UserController.pageInfo()', '[{}]', '10.10.25.254', '2020-12-21 15:05:41');
INSERT INTO `sys_log` VALUES ('1340916342974672897', '1', 'admin', '用户管理-赋予角色-获取所有角色接口', '12', 'com.company.project.controller.UserController.getUserOwnRole()', '[\"1339193680802070530\"]', '10.10.25.254', '2020-12-21 15:05:44');
INSERT INTO `sys_log` VALUES ('1340916364134936578', '1', 'admin', '用户管理-赋予角色-获取所有角色接口', '4', 'com.company.project.controller.UserController.getUserOwnRole()', '[\"2\"]', '10.10.25.254', '2020-12-21 15:05:49');
INSERT INTO `sys_log` VALUES ('1340916467360952322', '1', 'admin', '用户管理-赋予角色-获取所有角色接口', '6', 'com.company.project.controller.UserController.getUserOwnRole()', '[\"1\"]', '10.10.25.254', '2020-12-21 15:06:14');
INSERT INTO `sys_log` VALUES ('1341142570398707714', '1', 'admin', '机构管理-获取所有组织机构', '35', 'com.company.project.controller.DeptController.getDeptAll()', null, '10.10.25.254', '2020-12-22 06:04:41');
INSERT INTO `sys_log` VALUES ('1341142588379688962', '1', 'admin', '角色管理-分页获取角色信息', '21', 'com.company.project.controller.RoleController.pageInfo()', '[{}]', '10.10.25.254', '2020-12-22 06:04:45');
INSERT INTO `sys_log` VALUES ('1341142596244008961', '1', 'admin', '菜单权限管理-获取所有菜单权限', '460', 'com.company.project.controller.PermissionController.getAllMenusPermission()', null, '10.10.25.254', '2020-12-22 06:04:47');
INSERT INTO `sys_log` VALUES ('1341142608449433601', '1', 'admin', '机构管理-获取所有组织机构', '22', 'com.company.project.controller.DeptController.getDeptAll()', null, '10.10.25.254', '2020-12-22 06:04:50');
INSERT INTO `sys_log` VALUES ('1341142643631255553', '1', 'admin', '机构管理-树型组织列表', '23', 'com.company.project.controller.DeptController.getTree()', '[null]', '10.10.25.254', '2020-12-22 06:04:58');
INSERT INTO `sys_log` VALUES ('1341142643719335937', '1', 'admin', '用户管理-分页获取用户列表', '23', 'com.company.project.controller.UserController.pageInfo()', '[{}]', '10.10.25.254', '2020-12-22 06:04:58');
INSERT INTO `sys_log` VALUES ('1341195477617856514', '1', 'admin', '机构管理-树型组织列表', '35', 'com.company.project.controller.DeptController.getTree()', '[null]', '10.10.25.254', '2020-12-22 09:34:55');
INSERT INTO `sys_log` VALUES ('1341195477735297026', '1', 'admin', '用户管理-分页获取用户列表', '58', 'com.company.project.controller.UserController.pageInfo()', '[{}]', '10.10.25.254', '2020-12-22 09:34:55');
INSERT INTO `sys_log` VALUES ('1341293278646820866', '1', 'admin', '菜单权限管理-获取所有菜单权限', '264', 'com.company.project.controller.PermissionController.getAllMenusPermission()', null, '192.168.0.102', '2020-12-22 16:03:32');
INSERT INTO `sys_log` VALUES ('1341347364280762369', '1', 'admin', '机构管理-树型组织列表', '13', 'com.company.project.controller.DeptController.getTree()', '[null]', '192.168.0.102', '2020-12-22 19:38:27');
INSERT INTO `sys_log` VALUES ('1341347364280762370', '1', 'admin', '用户管理-分页获取用户列表', '16', 'com.company.project.controller.UserController.pageInfo()', '[{}]', '192.168.0.102', '2020-12-22 19:38:27');
INSERT INTO `sys_log` VALUES ('1341347517687431170', '1', 'admin', '用户管理-新增用户', '31', 'com.company.project.controller.UserController.addUser()', '[{\"createId\":\"1\",\"createTime\":1608637143876,\"createWhere\":1,\"deleted\":1,\"deptId\":\"\",\"deptName\":\"\",\"education\":3,\"email\":\"\",\"id\":\"1341347517557407746\",\"major\":\"软件工程\",\"password\":\"07c29b50382182cdf394d2c56d507a83\",\"phone\":\"12564678487\",\"qualificationImg\":\"\",\"realName\":\"李四\",\"salt\":\"f1aee20b396c4677b30b\",\"sex\":2,\"status\":1,\"university\":\"西华大学\",\"updateId\":\"1\",\"updateTime\":1608637143876,\"username\":\"1001\"}]', '192.168.0.102', '2020-12-22 19:39:03');
INSERT INTO `sys_log` VALUES ('1341347517876174849', '1', 'admin', '用户管理-分页获取用户列表', '11', 'com.company.project.controller.UserController.pageInfo()', '[{\"nickName\":\"\",\"username\":\"\"}]', '192.168.0.102', '2020-12-22 19:39:03');
INSERT INTO `sys_log` VALUES ('1341347664311910402', '1', 'admin', '用户管理-新增用户', '23', 'com.company.project.controller.UserController.addUser()', '[{\"createId\":\"1\",\"createTime\":1608637178839,\"createWhere\":1,\"deleted\":1,\"deptId\":\"\",\"deptName\":\"\",\"education\":3,\"email\":\"\",\"id\":\"1341347664207052802\",\"major\":\"\",\"password\":\"287395988b8b46b0d26baaa3be68c265\",\"phone\":\"185812253\",\"qualificationImg\":\"\",\"realName\":\"赵四\",\"salt\":\"7afa1509c75a48c192bd\",\"sex\":2,\"status\":1,\"university\":\"西华大学\",\"updateId\":\"1\",\"updateTime\":1608637178839,\"username\":\"1002\"}]', '192.168.0.102', '2020-12-22 19:39:38');
INSERT INTO `sys_log` VALUES ('1341347664467099649', '1', 'admin', '用户管理-分页获取用户列表', '11', 'com.company.project.controller.UserController.pageInfo()', '[{\"nickName\":\"\",\"username\":\"\"}]', '192.168.0.102', '2020-12-22 19:39:38');
INSERT INTO `sys_log` VALUES ('1341347778183069697', '1', 'admin', '用户管理-新增用户', '17', 'com.company.project.controller.UserController.addUser()', '[{\"createId\":\"1\",\"createTime\":1608637205992,\"createWhere\":1,\"deleted\":1,\"deptId\":\"1331121936392425474\",\"deptName\":\"小学部\",\"email\":\"\",\"id\":\"1341347778094989313\",\"major\":\"\",\"password\":\"f36f9c768098427559c7a6332189fae5\",\"phone\":\"1235861231\",\"qualificationImg\":\"\",\"realName\":\"王五\",\"salt\":\"2ee397ce16f4493ebeb6\",\"sex\":2,\"status\":1,\"university\":\"西华大学\",\"updateId\":\"1\",\"updateTime\":1608637205992,\"username\":\"1003\"}]', '192.168.0.102', '2020-12-22 19:40:06');
INSERT INTO `sys_log` VALUES ('1341347778363424770', '1', 'admin', '用户管理-分页获取用户列表', '15', 'com.company.project.controller.UserController.pageInfo()', '[{\"nickName\":\"\",\"username\":\"\"}]', '192.168.0.102', '2020-12-22 19:40:06');
INSERT INTO `sys_log` VALUES ('1341347842934734850', '1', 'admin', '用户管理-赋予角色-获取所有角色接口', '7', 'com.company.project.controller.UserController.getUserOwnRole()', '[\"1341347778094989313\"]', '192.168.0.102', '2020-12-22 19:40:21');
INSERT INTO `sys_log` VALUES ('1341347856121626626', '1', 'admin', '用户管理-赋予角色-用户赋予角色接口', '44', 'com.company.project.controller.UserController.setUserOwnRole()', '[\"1341347778094989313\",[\"1331087516021194754\"]]', '192.168.0.102', '2020-12-22 19:40:24');
INSERT INTO `sys_log` VALUES ('1341347856281010177', '1', 'admin', '用户管理-分页获取用户列表', '14', 'com.company.project.controller.UserController.pageInfo()', '[{\"nickName\":\"\",\"username\":\"\"}]', '192.168.0.102', '2020-12-22 19:40:24');
INSERT INTO `sys_log` VALUES ('1341347866875822081', '1', 'admin', '用户管理-赋予角色-获取所有角色接口', '2', 'com.company.project.controller.UserController.getUserOwnRole()', '[\"1341347664207052802\"]', '192.168.0.102', '2020-12-22 19:40:27');
INSERT INTO `sys_log` VALUES ('1341347876975706114', '1', 'admin', '用户管理-赋予角色-用户赋予角色接口', '11', 'com.company.project.controller.UserController.setUserOwnRole()', '[\"1341347664207052802\",[\"1331087516021194754\"]]', '192.168.0.102', '2020-12-22 19:40:29');
INSERT INTO `sys_log` VALUES ('1341347877118312450', '1', 'admin', '用户管理-分页获取用户列表', '14', 'com.company.project.controller.UserController.pageInfo()', '[{\"nickName\":\"\",\"username\":\"\"}]', '192.168.0.102', '2020-12-22 19:40:29');
INSERT INTO `sys_log` VALUES ('1341347880909963265', '1', 'admin', '用户管理-赋予角色-获取所有角色接口', '4', 'com.company.project.controller.UserController.getUserOwnRole()', '[\"1341347517557407746\"]', '192.168.0.102', '2020-12-22 19:40:30');
INSERT INTO `sys_log` VALUES ('1341347888342269954', '1', 'admin', '用户管理-赋予角色-用户赋予角色接口', '8', 'com.company.project.controller.UserController.setUserOwnRole()', '[\"1341347517557407746\",[]]', '192.168.0.102', '2020-12-22 19:40:32');
INSERT INTO `sys_log` VALUES ('1341347888497459201', '1', 'admin', '用户管理-分页获取用户列表', '11', 'com.company.project.controller.UserController.pageInfo()', '[{\"nickName\":\"\",\"username\":\"\"}]', '192.168.0.102', '2020-12-22 19:40:32');
INSERT INTO `sys_log` VALUES ('1341347891773210626', '1', 'admin', '用户管理-赋予角色-获取所有角色接口', '3', 'com.company.project.controller.UserController.getUserOwnRole()', '[\"1339193680802070530\"]', '192.168.0.102', '2020-12-22 19:40:33');
INSERT INTO `sys_log` VALUES ('1341347898941276162', '1', 'admin', '用户管理-赋予角色-用户赋予角色接口', '10', 'com.company.project.controller.UserController.setUserOwnRole()', '[\"1339193680802070530\",[]]', '192.168.0.102', '2020-12-22 19:40:34');
INSERT INTO `sys_log` VALUES ('1341347899096465409', '1', 'admin', '用户管理-分页获取用户列表', '12', 'com.company.project.controller.UserController.pageInfo()', '[{\"nickName\":\"\",\"username\":\"\"}]', '192.168.0.102', '2020-12-22 19:40:34');
INSERT INTO `sys_log` VALUES ('1341347904737804290', '1', 'admin', '用户管理-赋予角色-获取所有角色接口', '3', 'com.company.project.controller.UserController.getUserOwnRole()', '[\"1341347517557407746\"]', '192.168.0.102', '2020-12-22 19:40:36');
INSERT INTO `sys_log` VALUES ('1341347913151578113', '1', 'admin', '用户管理-赋予角色-用户赋予角色接口', '17', 'com.company.project.controller.UserController.setUserOwnRole()', '[\"1341347517557407746\",[\"1331087516021194754\"]]', '192.168.0.102', '2020-12-22 19:40:38');
INSERT INTO `sys_log` VALUES ('1341347913281601538', '1', 'admin', '用户管理-分页获取用户列表', '10', 'com.company.project.controller.UserController.pageInfo()', '[{\"nickName\":\"\",\"username\":\"\"}]', '192.168.0.102', '2020-12-22 19:40:38');
INSERT INTO `sys_log` VALUES ('1341347918058913794', '1', 'admin', '用户管理-赋予角色-获取所有角色接口', '2', 'com.company.project.controller.UserController.getUserOwnRole()', '[\"1339193680802070530\"]', '192.168.0.102', '2020-12-22 19:40:39');
INSERT INTO `sys_log` VALUES ('1341347927831642113', '1', 'admin', '用户管理-赋予角色-用户赋予角色接口', '14', 'com.company.project.controller.UserController.setUserOwnRole()', '[\"1339193680802070530\",[\"1331087516021194754\"]]', '192.168.0.102', '2020-12-22 19:40:41');
INSERT INTO `sys_log` VALUES ('1341347927970054145', '1', 'admin', '用户管理-分页获取用户列表', '11', 'com.company.project.controller.UserController.pageInfo()', '[{\"nickName\":\"\",\"username\":\"\"}]', '192.168.0.102', '2020-12-22 19:40:41');
INSERT INTO `sys_log` VALUES ('1341347931820425218', '1', 'admin', '用户管理-赋予角色-获取所有角色接口', '4', 'com.company.project.controller.UserController.getUserOwnRole()', '[\"1341347664207052802\"]', '192.168.0.102', '2020-12-22 19:40:42');
INSERT INTO `sys_log` VALUES ('1341347942180356097', '1', 'admin', '用户管理-赋予角色-获取所有角色接口', '4', 'com.company.project.controller.UserController.getUserOwnRole()', '[\"2\"]', '192.168.0.102', '2020-12-22 19:40:45');
INSERT INTO `sys_log` VALUES ('1342485446145761281', '1', 'admin', '菜单权限管理-获取所有菜单权限', '458', 'com.company.project.controller.PermissionController.getAllMenusPermission()', null, '0:0:0:0:0:0:0:1', '2020-12-25 23:00:47');
INSERT INTO `sys_log` VALUES ('1342485456002375682', '1', 'admin', '角色管理-分页获取角色信息', '20', 'com.company.project.controller.RoleController.pageInfo()', '[{}]', '0:0:0:0:0:0:0:1', '2020-12-25 23:00:50');
INSERT INTO `sys_log` VALUES ('1342485468316852226', '1', 'admin', '机构管理-获取所有组织机构', '27', 'com.company.project.controller.DeptController.getDeptAll()', null, '0:0:0:0:0:0:0:1', '2020-12-25 23:00:52');
INSERT INTO `sys_log` VALUES ('1342485566459371522', '1', 'admin', '机构管理-树型组织列表', '21', 'com.company.project.controller.DeptController.getTree()', '[null]', '0:0:0:0:0:0:0:1', '2020-12-25 23:01:16');
INSERT INTO `sys_log` VALUES ('1342485566685863937', '1', 'admin', '用户管理-分页获取用户列表', '56', 'com.company.project.controller.UserController.pageInfo()', '[{}]', '0:0:0:0:0:0:0:1', '2020-12-25 23:01:16');
INSERT INTO `sys_log` VALUES ('1342485606351396865', '1', 'admin', '系统操作日志管理-分页查询系统操作日志', '69', 'com.company.project.controller.SysLogController.pageInfo()', '[{}]', '0:0:0:0:0:0:0:1', '2020-12-25 23:01:25');
INSERT INTO `sys_log` VALUES ('1342485720671346689', '1', 'admin', '系统操作日志管理-分页查询系统操作日志', '52', 'com.company.project.controller.SysLogController.pageInfo()', '[{}]', '0:0:0:0:0:0:0:1', '2020-12-25 23:01:53');
INSERT INTO `sys_log` VALUES ('1343416870448734209', '1', 'admin', '机构管理-树型组织列表', '12', 'com.company.project.controller.DeptController.getTree()', '[null]', '192.168.0.103', '2020-12-28 12:41:56');
INSERT INTO `sys_log` VALUES ('1343416870561980418', '1', 'admin', '用户管理-分页获取用户列表', '26', 'com.company.project.controller.UserController.pageInfo()', '[{}]', '192.168.0.103', '2020-12-28 12:41:56');
INSERT INTO `sys_log` VALUES ('1343436704108576769', '1', 'admin', '菜单权限管理-获取所有菜单权限', '357', 'com.company.project.controller.PermissionController.getAllMenusPermission()', null, '192.168.0.103', '2020-12-28 14:00:44');
INSERT INTO `sys_log` VALUES ('1343436810442571778', '1', 'admin', '菜单权限管理-获取所有目录菜单树', '215', 'com.company.project.controller.PermissionController.getAllMenusPermissionTree()', '[\"793103294946869248\"]', '192.168.0.103', '2020-12-28 14:01:10');
INSERT INTO `sys_log` VALUES ('1343436896497106945', '1', 'admin', '菜单权限管理-获取所有目录菜单树', '197', 'com.company.project.controller.PermissionController.getAllMenusPermissionTree()', '[\"793103294946869249\"]', '192.168.0.103', '2020-12-28 14:01:30');
INSERT INTO `sys_log` VALUES ('1343437009676206082', '1', 'admin', '菜单权限管理-更新菜单权限', '15', 'com.company.project.controller.PermissionController.updatePermission()', '[{\"icon\":\"\",\"id\":\"793103294946869249\",\"name\":\"新增\",\"orderNum\":10,\"perms\":\"dlExamTeacher:add\",\"pid\":\"784480084189773824\",\"pidName\":\"考试计划管理\",\"status\":1,\"target\":\"_self\",\"type\":3,\"updateTime\":1609135317599,\"url\":\"dlExamTeacher/add\"}]', '192.168.0.103', '2020-12-28 14:01:57');
INSERT INTO `sys_log` VALUES ('1343437010577981441', '1', 'admin', '菜单权限管理-获取所有菜单权限', '198', 'com.company.project.controller.PermissionController.getAllMenusPermission()', null, '192.168.0.103', '2020-12-28 14:01:57');
INSERT INTO `sys_log` VALUES ('1343437038226833410', '1', 'admin', '菜单权限管理-获取所有目录菜单树', '190', 'com.company.project.controller.PermissionController.getAllMenusPermissionTree()', '[\"793103294946869250\"]', '192.168.0.103', '2020-12-28 14:02:04');
INSERT INTO `sys_log` VALUES ('1343437096569602049', '1', 'admin', '菜单权限管理-更新菜单权限', '12', 'com.company.project.controller.PermissionController.updatePermission()', '[{\"icon\":\"\",\"id\":\"793103294946869250\",\"name\":\"修改\",\"orderNum\":10,\"perms\":\"dlExamTeacher:update\",\"pid\":\"784480084189773824\",\"pidName\":\"考试计划管理\",\"status\":1,\"target\":\"_self\",\"type\":3,\"updateTime\":1609135338319,\"url\":\"dlExamTeacher/update\"}]', '192.168.0.103', '2020-12-28 14:02:18');
INSERT INTO `sys_log` VALUES ('1343437097316188162', '1', 'admin', '菜单权限管理-获取所有菜单权限', '164', 'com.company.project.controller.PermissionController.getAllMenusPermission()', null, '192.168.0.103', '2020-12-28 14:02:18');
INSERT INTO `sys_log` VALUES ('1343437125099257857', '1', 'admin', '菜单权限管理-获取所有目录菜单树', '166', 'com.company.project.controller.PermissionController.getAllMenusPermissionTree()', '[\"793103294946869251\"]', '192.168.0.103', '2020-12-28 14:02:25');
INSERT INTO `sys_log` VALUES ('1343437170615844865', '1', 'admin', '菜单权限管理-更新菜单权限', '7', 'com.company.project.controller.PermissionController.updatePermission()', '[{\"icon\":\"\",\"id\":\"793103294946869251\",\"name\":\"删除\",\"orderNum\":10,\"perms\":\"dlExamTeacher:delete\",\"pid\":\"784480084189773824\",\"pidName\":\"考试计划管理\",\"status\":1,\"target\":\"_self\",\"type\":3,\"updateTime\":1609135355978,\"url\":\"dlExamTeacher/delete\"}]', '192.168.0.103', '2020-12-28 14:02:35');
INSERT INTO `sys_log` VALUES ('1343437171337265153', '1', 'admin', '菜单权限管理-获取所有菜单权限', '155', 'com.company.project.controller.PermissionController.getAllMenusPermission()', null, '192.168.0.103', '2020-12-28 14:02:36');
INSERT INTO `sys_log` VALUES ('1343437202475778049', '1', 'admin', '菜单权限管理-获取所有目录菜单树', '141', 'com.company.project.controller.PermissionController.getAllMenusPermissionTree()', '[\"793103294946869252\"]', '192.168.0.103', '2020-12-28 14:02:43');
INSERT INTO `sys_log` VALUES ('1343437241302450178', '1', 'admin', '菜单权限管理-更新菜单权限', '11', 'com.company.project.controller.PermissionController.updatePermission()', '[{\"icon\":\"\",\"id\":\"793103294946869252\",\"name\":\"列表\",\"orderNum\":10,\"perms\":\"dlExamTeacher:list\",\"pid\":\"784480084189773824\",\"pidName\":\"考试计划管理\",\"status\":1,\"target\":\"_self\",\"type\":3,\"updateTime\":1609135372827,\"url\":\"dlExamTeacher/listByPage\"}]', '192.168.0.103', '2020-12-28 14:02:52');
INSERT INTO `sys_log` VALUES ('1343437241893847042', '1', 'admin', '菜单权限管理-获取所有菜单权限', '126', 'com.company.project.controller.PermissionController.getAllMenusPermission()', null, '192.168.0.103', '2020-12-28 14:02:52');
INSERT INTO `sys_log` VALUES ('1343437271098785793', '1', 'admin', '菜单权限管理-删除菜单权限', '26', 'com.company.project.controller.PermissionController.deleted()', '[\"793103294946869248\"]', '192.168.0.103', '2020-12-28 14:02:59');
INSERT INTO `sys_log` VALUES ('1343437271908286466', '1', 'admin', '菜单权限管理-获取所有菜单权限', '128', 'com.company.project.controller.PermissionController.getAllMenusPermission()', null, '192.168.0.103', '2020-12-28 14:03:00');
INSERT INTO `sys_log` VALUES ('1343437306599374850', '1', 'admin', '角色管理-分页获取角色信息', '15', 'com.company.project.controller.RoleController.pageInfo()', '[{}]', '192.168.0.103', '2020-12-28 14:03:08');
INSERT INTO `sys_log` VALUES ('1343437314384003074', '1', 'admin', '角色管理-查询角色详情', '144', 'com.company.project.controller.RoleController.detailInfo()', '[\"1331087516021194754\"]', '192.168.0.103', '2020-12-28 14:03:10');
INSERT INTO `sys_log` VALUES ('1343437356666781697', '1', 'admin', '角色管理-查询角色详情', '110', 'com.company.project.controller.RoleController.detailInfo()', '[\"1\"]', '192.168.0.103', '2020-12-28 14:03:20');
INSERT INTO `sys_log` VALUES ('1343437410169323522', '1', 'admin', '角色管理-更新角色信息', '80', 'com.company.project.controller.RoleController.updateDept()', '[{\"description\":\"拥有所有权限-不能删除\",\"id\":\"1\",\"name\":\"超级管理员\",\"permissions\":[\"51\",\"11\",\"17\",\"26\",\"40\",\"43\",\"44\",\"53\",\"3\",\"19\",\"36\",\"1311115974068449281\",\"13\",\"39\",\"41\",\"5\",\"9\",\"12\",\"22\",\"38\",\"1334806348645957634\",\"784480084756004864\",\"784480084756004865\",\"784480084756004866\",\"784480084756004867\",\"784480084756004868\",\"784480084814725120\",\"784480084814725121\",\"784480084814725122\",\"784480084814725123\",\"784480084814725124\",\"784480084932165632\",\"784480084932165633\",\"784480084932165634\",\"784480084932165635\",\"784480084932165636\",\"1335060861890002945\",\"784480085104132096\",\"784480085104132097\",\"784480085104132098\",\"784480085104132099\",\"784480085104132100\",\"1334806894995996673\",\"784480084391100416\",\"784480084391100417\",\"784480084391100418\",\"784480084391100419\",\"784480084391100420\",\"784480084634370048\",\"784480084634370049\",\"784480084634370050\",\"784480084634370051\",\"784480084634370052\",\"24\",\"10\",\"23\",\"25\",\"42\",\"52\",\"56\",\"57\",\"1334807138768945153\",\"784480084567261184\",\"784480084567261185\",\"784480084567261186\",\"784480084567261187\",\"784480084567261188\",\"784480084693090304\",\"784480084693090305\",\"784480084693090306\",\"784480084693090307\",\"784480084693090308\",\"784480084877639680\",\"784480084877639681\",\"784480084877639682\",\"784480084877639683\",\"784480084877639684\",\"784480085049606144\",\"784480085049606145\",\"784480085049606146\",\"784480085049606147\",\"784480085049606148\",\"789437171000934400\",\"789437171000934401\",\"789437171000934402\",\"789437171000934403\",\"789437171000934404\",\"1334808583455014914\",\"1334808090397802498\",\"784480083837452288\",\"784480083837452289\",\"784480083837452290\",\"784480083837452291\",\"784480083837452292\",\"784480084034584576\",\"784480084034584577\",\"784480084034584578\",\"784480084034584579\",\"784480084034584580\",\"784480084118470656\",\"784480084118470657\",\"784480084118470658\",\"784480084118470659\",\"784480084118470660\",\"784480084189773824\",\"784480084189773825\",\"784480084189773826\",\"784480084189773827\",\"784480084189773828\",\"793103294946869249\",\"793103294946869250\",\"793103294946869251\",\"793103294946869252\",\"784480084256882688\",\"784480084256882689\",\"784480084256882690\",\"784480084256882691\",\"784480084256882692\",\"784480084319797248\",\"784480084319797249\",\"784480084319797250\",\"784480084319797251\",\"784480084319797252\",\"1334808707124068353\",\"1334822791945027585\",\"784480084491763712\",\"784480084491763713\",\"784480084491763714\",\"784480084491763715\",\"784480084491763716\",\"1339549078235017217\",\"784480084986691584\",\"784480084986691585\",\"784480084986691586\",\"784480084986691587\",\"784480084986691588\",\"54\",\"15\",\"1\",\"4\",\"16\",\"20\",\"27\",\"28\",\"29\",\"30\",\"31\",\"32\",\"33\",\"34\",\"35\",\"45\",\"46\",\"47\",\"48\",\"49\",\"1339410383213309953\",\"59\",\"60\",\"61\",\"62\",\"63\",\"55\",\"18\",\"14\",\"8\",\"7\",\"58\",\"21\",\"50\",\"2\",\"6\"],\"status\":1,\"updateTime\":1609135413019}]', '192.168.0.103', '2020-12-28 14:03:33');
INSERT INTO `sys_log` VALUES ('1343437410509062146', '1', 'admin', '角色管理-分页获取角色信息', '1', 'com.company.project.controller.RoleController.pageInfo()', '[{\"name\":\"\"}]', '192.168.0.103', '2020-12-28 14:03:33');
INSERT INTO `sys_log` VALUES ('1343437489177427970', '1', 'admin', '用户管理-分页获取用户列表', '20', 'com.company.project.controller.UserController.pageInfo()', '[{\"realName\":\"\",\"username\":\"\"}]', '192.168.0.103', '2020-12-28 14:03:51');
INSERT INTO `sys_log` VALUES ('1343495467532300289', '1', 'admin', '用户管理-分页获取用户列表', '23', 'com.company.project.controller.UserController.pageInfo()', '[{\"realName\":\"\",\"username\":\"\"}]', '192.168.0.103', '2020-12-28 17:54:15');
INSERT INTO `sys_log` VALUES ('1343496238751637505', '1', 'admin', '用户管理-分页获取用户列表', '25', 'com.company.project.controller.UserController.pageInfo()', '[{\"realName\":\"\",\"username\":\"\"}]', '192.168.0.103', '2020-12-28 17:57:18');
INSERT INTO `sys_log` VALUES ('1343496580893564929', '1', 'admin', '用户管理-分页获取用户列表', '25', 'com.company.project.controller.UserController.pageInfo()', '[{\"realName\":\"\",\"username\":\"\"}]', '192.168.0.103', '2020-12-28 17:58:40');
INSERT INTO `sys_log` VALUES ('1343498125009874945', '1', 'admin', '用户管理-分页获取用户列表', '24', 'com.company.project.controller.UserController.pageInfo()', '[{\"realName\":\"\",\"username\":\"\"}]', '192.168.0.103', '2020-12-28 18:04:48');
INSERT INTO `sys_log` VALUES ('1343499601010532354', '1', 'admin', '用户管理-分页获取用户列表', '25', 'com.company.project.controller.UserController.pageInfo()', '[{\"realName\":\"\",\"username\":\"\"}]', '192.168.0.103', '2020-12-28 18:10:40');
INSERT INTO `sys_log` VALUES ('1343500363300126721', '1', 'admin', '用户管理-分页获取用户列表', '26', 'com.company.project.controller.UserController.pageInfo()', '[{\"realName\":\"\",\"username\":\"\"}]', '192.168.0.103', '2020-12-28 18:13:42');
INSERT INTO `sys_log` VALUES ('1343512890935439361', '1', 'admin', '用户管理-分页获取用户列表', '29', 'com.company.project.controller.UserController.pageInfo()', '[{\"realName\":\"\",\"username\":\"\"}]', '192.168.0.103', '2020-12-28 19:03:29');
INSERT INTO `sys_log` VALUES ('1343513726205915138', '1', 'admin', '用户管理-分页获取用户列表', '12', 'com.company.project.controller.UserController.pageInfo()', '[{\"realName\":\"\",\"username\":\"\"}]', '192.168.0.103', '2020-12-28 19:06:48');
INSERT INTO `sys_log` VALUES ('1343513838575513601', '1', 'admin', '用户管理-分页获取用户列表', '15', 'com.company.project.controller.UserController.pageInfo()', '[{\"realName\":\"\",\"username\":\"\"}]', '192.168.0.103', '2020-12-28 19:07:15');
INSERT INTO `sys_log` VALUES ('1343513864961880065', '1', 'admin', '用户管理-分页获取用户列表', '8', 'com.company.project.controller.UserController.pageInfo()', '[{\"realName\":\"\",\"username\":\"1003\"}]', '192.168.0.103', '2020-12-28 19:07:21');
INSERT INTO `sys_log` VALUES ('1343513892644286465', '1', 'admin', '用户管理-分页获取用户列表', '13', 'com.company.project.controller.UserController.pageInfo()', '[{\"realName\":\"\",\"username\":\"\"}]', '192.168.0.103', '2020-12-28 19:07:27');
INSERT INTO `sys_log` VALUES ('1343515396822347778', '1', 'admin', '用户管理-分页获取用户列表', '26', 'com.company.project.controller.UserController.pageInfo()', '[{\"realName\":\"\",\"username\":\"\"}]', '192.168.0.103', '2020-12-28 19:13:26');
INSERT INTO `sys_log` VALUES ('1343516999289745410', '1', 'admin', '用户管理-分页获取用户列表', '12', 'com.company.project.controller.UserController.pageInfo()', '[{\"realName\":\"\",\"username\":\"\"}]', '192.168.0.103', '2020-12-28 19:19:48');
INSERT INTO `sys_log` VALUES ('1343881913749516290', '1', 'admin', '用户管理-分页获取用户列表', '21', 'com.company.project.controller.UserController.pageInfo()', '[{\"realName\":\"\",\"username\":\"\"}]', '192.168.0.103', '2020-12-29 19:29:51');
INSERT INTO `sys_log` VALUES ('1343889024701218818', '1', 'admin', '用户管理-分页获取用户列表', '28', 'com.company.project.controller.UserController.pageInfo()', '[{\"realName\":\"\",\"username\":\"\"}]', '192.168.0.103', '2020-12-29 19:58:06');
INSERT INTO `sys_log` VALUES ('1343889701733187586', '1', 'admin', '用户管理-分页获取用户列表', '11', 'com.company.project.controller.UserController.pageInfo()', '[{\"realName\":\"\",\"username\":\"\"}]', '192.168.0.103', '2020-12-29 20:00:47');
INSERT INTO `sys_log` VALUES ('1343889716807516161', '1', 'admin', '用户管理-分页获取用户列表', '16', 'com.company.project.controller.UserController.pageInfo()', '[{\"realName\":\"\",\"username\":\"\"}]', '192.168.0.103', '2020-12-29 20:00:51');
INSERT INTO `sys_log` VALUES ('1343891207496712193', '1', 'admin', '用户管理-分页获取用户列表', '13', 'com.company.project.controller.UserController.pageInfo()', '[{\"realName\":\"\",\"username\":\"\"}]', '192.168.0.103', '2020-12-29 20:06:46');
INSERT INTO `sys_log` VALUES ('1343901908273504258', '1', 'admin', '用户管理-分页获取用户列表', '28', 'com.company.project.controller.UserController.pageInfo()', '[{\"realName\":\"\",\"username\":\"\"}]', '192.168.0.103', '2020-12-29 20:49:18');
INSERT INTO `sys_log` VALUES ('1343903228531351553', '1', 'admin', '用户管理-分页获取用户列表', '12', 'com.company.project.controller.UserController.pageInfo()', '[{\"realName\":\"\",\"username\":\"\"}]', '192.168.0.103', '2020-12-29 20:54:32');
INSERT INTO `sys_log` VALUES ('1343905311800233985', '1', 'admin', '用户管理-分页获取用户列表', '26', 'com.company.project.controller.UserController.pageInfo()', '[{\"realName\":\"\",\"username\":\"\"}]', '192.168.0.103', '2020-12-29 21:02:49');
INSERT INTO `sys_log` VALUES ('1343905852198539265', '1', 'admin', '用户管理-分页获取用户列表', '23', 'com.company.project.controller.UserController.pageInfo()', '[{\"realName\":\"\",\"username\":\"\"}]', '192.168.0.103', '2020-12-29 21:04:58');
INSERT INTO `sys_log` VALUES ('1343908479711907842', '1', 'admin', '用户管理-分页获取用户列表', '26', 'com.company.project.controller.UserController.pageInfo()', '[{\"realName\":\"\",\"username\":\"\"}]', '192.168.0.103', '2020-12-29 21:15:24');
INSERT INTO `sys_log` VALUES ('1343909162179657730', '1', 'admin', '用户管理-分页获取用户列表', '28', 'com.company.project.controller.UserController.pageInfo()', '[{\"realName\":\"\",\"username\":\"\"}]', '192.168.0.103', '2020-12-29 21:18:07');
INSERT INTO `sys_log` VALUES ('1343915626692734978', '1', 'admin', '用户管理-分页获取用户列表', '27', 'com.company.project.controller.UserController.pageInfo()', '[{\"realName\":\"\",\"username\":\"\"}]', '192.168.0.103', '2020-12-29 21:43:48');
INSERT INTO `sys_log` VALUES ('1343917577534795778', '1', 'admin', '用户管理-分页获取用户列表', '28', 'com.company.project.controller.UserController.pageInfo()', '[{\"realName\":\"\",\"username\":\"\"}]', '192.168.0.103', '2020-12-29 21:51:33');
INSERT INTO `sys_log` VALUES ('1343918487723954178', '1', 'admin', '用户管理-分页获取用户列表', '22', 'com.company.project.controller.UserController.pageInfo()', '[{\"realName\":\"\",\"username\":\"\"}]', '192.168.0.103', '2020-12-29 21:55:10');
INSERT INTO `sys_log` VALUES ('1343919408621129729', '1', 'admin', '用户管理-分页获取用户列表', '23', 'com.company.project.controller.UserController.pageInfo()', '[{\"realName\":\"\",\"username\":\"\"}]', '192.168.0.103', '2020-12-29 21:58:50');
INSERT INTO `sys_log` VALUES ('1343919791414284289', '1', 'admin', '用户管理-分页获取用户列表', '12', 'com.company.project.controller.UserController.pageInfo()', '[{\"realName\":\"\",\"username\":\"\"}]', '192.168.0.103', '2020-12-29 22:00:21');
INSERT INTO `sys_log` VALUES ('1343920060713734146', '1', 'admin', '用户管理-分页获取用户列表', '25', 'com.company.project.controller.UserController.pageInfo()', '[{\"realName\":\"\",\"username\":\"\"}]', '192.168.0.103', '2020-12-29 22:01:25');
INSERT INTO `sys_log` VALUES ('1343931987712118786', '1', 'admin', '用户管理-分页获取用户列表', '27', 'com.company.project.controller.UserController.pageInfo()', '[{\"realName\":\"\",\"username\":\"\"}]', '192.168.0.103', '2020-12-29 22:48:49');
INSERT INTO `sys_log` VALUES ('1343933946405879810', '1', 'admin', '用户管理-分页获取用户列表', '29', 'com.company.project.controller.UserController.pageInfo()', '[{\"realName\":\"\",\"username\":\"\"}]', '192.168.0.103', '2020-12-29 22:56:36');
INSERT INTO `sys_log` VALUES ('1343935011494920194', '1', 'admin', '用户管理-分页获取用户列表', '28', 'com.company.project.controller.UserController.pageInfo()', '[{\"realName\":\"\",\"username\":\"\"}]', '192.168.0.103', '2020-12-29 23:00:50');
INSERT INTO `sys_log` VALUES ('1343935414219403265', '1', 'admin', '用户管理-分页获取用户列表', '24', 'com.company.project.controller.UserController.pageInfo()', '[{\"realName\":\"\",\"username\":\"\"}]', '192.168.0.103', '2020-12-29 23:02:26');
INSERT INTO `sys_log` VALUES ('1343938747827089409', '1', 'admin', '用户管理-分页获取用户列表', '26', 'com.company.project.controller.UserController.pageInfo()', '[{\"realName\":\"\",\"username\":\"\"}]', '192.168.0.103', '2020-12-29 23:15:41');
INSERT INTO `sys_log` VALUES ('1343939162727604225', '1', 'admin', '用户管理-分页获取用户列表', '27', 'com.company.project.controller.UserController.pageInfo()', '[{\"realName\":\"\",\"username\":\"\"}]', '192.168.0.103', '2020-12-29 23:17:20');
INSERT INTO `sys_log` VALUES ('1344175731451420673', '1', 'admin', '用户管理-分页获取用户列表', '14', 'com.company.project.controller.UserController.pageInfo()', '[{\"realName\":\"\",\"username\":\"\"}]', '192.168.0.103', '2020-12-30 14:57:22');
INSERT INTO `sys_log` VALUES ('1344175783678894082', '1', 'admin', '用户管理-分页获取用户列表', '9', 'com.company.project.controller.UserController.pageInfo()', '[{\"realName\":\"\",\"username\":\"\"}]', '192.168.0.103', '2020-12-30 14:57:35');
INSERT INTO `sys_log` VALUES ('1344186405837721601', '1', 'admin', '用户管理-分页获取用户列表', '25', 'com.company.project.controller.UserController.pageInfo()', '[{\"realName\":\"\",\"username\":\"\"}]', '192.168.0.103', '2020-12-30 15:39:47');
INSERT INTO `sys_log` VALUES ('1344629293067366401', '1', 'admin', '用户管理-分页获取用户列表', '14', 'com.company.project.controller.UserController.pageInfo()', '[{\"realName\":\"\",\"username\":\"\"}]', '192.168.0.102', '2020-12-31 20:59:40');
INSERT INTO `sys_log` VALUES ('1344630394663563266', '1', 'admin', '用户管理-分页获取用户列表', '12', 'com.company.project.controller.UserController.pageInfo()', '[{\"realName\":\"\",\"username\":\"\"}]', '192.168.0.102', '2020-12-31 21:04:02');
INSERT INTO `sys_log` VALUES ('1344633023208747010', '1', 'admin', '用户管理-分页获取用户列表', '24', 'com.company.project.controller.UserController.pageInfo()', '[{\"realName\":\"\",\"username\":\"\"}]', '192.168.0.102', '2020-12-31 21:14:29');
INSERT INTO `sys_log` VALUES ('1344635286627024897', '1', 'admin', '用户管理-分页获取用户列表', '22', 'com.company.project.controller.UserController.pageInfo()', '[{\"realName\":\"\",\"username\":\"\"}]', '192.168.0.102', '2020-12-31 21:23:29');
INSERT INTO `sys_log` VALUES ('1344635634263617538', '1', 'admin', '用户管理-分页获取用户列表', '24', 'com.company.project.controller.UserController.pageInfo()', '[{\"realName\":\"\",\"username\":\"\"}]', '192.168.0.102', '2020-12-31 21:24:51');
INSERT INTO `sys_log` VALUES ('1344644461633564674', '1', 'admin', '菜单权限管理-获取所有菜单权限', '252', 'com.company.project.controller.PermissionController.getAllMenusPermission()', null, '192.168.0.102', '2020-12-31 21:59:56');
INSERT INTO `sys_log` VALUES ('1344644577534767105', '1', 'admin', '菜单权限管理-获取所有菜单权限', '185', 'com.company.project.controller.PermissionController.getAllMenusPermission()', null, '192.168.0.102', '2020-12-31 22:00:24');
INSERT INTO `sys_log` VALUES ('1344644594219708418', '1', 'admin', '菜单权限管理-获取所有目录菜单树', '165', 'com.company.project.controller.PermissionController.getAllMenusPermissionTree()', '[\"\"]', '192.168.0.102', '2020-12-31 22:00:28');
INSERT INTO `sys_log` VALUES ('1344644834188423169', '1', 'admin', '菜单权限管理-新增菜单权限', '6', 'com.company.project.controller.PermissionController.addPermission()', '[{\"createTime\":1609423285412,\"deleted\":1,\"icon\":\"\",\"id\":\"1344644834154868738\",\"name\":\"详情\",\"orderNum\":10,\"perms\":\"dlExamPlan:details\",\"pid\":\"784480084189773824\",\"pidName\":\"考试计划管理\",\"status\":1,\"target\":\"_self\",\"type\":3,\"updateTime\":1609423285412,\"url\":\"/dlExamPlan/details\"}]', '192.168.0.102', '2020-12-31 22:01:25');
INSERT INTO `sys_log` VALUES ('1344644834922426370', '1', 'admin', '菜单权限管理-获取所有菜单权限', '167', 'com.company.project.controller.PermissionController.getAllMenusPermission()', null, '192.168.0.102', '2020-12-31 22:01:25');
INSERT INTO `sys_log` VALUES ('1344644962815143937', '1', 'admin', '菜单权限管理-获取所有目录菜单树', '136', 'com.company.project.controller.PermissionController.getAllMenusPermissionTree()', '[\"784480083837452289\"]', '192.168.0.102', '2020-12-31 22:01:56');
INSERT INTO `sys_log` VALUES ('1344645025176055809', '1', 'admin', '菜单权限管理-更新菜单权限', '14', 'com.company.project.controller.PermissionController.updatePermission()', '[{\"icon\":\"\",\"id\":\"784480083837452289\",\"name\":\"新增\",\"orderNum\":10,\"perms\":\"dlExamSubject:add\",\"pid\":\"784480084189773824\",\"pidName\":\"考试计划管理\",\"status\":1,\"target\":\"_self\",\"type\":3,\"updateTime\":1609423330943,\"url\":\"dlExamSubject/add\"}]', '192.168.0.102', '2020-12-31 22:02:10');
INSERT INTO `sys_log` VALUES ('1344645025918447618', '1', 'admin', '菜单权限管理-获取所有菜单权限', '161', 'com.company.project.controller.PermissionController.getAllMenusPermission()', null, '192.168.0.102', '2020-12-31 22:02:11');
INSERT INTO `sys_log` VALUES ('1344645129295458305', '1', 'admin', '菜单权限管理-获取所有目录菜单树', '119', 'com.company.project.controller.PermissionController.getAllMenusPermissionTree()', '[\"784480083837452290\"]', '192.168.0.102', '2020-12-31 22:02:35');
INSERT INTO `sys_log` VALUES ('1344645223398862849', '1', 'admin', '菜单权限管理-更新菜单权限', '9', 'com.company.project.controller.PermissionController.updatePermission()', '[{\"icon\":\"\",\"id\":\"784480083837452290\",\"name\":\"科目修改\",\"orderNum\":10,\"perms\":\"dlExamSubject:update\",\"pid\":\"784480084189773824\",\"pidName\":\"考试计划管理\",\"status\":1,\"target\":\"_self\",\"type\":3,\"updateTime\":1609423378205,\"url\":\"dlExamSubject/update\"}]', '192.168.0.102', '2020-12-31 22:02:58');
INSERT INTO `sys_log` VALUES ('1344645223994454017', '1', 'admin', '菜单权限管理-获取所有菜单权限', '130', 'com.company.project.controller.PermissionController.getAllMenusPermission()', null, '192.168.0.102', '2020-12-31 22:02:58');
INSERT INTO `sys_log` VALUES ('1344645277824151554', '1', 'admin', '菜单权限管理-获取所有目录菜单树', '116', 'com.company.project.controller.PermissionController.getAllMenusPermissionTree()', '[\"784480083837452291\"]', '192.168.0.102', '2020-12-31 22:03:11');
INSERT INTO `sys_log` VALUES ('1344645339501391874', '1', 'admin', '菜单权限管理-更新菜单权限', '9', 'com.company.project.controller.PermissionController.updatePermission()', '[{\"icon\":\"\",\"id\":\"784480083837452291\",\"name\":\"科目删除\",\"orderNum\":10,\"perms\":\"dlExamSubject:delete\",\"pid\":\"784480084189773824\",\"pidName\":\"考试计划管理\",\"status\":1,\"target\":\"_self\",\"type\":3,\"updateTime\":1609423405886,\"url\":\"dlExamSubject/delete\"}]', '192.168.0.102', '2020-12-31 22:03:25');
INSERT INTO `sys_log` VALUES ('1344645340000514049', '1', 'admin', '菜单权限管理-获取所有菜单权限', '106', 'com.company.project.controller.PermissionController.getAllMenusPermission()', null, '192.168.0.102', '2020-12-31 22:03:26');
INSERT INTO `sys_log` VALUES ('1344645406153076738', '1', 'admin', '菜单权限管理-获取所有目录菜单树', '143', 'com.company.project.controller.PermissionController.getAllMenusPermissionTree()', '[\"784480083837452292\"]', '192.168.0.102', '2020-12-31 22:03:41');
INSERT INTO `sys_log` VALUES ('1344645458506379265', '1', 'admin', '菜单权限管理-更新菜单权限', '9', 'com.company.project.controller.PermissionController.updatePermission()', '[{\"icon\":\"\",\"id\":\"784480083837452292\",\"name\":\"科目列表\",\"orderNum\":10,\"perms\":\"dlExamSubject:list\",\"pid\":\"784480084189773824\",\"pidName\":\"考试计划管理\",\"status\":1,\"target\":\"_self\",\"type\":3,\"updateTime\":1609423434259,\"url\":\"dlExamSubject/listByPage\"}]', '192.168.0.102', '2020-12-31 22:03:54');
INSERT INTO `sys_log` VALUES ('1344645458992918529', '1', 'admin', '菜单权限管理-获取所有菜单权限', '102', 'com.company.project.controller.PermissionController.getAllMenusPermission()', null, '192.168.0.102', '2020-12-31 22:03:54');
INSERT INTO `sys_log` VALUES ('1344645503347683329', '1', 'admin', '菜单权限管理-删除菜单权限', '26', 'com.company.project.controller.PermissionController.deleted()', '[\"784480083837452288\"]', '192.168.0.102', '2020-12-31 22:04:04');
INSERT INTO `sys_log` VALUES ('1344645503993606146', '1', 'admin', '菜单权限管理-获取所有菜单权限', '120', 'com.company.project.controller.PermissionController.getAllMenusPermission()', null, '192.168.0.102', '2020-12-31 22:04:05');
INSERT INTO `sys_log` VALUES ('1344645539372560385', '1', 'admin', '菜单权限管理-获取所有目录菜单树', '109', 'com.company.project.controller.PermissionController.getAllMenusPermissionTree()', '[\"784480084034584577\"]', '192.168.0.102', '2020-12-31 22:04:13');
INSERT INTO `sys_log` VALUES ('1344645616807800834', '1', 'admin', '菜单权限管理-更新菜单权限', '5', 'com.company.project.controller.PermissionController.updatePermission()', '[{\"icon\":\"\",\"id\":\"784480084034584577\",\"name\":\"考场新增\",\"orderNum\":11,\"perms\":\"dlExamRoom:add\",\"pid\":\"784480084189773824\",\"pidName\":\"考试计划管理\",\"status\":1,\"target\":\"_self\",\"type\":3,\"updateTime\":1609423472004,\"url\":\"dlExamRoom/add\"}]', '192.168.0.102', '2020-12-31 22:04:32');
INSERT INTO `sys_log` VALUES ('1344645617306923010', '1', 'admin', '菜单权限管理-获取所有菜单权限', '107', 'com.company.project.controller.PermissionController.getAllMenusPermission()', null, '192.168.0.102', '2020-12-31 22:04:32');
INSERT INTO `sys_log` VALUES ('1344645650274152449', '1', 'admin', '菜单权限管理-获取所有目录菜单树', '104', 'com.company.project.controller.PermissionController.getAllMenusPermissionTree()', '[\"784480084034584578\"]', '192.168.0.102', '2020-12-31 22:04:39');
INSERT INTO `sys_log` VALUES ('1344645703311126529', '1', 'admin', '菜单权限管理-更新菜单权限', '8', 'com.company.project.controller.PermissionController.updatePermission()', '[{\"icon\":\"\",\"id\":\"784480084034584578\",\"name\":\"考场修改\",\"orderNum\":11,\"perms\":\"dlExamRoom:update\",\"pid\":\"784480084189773824\",\"pidName\":\"考试计划管理\",\"status\":1,\"target\":\"_self\",\"type\":3,\"updateTime\":1609423492624,\"url\":\"dlExamRoom/update\"}]', '192.168.0.102', '2020-12-31 22:04:52');
INSERT INTO `sys_log` VALUES ('1344645703789277185', '1', 'admin', '菜单权限管理-获取所有菜单权限', '101', 'com.company.project.controller.PermissionController.getAllMenusPermission()', null, '192.168.0.102', '2020-12-31 22:04:52');
INSERT INTO `sys_log` VALUES ('1344645733979877377', '1', 'admin', '菜单权限管理-获取所有目录菜单树', '98', 'com.company.project.controller.PermissionController.getAllMenusPermissionTree()', '[\"784480084034584579\"]', '192.168.0.102', '2020-12-31 22:04:59');
INSERT INTO `sys_log` VALUES ('1344645781237100546', '1', 'admin', '菜单权限管理-更新菜单权限', '8', 'com.company.project.controller.PermissionController.updatePermission()', '[{\"icon\":\"\",\"id\":\"784480084034584579\",\"name\":\"考场删除\",\"orderNum\":11,\"perms\":\"dlExamRoom:delete\",\"pid\":\"784480084189773824\",\"pidName\":\"考试计划管理\",\"status\":1,\"target\":\"_self\",\"type\":3,\"updateTime\":1609423511206,\"url\":\"dlExamRoom/delete\"}]', '192.168.0.102', '2020-12-31 22:05:11');
INSERT INTO `sys_log` VALUES ('1344645781748805634', '1', 'admin', '菜单权限管理-获取所有菜单权限', '107', 'com.company.project.controller.PermissionController.getAllMenusPermission()', null, '192.168.0.102', '2020-12-31 22:05:11');
INSERT INTO `sys_log` VALUES ('1344645825088548866', '1', 'admin', '菜单权限管理-获取所有目录菜单树', '103', 'com.company.project.controller.PermissionController.getAllMenusPermissionTree()', '[\"784480084034584580\"]', '192.168.0.102', '2020-12-31 22:05:21');
INSERT INTO `sys_log` VALUES ('1344645872052170754', '1', 'admin', '菜单权限管理-更新菜单权限', '8', 'com.company.project.controller.PermissionController.updatePermission()', '[{\"icon\":\"\",\"id\":\"784480084034584580\",\"name\":\"考场列表\",\"orderNum\":11,\"perms\":\"dlExamRoom:list\",\"pid\":\"784480084189773824\",\"pidName\":\"考试计划管理\",\"status\":1,\"target\":\"_self\",\"type\":3,\"updateTime\":1609423532856,\"url\":\"dlExamRoom/listByPage\"}]', '192.168.0.102', '2020-12-31 22:05:32');
INSERT INTO `sys_log` VALUES ('1344645872551292929', '1', 'admin', '菜单权限管理-获取所有菜单权限', '107', 'com.company.project.controller.PermissionController.getAllMenusPermission()', null, '192.168.0.102', '2020-12-31 22:05:32');
INSERT INTO `sys_log` VALUES ('1344645910895620097', '1', 'admin', '菜单权限管理-删除菜单权限', '13', 'com.company.project.controller.PermissionController.deleted()', '[\"784480084034584576\"]', '192.168.0.102', '2020-12-31 22:05:42');
INSERT INTO `sys_log` VALUES ('1344645911503794177', '1', 'admin', '菜单权限管理-获取所有菜单权限', '123', 'com.company.project.controller.PermissionController.getAllMenusPermission()', null, '192.168.0.102', '2020-12-31 22:05:42');
INSERT INTO `sys_log` VALUES ('1344646156547616769', '1', 'admin', '菜单权限管理-获取所有目录菜单树', '100', 'com.company.project.controller.PermissionController.getAllMenusPermissionTree()', '[\"784480083837452289\"]', '192.168.0.102', '2020-12-31 22:06:40');
INSERT INTO `sys_log` VALUES ('1344646184502652929', '1', 'admin', '菜单权限管理-更新菜单权限', '10', 'com.company.project.controller.PermissionController.updatePermission()', '[{\"icon\":\"\",\"id\":\"784480083837452289\",\"name\":\"科目新增\",\"orderNum\":10,\"perms\":\"dlExamSubject:add\",\"pid\":\"784480084189773824\",\"pidName\":\"考试计划管理\",\"status\":1,\"target\":\"_self\",\"type\":3,\"updateTime\":1609423607349,\"url\":\"dlExamSubject/add\"}]', '192.168.0.102', '2020-12-31 22:06:47');
INSERT INTO `sys_log` VALUES ('1344646184993386498', '1', 'admin', '菜单权限管理-获取所有菜单权限', '105', 'com.company.project.controller.PermissionController.getAllMenusPermission()', null, '192.168.0.102', '2020-12-31 22:06:47');
INSERT INTO `sys_log` VALUES ('1344646772426633218', '1', 'admin', '菜单权限管理-获取所有目录菜单树', '102', 'com.company.project.controller.PermissionController.getAllMenusPermissionTree()', '[\"\"]', '192.168.0.102', '2020-12-31 22:09:07');
INSERT INTO `sys_log` VALUES ('1344650941413814274', '1', 'admin', '角色管理-分页获取角色信息', '10', 'com.company.project.controller.RoleController.pageInfo()', '[{}]', '192.168.0.102', '2020-12-31 22:25:41');
INSERT INTO `sys_log` VALUES ('1344650950121189378', '1', 'admin', '角色管理-查询角色详情', '135', 'com.company.project.controller.RoleController.detailInfo()', '[\"1\"]', '192.168.0.102', '2020-12-31 22:25:43');
INSERT INTO `sys_log` VALUES ('1344650992689180673', '1', 'admin', '角色管理-更新角色信息', '86', 'com.company.project.controller.RoleController.updateDept()', '[{\"description\":\"拥有所有权限-不能删除\",\"id\":\"1\",\"name\":\"超级管理员\",\"permissions\":[\"51\",\"11\",\"17\",\"26\",\"40\",\"43\",\"44\",\"53\",\"3\",\"19\",\"36\",\"1311115974068449281\",\"13\",\"39\",\"41\",\"5\",\"9\",\"12\",\"22\",\"38\",\"1334806348645957634\",\"784480084756004864\",\"784480084756004865\",\"784480084756004866\",\"784480084756004867\",\"784480084756004868\",\"784480084814725120\",\"784480084814725121\",\"784480084814725122\",\"784480084814725123\",\"784480084814725124\",\"784480084932165632\",\"784480084932165633\",\"784480084932165634\",\"784480084932165635\",\"784480084932165636\",\"1335060861890002945\",\"784480085104132096\",\"784480085104132097\",\"784480085104132098\",\"784480085104132099\",\"784480085104132100\",\"1334806894995996673\",\"784480084391100416\",\"784480084391100417\",\"784480084391100418\",\"784480084391100419\",\"784480084391100420\",\"784480084634370048\",\"784480084634370049\",\"784480084634370050\",\"784480084634370051\",\"784480084634370052\",\"24\",\"10\",\"23\",\"25\",\"42\",\"52\",\"56\",\"57\",\"1334807138768945153\",\"784480084567261184\",\"784480084567261185\",\"784480084567261186\",\"784480084567261187\",\"784480084567261188\",\"784480084693090304\",\"784480084693090305\",\"784480084693090306\",\"784480084693090307\",\"784480084693090308\",\"784480084877639680\",\"784480084877639681\",\"784480084877639682\",\"784480084877639683\",\"784480084877639684\",\"784480085049606144\",\"784480085049606145\",\"784480085049606146\",\"784480085049606147\",\"784480085049606148\",\"789437171000934400\",\"789437171000934401\",\"789437171000934402\",\"789437171000934403\",\"789437171000934404\",\"1334808583455014914\",\"1334808090397802498\",\"784480084118470656\",\"784480084118470657\",\"784480084118470658\",\"784480084118470659\",\"784480084118470660\",\"784480084189773824\",\"784480084189773825\",\"784480084189773826\",\"784480084189773827\",\"784480084189773828\",\"784480083837452289\",\"784480083837452290\",\"784480083837452291\",\"784480083837452292\",\"793103294946869249\",\"793103294946869250\",\"793103294946869251\",\"793103294946869252\",\"1344644834154868738\",\"784480084034584577\",\"784480084034584578\",\"784480084034584579\",\"784480084034584580\",\"784480084256882688\",\"784480084256882689\",\"784480084256882690\",\"784480084256882691\",\"784480084256882692\",\"784480084319797248\",\"784480084319797249\",\"784480084319797250\",\"784480084319797251\",\"784480084319797252\",\"1334808707124068353\",\"1334822791945027585\",\"784480084491763712\",\"784480084491763713\",\"784480084491763714\",\"784480084491763715\",\"784480084491763716\",\"1339549078235017217\",\"784480084986691584\",\"784480084986691585\",\"784480084986691586\",\"784480084986691587\",\"784480084986691588\",\"54\",\"15\",\"1\",\"4\",\"16\",\"20\",\"27\",\"28\",\"29\",\"30\",\"31\",\"32\",\"33\",\"34\",\"35\",\"45\",\"46\",\"47\",\"48\",\"49\",\"1339410383213309953\",\"59\",\"60\",\"61\",\"62\",\"63\",\"55\",\"18\",\"14\",\"8\",\"7\",\"58\",\"21\",\"50\",\"2\",\"6\"],\"status\":1,\"updateTime\":1609424753634}]', '192.168.0.102', '2020-12-31 22:25:53');
INSERT INTO `sys_log` VALUES ('1344650992966004737', '1', 'admin', '角色管理-分页获取角色信息', '1', 'com.company.project.controller.RoleController.pageInfo()', '[{\"name\":\"\"}]', '192.168.0.102', '2020-12-31 22:25:53');
INSERT INTO `sys_log` VALUES ('1344655186171097089', '1', 'admin', '机构管理-树型组织列表', '11', 'com.company.project.controller.DeptController.getTree()', '[null]', '192.168.0.102', '2020-12-31 22:42:33');
INSERT INTO `sys_log` VALUES ('1344655186259177474', '1', 'admin', '用户管理-分页获取用户列表', '31', 'com.company.project.controller.UserController.pageInfo()', '[{}]', '192.168.0.102', '2020-12-31 22:42:33');
INSERT INTO `sys_log` VALUES ('1346046297758265345', '1', 'admin', '菜单权限管理-获取所有菜单权限', '296', 'com.company.project.controller.PermissionController.getAllMenusPermission()', null, '192.168.0.102', '2021-01-04 18:50:20');
INSERT INTO `sys_log` VALUES ('1346093131964956674', '1', 'admin', '用户管理-分页获取用户列表', '27', 'com.company.project.controller.UserController.pageInfo()', '[{\"realName\":\"\",\"username\":\"\"}]', '192.168.0.102', '2021-01-04 21:56:26');
INSERT INTO `sys_log` VALUES ('1346100717615349762', '1', 'admin', '菜单权限管理-获取所有菜单权限', '289', 'com.company.project.controller.PermissionController.getAllMenusPermission()', null, '0:0:0:0:0:0:0:1', '2021-01-04 22:26:35');
INSERT INTO `sys_log` VALUES ('1346100784296394753', '1', 'admin', '菜单权限管理-获取所有目录菜单树', '221', 'com.company.project.controller.PermissionController.getAllMenusPermissionTree()', '[\"\"]', '0:0:0:0:0:0:0:1', '2021-01-04 22:26:50');
INSERT INTO `sys_log` VALUES ('1346110382302593026', '1', 'admin', '菜单权限管理-新增菜单权限', '21', 'com.company.project.controller.PermissionController.addPermission()', '[{\"createTime\":1609772699306,\"deleted\":1,\"icon\":\"\",\"id\":\"1346110382243872770\",\"name\":\"我的考务\",\"orderNum\":10,\"perms\":\"\",\"pid\":\"1334808090397802498\",\"pidName\":\"考试管理\",\"status\":1,\"target\":\"_self\",\"type\":2,\"updateTime\":1609772699306,\"url\":\"/dlExamList/myList\"}]', '0:0:0:0:0:0:0:1', '2021-01-04 23:04:59');
INSERT INTO `sys_log` VALUES ('1346110384068395009', '1', 'admin', '菜单权限管理-获取所有菜单权限', '403', 'com.company.project.controller.PermissionController.getAllMenusPermission()', null, '0:0:0:0:0:0:0:1', '2021-01-04 23:04:59');
INSERT INTO `sys_log` VALUES ('1346110550309634050', '1', 'admin', '菜单权限管理-获取所有目录菜单树', '206', 'com.company.project.controller.PermissionController.getAllMenusPermissionTree()', '[\"1346110382243872770\"]', '0:0:0:0:0:0:0:1', '2021-01-04 23:05:39');
INSERT INTO `sys_log` VALUES ('1346110561307099138', '1', 'admin', '菜单权限管理-更新菜单权限', '16', 'com.company.project.controller.PermissionController.updatePermission()', '[{\"icon\":\"\",\"id\":\"1346110382243872770\",\"name\":\"我的考务\",\"orderNum\":10,\"perms\":\"\",\"pid\":\"1334808090397802498\",\"pidName\":\"考试管理\",\"status\":1,\"target\":\"_self\",\"type\":2,\"updateTime\":1609772741980,\"url\":\"/index/dlExamList\"}]', '0:0:0:0:0:0:0:1', '2021-01-04 23:05:41');
INSERT INTO `sys_log` VALUES ('1346110562049490946', '1', 'admin', '菜单权限管理-获取所有菜单权限', '180', 'com.company.project.controller.PermissionController.getAllMenusPermission()', null, '0:0:0:0:0:0:0:1', '2021-01-04 23:05:42');
INSERT INTO `sys_log` VALUES ('1346110678479175681', '1', 'admin', '菜单权限管理-删除菜单权限', '30', 'com.company.project.controller.PermissionController.deleted()', '[\"1346110382243872770\"]', '0:0:0:0:0:0:0:1', '2021-01-04 23:06:09');
INSERT INTO `sys_log` VALUES ('1346110679238344705', '1', 'admin', '菜单权限管理-获取所有菜单权限', '161', 'com.company.project.controller.PermissionController.getAllMenusPermission()', null, '0:0:0:0:0:0:0:1', '2021-01-04 23:06:10');
INSERT INTO `sys_log` VALUES ('1346110728752103425', '1', 'admin', '菜单权限管理-获取所有目录菜单树', '156', 'com.company.project.controller.PermissionController.getAllMenusPermissionTree()', '[\"784480084256882688\"]', '0:0:0:0:0:0:0:1', '2021-01-04 23:06:21');
INSERT INTO `sys_log` VALUES ('1346110817209974785', '1', 'admin', '菜单权限管理-更新菜单权限', '6', 'com.company.project.controller.PermissionController.updatePermission()', '[{\"icon\":\"\",\"id\":\"784480084256882688\",\"name\":\"我的考务\",\"orderNum\":10,\"perms\":\"\",\"pid\":\"1334808090397802498\",\"pidName\":\"考试管理\",\"status\":1,\"target\":\"_self\",\"type\":2,\"updateTime\":1609772803000,\"url\":\"/index/dlExamList\"}]', '0:0:0:0:0:0:0:1', '2021-01-04 23:06:43');
INSERT INTO `sys_log` VALUES ('1346110817935589377', '1', 'admin', '菜单权限管理-获取所有菜单权限', '159', 'com.company.project.controller.PermissionController.getAllMenusPermission()', null, '0:0:0:0:0:0:0:1', '2021-01-04 23:06:43');
INSERT INTO `sys_log` VALUES ('1346110920473739266', '1', 'admin', '菜单权限管理-获取所有目录菜单树', '150', 'com.company.project.controller.PermissionController.getAllMenusPermissionTree()', '[\"784480084189773824\"]', '0:0:0:0:0:0:0:1', '2021-01-04 23:07:07');
INSERT INTO `sys_log` VALUES ('1346110940262465537', '1', 'admin', '菜单权限管理-更新菜单权限', '9', 'com.company.project.controller.PermissionController.updatePermission()', '[{\"icon\":\"\",\"id\":\"784480084189773824\",\"name\":\"考试计划管理\",\"orderNum\":1,\"perms\":\"\",\"pid\":\"1334808090397802498\",\"pidName\":\"考试管理\",\"status\":1,\"target\":\"_self\",\"type\":2,\"updateTime\":1609772832335,\"url\":\"/index/dlExamPlan\"}]', '0:0:0:0:0:0:0:1', '2021-01-04 23:07:12');
INSERT INTO `sys_log` VALUES ('1346110940887416834', '1', 'admin', '菜单权限管理-获取所有菜单权限', '135', 'com.company.project.controller.PermissionController.getAllMenusPermission()', null, '0:0:0:0:0:0:0:1', '2021-01-04 23:07:12');
INSERT INTO `sys_log` VALUES ('1346238963968147458', '1', 'admin', '菜单权限管理-获取所有目录菜单树', '151', 'com.company.project.controller.PermissionController.getAllMenusPermissionTree()', '[\"\"]', '0:0:0:0:0:0:0:1', '2021-01-05 07:35:55');
INSERT INTO `sys_log` VALUES ('1346239294781292546', '1', 'admin', '菜单权限管理-新增菜单权限', '9', 'com.company.project.controller.PermissionController.addPermission()', '[{\"createTime\":1609803434441,\"deleted\":1,\"icon\":\"\",\"id\":\"1346239294743543809\",\"name\":\"我的考务\",\"orderNum\":11,\"perms\":\"\",\"pid\":\"1334808090397802498\",\"pidName\":\"考试管理\",\"status\":1,\"target\":\"_self\",\"type\":2,\"updateTime\":1609803434441,\"url\":\"dlExamList/myList\"}]', '0:0:0:0:0:0:0:1', '2021-01-05 07:37:14');
INSERT INTO `sys_log` VALUES ('1346239295406243842', '1', 'admin', '菜单权限管理-获取所有菜单权限', '134', 'com.company.project.controller.PermissionController.getAllMenusPermission()', null, '0:0:0:0:0:0:0:1', '2021-01-05 07:37:14');
INSERT INTO `sys_log` VALUES ('1346239425903624194', '1', 'admin', '菜单权限管理-获取所有目录菜单树', '129', 'com.company.project.controller.PermissionController.getAllMenusPermissionTree()', '[\"784480084256882688\"]', '0:0:0:0:0:0:0:1', '2021-01-05 07:37:45');
INSERT INTO `sys_log` VALUES ('1346239460510826497', '1', 'admin', '菜单权限管理-更新菜单权限', '11', 'com.company.project.controller.PermissionController.updatePermission()', '[{\"icon\":\"\",\"id\":\"784480084256882688\",\"name\":\"考务查询\",\"orderNum\":10,\"perms\":\"\",\"pid\":\"1334808090397802498\",\"pidName\":\"考试管理\",\"status\":1,\"target\":\"_self\",\"type\":2,\"updateTime\":1609803473954,\"url\":\"/index/dlExamList\"}]', '0:0:0:0:0:0:0:1', '2021-01-05 07:37:53');
INSERT INTO `sys_log` VALUES ('1346239461119000578', '1', 'admin', '菜单权限管理-获取所有菜单权限', '126', 'com.company.project.controller.PermissionController.getAllMenusPermission()', null, '0:0:0:0:0:0:0:1', '2021-01-05 07:37:54');
INSERT INTO `sys_log` VALUES ('1346239496040775682', '1', 'admin', '角色管理-分页获取角色信息', '20', 'com.company.project.controller.RoleController.pageInfo()', '[{}]', '0:0:0:0:0:0:0:1', '2021-01-05 07:38:02');
INSERT INTO `sys_log` VALUES ('1346239501954744321', '1', 'admin', '角色管理-查询角色详情', '155', 'com.company.project.controller.RoleController.detailInfo()', '[\"1331087516021194754\"]', '0:0:0:0:0:0:0:1', '2021-01-05 07:38:03');
INSERT INTO `sys_log` VALUES ('1346239527972012034', '1', 'admin', '角色管理-分页获取角色信息', '5', 'com.company.project.controller.RoleController.pageInfo()', '[{}]', '0:0:0:0:0:0:0:1', '2021-01-05 07:38:10');
INSERT INTO `sys_log` VALUES ('1346239534427045889', '1', 'admin', '角色管理-查询角色详情', '127', 'com.company.project.controller.RoleController.detailInfo()', '[\"1\"]', '0:0:0:0:0:0:0:1', '2021-01-05 07:38:11');
INSERT INTO `sys_log` VALUES ('1346239605000404994', '1', 'admin', '角色管理-更新角色信息', '80', 'com.company.project.controller.RoleController.updateDept()', '[{\"description\":\"拥有所有权限-不能删除\",\"id\":\"1\",\"name\":\"超级管理员\",\"permissions\":[\"51\",\"11\",\"17\",\"26\",\"40\",\"43\",\"44\",\"53\",\"3\",\"19\",\"36\",\"1311115974068449281\",\"13\",\"39\",\"41\",\"5\",\"9\",\"12\",\"22\",\"38\",\"1334806348645957634\",\"784480084756004864\",\"784480084756004865\",\"784480084756004866\",\"784480084756004867\",\"784480084756004868\",\"784480084814725120\",\"784480084814725121\",\"784480084814725122\",\"784480084814725123\",\"784480084814725124\",\"784480084932165632\",\"784480084932165633\",\"784480084932165634\",\"784480084932165635\",\"784480084932165636\",\"1335060861890002945\",\"784480085104132096\",\"784480085104132097\",\"784480085104132098\",\"784480085104132099\",\"784480085104132100\",\"1334806894995996673\",\"784480084391100416\",\"784480084391100417\",\"784480084391100418\",\"784480084391100419\",\"784480084391100420\",\"784480084634370048\",\"784480084634370049\",\"784480084634370050\",\"784480084634370051\",\"784480084634370052\",\"24\",\"10\",\"23\",\"25\",\"42\",\"52\",\"56\",\"57\",\"1334807138768945153\",\"784480084567261184\",\"784480084567261185\",\"784480084567261186\",\"784480084567261187\",\"784480084567261188\",\"784480084693090304\",\"784480084693090305\",\"784480084693090306\",\"784480084693090307\",\"784480084693090308\",\"784480084877639680\",\"784480084877639681\",\"784480084877639682\",\"784480084877639683\",\"784480084877639684\",\"784480085049606144\",\"784480085049606145\",\"784480085049606146\",\"784480085049606147\",\"784480085049606148\",\"789437171000934400\",\"789437171000934401\",\"789437171000934402\",\"789437171000934403\",\"789437171000934404\",\"1334808583455014914\",\"1334808090397802498\",\"784480084189773824\",\"784480084189773825\",\"784480084189773826\",\"784480084189773827\",\"784480084189773828\",\"784480083837452289\",\"784480083837452290\",\"784480083837452291\",\"784480083837452292\",\"793103294946869249\",\"793103294946869250\",\"793103294946869251\",\"793103294946869252\",\"1344644834154868738\",\"784480084034584577\",\"784480084034584578\",\"784480084034584579\",\"784480084034584580\",\"784480084118470656\",\"784480084118470657\",\"784480084118470658\",\"784480084118470659\",\"784480084118470660\",\"784480084256882688\",\"784480084256882689\",\"784480084256882690\",\"784480084256882691\",\"784480084256882692\",\"784480084319797248\",\"784480084319797249\",\"784480084319797250\",\"784480084319797251\",\"784480084319797252\",\"1346239294743543809\",\"1334808707124068353\",\"1334822791945027585\",\"784480084491763712\",\"784480084491763713\",\"784480084491763714\",\"784480084491763715\",\"784480084491763716\",\"1339549078235017217\",\"784480084986691584\",\"784480084986691585\",\"784480084986691586\",\"784480084986691587\",\"784480084986691588\",\"54\",\"15\",\"1\",\"4\",\"16\",\"20\",\"27\",\"28\",\"29\",\"30\",\"31\",\"32\",\"33\",\"34\",\"35\",\"45\",\"46\",\"47\",\"48\",\"49\",\"1339410383213309953\",\"59\",\"60\",\"61\",\"62\",\"63\",\"55\",\"18\",\"14\",\"8\",\"7\",\"58\",\"21\",\"50\",\"2\",\"6\"],\"status\":1,\"updateTime\":1609803508331}]', '0:0:0:0:0:0:0:1', '2021-01-05 07:38:28');
INSERT INTO `sys_log` VALUES ('1346239605415641089', '1', 'admin', '角色管理-分页获取角色信息', '4', 'com.company.project.controller.RoleController.pageInfo()', '[{\"name\":\"\"}]', '0:0:0:0:0:0:0:1', '2021-01-05 07:38:28');
INSERT INTO `sys_log` VALUES ('1346239673115901953', '1', 'admin', '菜单权限管理-获取所有菜单权限', '118', 'com.company.project.controller.PermissionController.getAllMenusPermission()', null, '0:0:0:0:0:0:0:1', '2021-01-05 07:38:44');
INSERT INTO `sys_log` VALUES ('1346239827722141698', '1', 'admin', '菜单权限管理-获取所有目录菜单树', '145', 'com.company.project.controller.PermissionController.getAllMenusPermissionTree()', '[\"784480084118470656\"]', '0:0:0:0:0:0:0:1', '2021-01-05 07:39:21');
INSERT INTO `sys_log` VALUES ('1346240011352965122', '1', 'admin', '菜单权限管理-更新菜单权限', '12', 'com.company.project.controller.PermissionController.updatePermission()', '[{\"icon\":\"\",\"id\":\"784480084118470656\",\"name\":\"成绩管理\",\"orderNum\":10,\"perms\":\"\",\"pid\":\"1334808090397802498\",\"pidName\":\"考试管理\",\"status\":1,\"target\":\"_self\",\"type\":2,\"updateTime\":1609803605280,\"url\":\"/index/dlExamResult\"}]', '0:0:0:0:0:0:0:1', '2021-01-05 07:40:05');
INSERT INTO `sys_log` VALUES ('1346240011885641730', '1', 'admin', '菜单权限管理-获取所有菜单权限', '114', 'com.company.project.controller.PermissionController.getAllMenusPermission()', null, '0:0:0:0:0:0:0:1', '2021-01-05 07:40:05');
INSERT INTO `sys_log` VALUES ('1346240151283335170', '1', 'admin', '菜单权限管理-获取所有目录菜单树', '142', 'com.company.project.controller.PermissionController.getAllMenusPermissionTree()', '[\"784480084319797248\"]', '0:0:0:0:0:0:0:1', '2021-01-05 07:40:38');
INSERT INTO `sys_log` VALUES ('1346240243599966210', '1', 'admin', '菜单权限管理-获取所有目录菜单树', '119', 'com.company.project.controller.PermissionController.getAllMenusPermissionTree()', '[\"784480084319797248\"]', '0:0:0:0:0:0:0:1', '2021-01-05 07:41:00');
INSERT INTO `sys_log` VALUES ('1346240395853201409', '1', 'admin', '菜单权限管理-获取所有目录菜单树', '140', 'com.company.project.controller.PermissionController.getAllMenusPermissionTree()', '[\"784480084319797249\"]', '0:0:0:0:0:0:0:1', '2021-01-05 07:41:36');
INSERT INTO `sys_log` VALUES ('1346240490304733185', '1', 'admin', '菜单权限管理-更新菜单权限', '10', 'com.company.project.controller.PermissionController.updatePermission()', '[{\"icon\":\"\",\"id\":\"784480084319797249\",\"name\":\"班级新增\",\"orderNum\":15,\"perms\":\"dlExamClass:add\",\"pid\":\"784480084189773824\",\"pidName\":\"考试计划管理\",\"status\":1,\"target\":\"_self\",\"type\":3,\"updateTime\":1609803719472,\"url\":\"dlExamClass/add\"}]', '0:0:0:0:0:0:0:1', '2021-01-05 07:41:59');
INSERT INTO `sys_log` VALUES ('1346240490845798402', '1', 'admin', '菜单权限管理-获取所有菜单权限', '116', 'com.company.project.controller.PermissionController.getAllMenusPermission()', null, '0:0:0:0:0:0:0:1', '2021-01-05 07:41:59');
INSERT INTO `sys_log` VALUES ('1346240532142915586', '1', 'admin', '菜单权限管理-获取所有目录菜单树', '139', 'com.company.project.controller.PermissionController.getAllMenusPermissionTree()', '[\"784480084319797250\"]', '0:0:0:0:0:0:0:1', '2021-01-05 07:42:09');
INSERT INTO `sys_log` VALUES ('1346240592134045697', '1', 'admin', '菜单权限管理-更新菜单权限', '5', 'com.company.project.controller.PermissionController.updatePermission()', '[{\"icon\":\"\",\"id\":\"784480084319797250\",\"name\":\"班级修改\",\"orderNum\":15,\"perms\":\"dlExamClass:update\",\"pid\":\"784480084189773824\",\"pidName\":\"考试计划管理\",\"status\":1,\"target\":\"_self\",\"type\":3,\"updateTime\":1609803743754,\"url\":\"dlExamClass/update\"}]', '0:0:0:0:0:0:0:1', '2021-01-05 07:42:23');
INSERT INTO `sys_log` VALUES ('1346240592691888129', '1', 'admin', '菜单权限管理-获取所有菜单权限', '120', 'com.company.project.controller.PermissionController.getAllMenusPermission()', null, '0:0:0:0:0:0:0:1', '2021-01-05 07:42:23');
INSERT INTO `sys_log` VALUES ('1346240642121760769', '1', 'admin', '菜单权限管理-获取所有目录菜单树', '131', 'com.company.project.controller.PermissionController.getAllMenusPermissionTree()', '[\"784480084319797251\"]', '0:0:0:0:0:0:0:1', '2021-01-05 07:42:35');
INSERT INTO `sys_log` VALUES ('1346240696995840002', '1', 'admin', '菜单权限管理-更新菜单权限', '6', 'com.company.project.controller.PermissionController.updatePermission()', '[{\"icon\":\"\",\"id\":\"784480084319797251\",\"name\":\"班级删除\",\"orderNum\":15,\"perms\":\"dlExamClass:delete\",\"pid\":\"784480084189773824\",\"pidName\":\"考试计划管理\",\"status\":1,\"target\":\"_self\",\"type\":3,\"updateTime\":1609803768755,\"url\":\"dlExamClass/delete\"}]', '0:0:0:0:0:0:0:1', '2021-01-05 07:42:48');
INSERT INTO `sys_log` VALUES ('1346240697633374209', '1', 'admin', '菜单权限管理-获取所有菜单权限', '136', 'com.company.project.controller.PermissionController.getAllMenusPermission()', null, '0:0:0:0:0:0:0:1', '2021-01-05 07:42:48');
INSERT INTO `sys_log` VALUES ('1346240750443855873', '1', 'admin', '菜单权限管理-获取所有目录菜单树', '151', 'com.company.project.controller.PermissionController.getAllMenusPermissionTree()', '[\"784480084319797252\"]', '0:0:0:0:0:0:0:1', '2021-01-05 07:43:01');
INSERT INTO `sys_log` VALUES ('1346240836385144833', '1', 'admin', '菜单权限管理-更新菜单权限', '10', 'com.company.project.controller.PermissionController.updatePermission()', '[{\"icon\":\"\",\"id\":\"784480084319797252\",\"name\":\"班级列表\",\"orderNum\":15,\"perms\":\"dlExamClass:list\",\"pid\":\"784480084189773824\",\"pidName\":\"考试计划管理\",\"status\":1,\"target\":\"_self\",\"type\":3,\"updateTime\":1609803801985,\"url\":\"dlExamClass/listByPage\"}]', '0:0:0:0:0:0:0:1', '2021-01-05 07:43:21');
INSERT INTO `sys_log` VALUES ('1346240837056233473', '1', 'admin', '菜单权限管理-获取所有菜单权限', '142', 'com.company.project.controller.PermissionController.getAllMenusPermission()', null, '0:0:0:0:0:0:0:1', '2021-01-05 07:43:22');
INSERT INTO `sys_log` VALUES ('1346240935932755969', '1', 'admin', '菜单权限管理-删除菜单权限', '14', 'com.company.project.controller.PermissionController.deleted()', '[\"784480084319797248\"]', '0:0:0:0:0:0:0:1', '2021-01-05 07:43:45');
INSERT INTO `sys_log` VALUES ('1346240936612233217', '1', 'admin', '菜单权限管理-获取所有菜单权限', '138', 'com.company.project.controller.PermissionController.getAllMenusPermission()', null, '0:0:0:0:0:0:0:1', '2021-01-05 07:43:45');
INSERT INTO `sys_log` VALUES ('1346241116644343810', '1', 'admin', '菜单权限管理-获取所有目录菜单树', '151', 'com.company.project.controller.PermissionController.getAllMenusPermissionTree()', '[\"1346239294743543809\"]', '0:0:0:0:0:0:0:1', '2021-01-05 07:44:28');
INSERT INTO `sys_log` VALUES ('1346241490251972609', '1', 'admin', '菜单权限管理-获取所有菜单权限', '122', 'com.company.project.controller.PermissionController.getAllMenusPermission()', null, '0:0:0:0:0:0:0:1', '2021-01-05 07:45:57');
INSERT INTO `sys_log` VALUES ('1346241521306599425', '1', 'admin', '菜单权限管理-获取所有目录菜单树', '134', 'com.company.project.controller.PermissionController.getAllMenusPermissionTree()', '[\"784480084189773824\"]', '0:0:0:0:0:0:0:1', '2021-01-05 07:46:05');
INSERT INTO `sys_log` VALUES ('1346241545751003138', '1', 'admin', '菜单权限管理-更新菜单权限', '4', 'com.company.project.controller.PermissionController.updatePermission()', '[{\"icon\":\"\",\"id\":\"784480084189773824\",\"name\":\"考试计划\",\"orderNum\":1,\"perms\":\"\",\"pid\":\"1334808090397802498\",\"pidName\":\"考试管理\",\"status\":1,\"target\":\"_self\",\"type\":2,\"updateTime\":1609803971120,\"url\":\"/index/dlExamPlan\"}]', '0:0:0:0:0:0:0:1', '2021-01-05 07:46:11');
INSERT INTO `sys_log` VALUES ('1346241546296262658', '1', 'admin', '菜单权限管理-获取所有菜单权限', '114', 'com.company.project.controller.PermissionController.getAllMenusPermission()', null, '0:0:0:0:0:0:0:1', '2021-01-05 07:46:11');
INSERT INTO `sys_log` VALUES ('1346242350327562241', '1', 'admin', '菜单权限管理-获取所有菜单权限', '128', 'com.company.project.controller.PermissionController.getAllMenusPermission()', null, '0:0:0:0:0:0:0:1', '2021-01-05 07:49:22');
INSERT INTO `sys_log` VALUES ('1346242841803522050', '1', 'admin', '菜单权限管理-获取所有目录菜单树', '132', 'com.company.project.controller.PermissionController.getAllMenusPermissionTree()', '[\"1346239294743543809\"]', '0:0:0:0:0:0:0:1', '2021-01-05 07:51:20');
INSERT INTO `sys_log` VALUES ('1346242854902333442', '1', 'admin', '菜单权限管理-更新菜单权限', '10', 'com.company.project.controller.PermissionController.updatePermission()', '[{\"icon\":\"\",\"id\":\"1346239294743543809\",\"name\":\"我的考务\",\"orderNum\":11,\"perms\":\"\",\"pid\":\"1334808090397802498\",\"pidName\":\"考试管理\",\"status\":1,\"target\":\"_self\",\"type\":2,\"updateTime\":1609804283237,\"url\":\"/index/dlExamMyList\"}]', '0:0:0:0:0:0:0:1', '2021-01-05 07:51:23');
INSERT INTO `sys_log` VALUES ('1346242855472758785', '1', 'admin', '菜单权限管理-获取所有菜单权限', '126', 'com.company.project.controller.PermissionController.getAllMenusPermission()', null, '0:0:0:0:0:0:0:1', '2021-01-05 07:51:23');
INSERT INTO `sys_log` VALUES ('1346451703554965506', '1', 'admin', '菜单权限管理-获取所有菜单权限', '344', 'com.company.project.controller.PermissionController.getAllMenusPermission()', null, '192.168.0.102', '2021-01-05 21:41:16');
INSERT INTO `sys_log` VALUES ('1346451783020249089', '1', 'admin', '菜单权限管理-获取所有目录菜单树', '231', 'com.company.project.controller.PermissionController.getAllMenusPermissionTree()', '[\"\"]', '192.168.0.102', '2021-01-05 21:41:35');
INSERT INTO `sys_log` VALUES ('1346451957515878402', '1', 'admin', '菜单权限管理-新增菜单权限', '11', 'com.company.project.controller.PermissionController.addPermission()', '[{\"createTime\":1609854137181,\"deleted\":1,\"icon\":\"\",\"id\":\"1346451957448769537\",\"name\":\"我的考务列表\",\"orderNum\":3,\"perms\":\"dlExamList:list\",\"pid\":\"1346239294743543809\",\"pidName\":\"我的考务\",\"status\":1,\"target\":\"_self\",\"type\":3,\"updateTime\":1609854137181,\"url\":\"dlExamList/myList\"}]', '192.168.0.102', '2021-01-05 21:42:17');
INSERT INTO `sys_log` VALUES ('1346451958392487938', '1', 'admin', '菜单权限管理-获取所有菜单权限', '188', 'com.company.project.controller.PermissionController.getAllMenusPermission()', null, '192.168.0.102', '2021-01-05 21:42:17');
INSERT INTO `sys_log` VALUES ('1346452831009021953', '1', 'admin', '菜单权限管理-获取所有菜单权限', '325', 'com.company.project.controller.PermissionController.getAllMenusPermission()', null, '192.168.0.102', '2021-01-05 21:45:45');
INSERT INTO `sys_log` VALUES ('1346452917415878657', '1', 'admin', '角色管理-分页获取角色信息', '51', 'com.company.project.controller.RoleController.pageInfo()', '[{}]', '192.168.0.102', '2021-01-05 21:46:06');
INSERT INTO `sys_log` VALUES ('1346452927335407618', '1', 'admin', '角色管理-查询角色详情', '252', 'com.company.project.controller.RoleController.detailInfo()', '[\"1\"]', '192.168.0.102', '2021-01-05 21:46:08');
INSERT INTO `sys_log` VALUES ('1346452966690562049', '1', 'admin', '角色管理-更新角色信息', '110', 'com.company.project.controller.RoleController.updateDept()', '[{\"description\":\"拥有所有权限-不能删除\",\"id\":\"1\",\"name\":\"超级管理员\",\"permissions\":[\"51\",\"11\",\"17\",\"26\",\"40\",\"43\",\"44\",\"53\",\"3\",\"19\",\"36\",\"1311115974068449281\",\"13\",\"39\",\"41\",\"5\",\"9\",\"12\",\"22\",\"38\",\"1334806348645957634\",\"784480084756004864\",\"784480084756004865\",\"784480084756004866\",\"784480084756004867\",\"784480084756004868\",\"784480084814725120\",\"784480084814725121\",\"784480084814725122\",\"784480084814725123\",\"784480084814725124\",\"784480084932165632\",\"784480084932165633\",\"784480084932165634\",\"784480084932165635\",\"784480084932165636\",\"1335060861890002945\",\"784480085104132096\",\"784480085104132097\",\"784480085104132098\",\"784480085104132099\",\"784480085104132100\",\"1334806894995996673\",\"784480084391100416\",\"784480084391100417\",\"784480084391100418\",\"784480084391100419\",\"784480084391100420\",\"784480084634370048\",\"784480084634370049\",\"784480084634370050\",\"784480084634370051\",\"784480084634370052\",\"24\",\"10\",\"23\",\"25\",\"42\",\"52\",\"56\",\"57\",\"1334807138768945153\",\"784480084567261184\",\"784480084567261185\",\"784480084567261186\",\"784480084567261187\",\"784480084567261188\",\"784480084693090304\",\"784480084693090305\",\"784480084693090306\",\"784480084693090307\",\"784480084693090308\",\"784480084877639680\",\"784480084877639681\",\"784480084877639682\",\"784480084877639683\",\"784480084877639684\",\"784480085049606144\",\"784480085049606145\",\"784480085049606146\",\"784480085049606147\",\"784480085049606148\",\"789437171000934400\",\"789437171000934401\",\"789437171000934402\",\"789437171000934403\",\"789437171000934404\",\"1334808583455014914\",\"1334808090397802498\",\"784480084189773824\",\"784480084189773825\",\"784480084189773826\",\"784480084189773827\",\"784480084189773828\",\"784480083837452289\",\"784480083837452290\",\"784480083837452291\",\"784480083837452292\",\"793103294946869249\",\"793103294946869250\",\"793103294946869251\",\"793103294946869252\",\"1344644834154868738\",\"784480084034584577\",\"784480084034584578\",\"784480084034584579\",\"784480084034584580\",\"784480084319797249\",\"784480084319797250\",\"784480084319797251\",\"784480084319797252\",\"784480084118470656\",\"784480084118470657\",\"784480084118470658\",\"784480084118470659\",\"784480084118470660\",\"784480084256882688\",\"784480084256882689\",\"784480084256882690\",\"784480084256882691\",\"784480084256882692\",\"1346239294743543809\",\"1346451957448769537\",\"1334808707124068353\",\"1334822791945027585\",\"784480084491763712\",\"784480084491763713\",\"784480084491763714\",\"784480084491763715\",\"784480084491763716\",\"1339549078235017217\",\"784480084986691584\",\"784480084986691585\",\"784480084986691586\",\"784480084986691587\",\"784480084986691588\",\"54\",\"15\",\"1\",\"4\",\"16\",\"20\",\"27\",\"28\",\"29\",\"30\",\"31\",\"32\",\"33\",\"34\",\"35\",\"45\",\"46\",\"47\",\"48\",\"49\",\"1339410383213309953\",\"59\",\"60\",\"61\",\"62\",\"63\",\"55\",\"18\",\"14\",\"8\",\"7\",\"58\",\"21\",\"50\",\"2\",\"6\"],\"status\":1,\"updateTime\":1609854377698}]', '192.168.0.102', '2021-01-05 21:46:17');
INSERT INTO `sys_log` VALUES ('1346452967177101313', '1', 'admin', '角色管理-分页获取角色信息', '5', 'com.company.project.controller.RoleController.pageInfo()', '[{\"name\":\"\"}]', '192.168.0.102', '2021-01-05 21:46:17');
INSERT INTO `sys_log` VALUES ('1346635462195552258', '1', 'admin', '菜单权限管理-获取所有菜单权限', '274', 'com.company.project.controller.PermissionController.getAllMenusPermission()', null, '192.168.0.102', '2021-01-06 09:51:28');
INSERT INTO `sys_log` VALUES ('1346635526200631297', '1', 'admin', '菜单权限管理-获取所有目录菜单树', '255', 'com.company.project.controller.PermissionController.getAllMenusPermissionTree()', '[\"\"]', '192.168.0.102', '2021-01-06 09:51:43');
INSERT INTO `sys_log` VALUES ('1346635873509974017', '1', 'admin', '菜单权限管理-获取所有目录菜单树', '216', 'com.company.project.controller.PermissionController.getAllMenusPermissionTree()', '[\"784480084118470656\"]', '192.168.0.102', '2021-01-06 09:53:06');
INSERT INTO `sys_log` VALUES ('1346635984575143938', '1', 'admin', '菜单权限管理-更新菜单权限', '15', 'com.company.project.controller.PermissionController.updatePermission()', '[{\"icon\":\"\",\"id\":\"784480084118470656\",\"name\":\"成绩管理\",\"orderNum\":10,\"perms\":\"\",\"pid\":\"1334808090397802498\",\"pidName\":\"考试管理\",\"status\":1,\"target\":\"_self\",\"type\":1,\"updateTime\":1609898012652,\"url\":\"/index/dlExamResult\"}]', '192.168.0.102', '2021-01-06 09:53:32');
INSERT INTO `sys_log` VALUES ('1346635985422393346', '1', 'admin', '菜单权限管理-获取所有菜单权限', '188', 'com.company.project.controller.PermissionController.getAllMenusPermission()', null, '192.168.0.102', '2021-01-06 09:53:32');
INSERT INTO `sys_log` VALUES ('1346636063432253442', '1', 'admin', '菜单权限管理-获取所有目录菜单树', '195', 'com.company.project.controller.PermissionController.getAllMenusPermissionTree()', '[\"784480084118470656\"]', '192.168.0.102', '2021-01-06 09:53:51');
INSERT INTO `sys_log` VALUES ('1346636093870317569', '1', 'admin', '菜单权限管理-获取所有目录菜单树', '188', 'com.company.project.controller.PermissionController.getAllMenusPermissionTree()', '[\"\"]', '192.168.0.102', '2021-01-06 09:53:58');
INSERT INTO `sys_log` VALUES ('1346636197595455490', '1', 'admin', '菜单权限管理-新增菜单权限', '11', 'com.company.project.controller.PermissionController.addPermission()', '[{\"createTime\":1609898063442,\"deleted\":1,\"icon\":\"\",\"id\":\"1346636197545123842\",\"name\":\"成绩录入\",\"orderNum\":2,\"perms\":\"\",\"pid\":\"784480084118470656\",\"pidName\":\"成绩管理\",\"status\":1,\"target\":\"_self\",\"type\":2,\"updateTime\":1609898063442,\"url\":\"/index/dlExamResult\"}]', '192.168.0.102', '2021-01-06 09:54:23');
INSERT INTO `sys_log` VALUES ('1346636198342041602', '1', 'admin', '菜单权限管理-获取所有菜单权限', '163', 'com.company.project.controller.PermissionController.getAllMenusPermission()', null, '192.168.0.102', '2021-01-06 09:54:23');
INSERT INTO `sys_log` VALUES ('1346636284866338818', '1', 'admin', '菜单权限管理-获取所有目录菜单树', '155', 'com.company.project.controller.PermissionController.getAllMenusPermissionTree()', '[\"784480084118470656\"]', '192.168.0.102', '2021-01-06 09:54:44');
INSERT INTO `sys_log` VALUES ('1346636309738561538', '1', 'admin', '菜单权限管理-获取所有目录菜单树', '145', 'com.company.project.controller.PermissionController.getAllMenusPermissionTree()', '[\"\"]', '192.168.0.102', '2021-01-06 09:54:50');
INSERT INTO `sys_log` VALUES ('1346636399983206402', '1', 'admin', '菜单权限管理-新增菜单权限', '10', 'com.company.project.controller.PermissionController.addPermission()', '[{\"createTime\":1609898111695,\"deleted\":1,\"icon\":\"\",\"id\":\"1346636399928680450\",\"name\":\"成绩查询\",\"orderNum\":1,\"perms\":\"\",\"pid\":\"784480084118470656\",\"pidName\":\"成绩管理\",\"status\":1,\"target\":\"_self\",\"type\":2,\"updateTime\":1609898111695,\"url\":\"/index/dlExamResult\"}]', '192.168.0.102', '2021-01-06 09:55:11');
INSERT INTO `sys_log` VALUES ('1346636400570408962', '1', 'admin', '菜单权限管理-获取所有菜单权限', '127', 'com.company.project.controller.PermissionController.getAllMenusPermission()', null, '192.168.0.102', '2021-01-06 09:55:11');
INSERT INTO `sys_log` VALUES ('1346636597543313410', '1', 'admin', '角色管理-分页获取角色信息', '16', 'com.company.project.controller.RoleController.pageInfo()', '[{}]', '192.168.0.102', '2021-01-06 09:55:58');
INSERT INTO `sys_log` VALUES ('1346636608406560769', '1', 'admin', '角色管理-查询角色详情', '155', 'com.company.project.controller.RoleController.detailInfo()', '[\"1\"]', '192.168.0.102', '2021-01-06 09:56:01');
INSERT INTO `sys_log` VALUES ('1346636680351457282', '1', 'admin', '角色管理-更新角色信息', '94', 'com.company.project.controller.RoleController.updateDept()', '[{\"description\":\"拥有所有权限-不能删除\",\"id\":\"1\",\"name\":\"超级管理员\",\"permissions\":[\"51\",\"11\",\"17\",\"26\",\"40\",\"43\",\"44\",\"53\",\"3\",\"19\",\"36\",\"1311115974068449281\",\"13\",\"39\",\"41\",\"5\",\"9\",\"12\",\"22\",\"38\",\"1334806348645957634\",\"784480084756004864\",\"784480084756004865\",\"784480084756004866\",\"784480084756004867\",\"784480084756004868\",\"784480084814725120\",\"784480084814725121\",\"784480084814725122\",\"784480084814725123\",\"784480084814725124\",\"784480084932165632\",\"784480084932165633\",\"784480084932165634\",\"784480084932165635\",\"784480084932165636\",\"1335060861890002945\",\"784480085104132096\",\"784480085104132097\",\"784480085104132098\",\"784480085104132099\",\"784480085104132100\",\"1334806894995996673\",\"784480084391100416\",\"784480084391100417\",\"784480084391100418\",\"784480084391100419\",\"784480084391100420\",\"784480084634370048\",\"784480084634370049\",\"784480084634370050\",\"784480084634370051\",\"784480084634370052\",\"24\",\"10\",\"23\",\"25\",\"42\",\"52\",\"56\",\"57\",\"1334807138768945153\",\"784480084567261184\",\"784480084567261185\",\"784480084567261186\",\"784480084567261187\",\"784480084567261188\",\"784480084693090304\",\"784480084693090305\",\"784480084693090306\",\"784480084693090307\",\"784480084693090308\",\"784480084877639680\",\"784480084877639681\",\"784480084877639682\",\"784480084877639683\",\"784480084877639684\",\"784480085049606144\",\"784480085049606145\",\"784480085049606146\",\"784480085049606147\",\"784480085049606148\",\"789437171000934400\",\"789437171000934401\",\"789437171000934402\",\"789437171000934403\",\"789437171000934404\",\"1334808583455014914\",\"1334808090397802498\",\"784480084189773824\",\"784480084189773825\",\"784480084189773826\",\"784480084189773827\",\"784480084189773828\",\"784480083837452289\",\"784480083837452290\",\"784480083837452291\",\"784480083837452292\",\"793103294946869249\",\"793103294946869250\",\"793103294946869251\",\"793103294946869252\",\"1344644834154868738\",\"784480084034584577\",\"784480084034584578\",\"784480084034584579\",\"784480084034584580\",\"784480084319797249\",\"784480084319797250\",\"784480084319797251\",\"784480084319797252\",\"784480084118470656\",\"784480084118470657\",\"784480084118470658\",\"784480084118470659\",\"784480084118470660\",\"1346636399928680450\",\"1346636197545123842\",\"784480084256882688\",\"784480084256882689\",\"784480084256882690\",\"784480084256882691\",\"784480084256882692\",\"1346239294743543809\",\"1346451957448769537\",\"1334808707124068353\",\"1334822791945027585\",\"784480084491763712\",\"784480084491763713\",\"784480084491763714\",\"784480084491763715\",\"784480084491763716\",\"1339549078235017217\",\"784480084986691584\",\"784480084986691585\",\"784480084986691586\",\"784480084986691587\",\"784480084986691588\",\"54\",\"15\",\"1\",\"4\",\"16\",\"20\",\"27\",\"28\",\"29\",\"30\",\"31\",\"32\",\"33\",\"34\",\"35\",\"45\",\"46\",\"47\",\"48\",\"49\",\"1339410383213309953\",\"59\",\"60\",\"61\",\"62\",\"63\",\"55\",\"18\",\"14\",\"8\",\"7\",\"58\",\"21\",\"50\",\"2\",\"6\"],\"status\":1,\"updateTime\":1609898178466}]', '192.168.0.102', '2021-01-06 09:56:18');
INSERT INTO `sys_log` VALUES ('1346636680712167425', '1', 'admin', '角色管理-分页获取角色信息', '4', 'com.company.project.controller.RoleController.pageInfo()', '[{\"name\":\"\"}]', '192.168.0.102', '2021-01-06 09:56:18');
INSERT INTO `sys_log` VALUES ('1346640309695291394', '1', 'admin', '菜单权限管理-获取所有菜单权限', '138', 'com.company.project.controller.PermissionController.getAllMenusPermission()', null, '192.168.0.102', '2021-01-06 10:10:43');
INSERT INTO `sys_log` VALUES ('1346640361926959106', '1', 'admin', '菜单权限管理-获取所有目录菜单树', '128', 'com.company.project.controller.PermissionController.getAllMenusPermissionTree()', '[\"1346636197545123842\"]', '192.168.0.102', '2021-01-06 10:10:56');
INSERT INTO `sys_log` VALUES ('1346640375344537601', '1', 'admin', '菜单权限管理-更新菜单权限', '7', 'com.company.project.controller.PermissionController.updatePermission()', '[{\"icon\":\"\",\"id\":\"1346636197545123842\",\"name\":\"成绩录入\",\"orderNum\":2,\"perms\":\"\",\"pid\":\"784480084118470656\",\"pidName\":\"成绩管理\",\"status\":1,\"target\":\"_self\",\"type\":2,\"updateTime\":1609899059499,\"url\":\"/index/dlExamResultInput\"}]', '192.168.0.102', '2021-01-06 10:10:59');
INSERT INTO `sys_log` VALUES ('1346640375956905986', '1', 'admin', '菜单权限管理-获取所有菜单权限', '134', 'com.company.project.controller.PermissionController.getAllMenusPermission()', null, '192.168.0.102', '2021-01-06 10:10:59');
INSERT INTO `sys_log` VALUES ('1346643047116185601', '1', 'admin', '角色管理-分页获取角色信息', '11', 'com.company.project.controller.RoleController.pageInfo()', '[{}]', '192.168.0.102', '2021-01-06 10:21:36');
INSERT INTO `sys_log` VALUES ('1346643061515231234', '1', 'admin', '菜单权限管理-获取所有菜单权限', '144', 'com.company.project.controller.PermissionController.getAllMenusPermission()', null, '192.168.0.102', '2021-01-06 10:21:39');
INSERT INTO `sys_log` VALUES ('1346643136173842433', '1', 'admin', '角色管理-查询角色详情', '151', 'com.company.project.controller.RoleController.detailInfo()', '[\"1\"]', '192.168.0.102', '2021-01-06 10:21:57');
INSERT INTO `sys_log` VALUES ('1346685339273273345', '1', 'admin', '机构管理-树型组织列表', '9', 'com.company.project.controller.DeptController.getTree()', '[null]', '192.168.0.102', '2021-01-06 13:09:39');
INSERT INTO `sys_log` VALUES ('1346685339424268290', '1', 'admin', '用户管理-分页获取用户列表', '27', 'com.company.project.controller.UserController.pageInfo()', '[{}]', '192.168.0.102', '2021-01-06 13:09:39');
INSERT INTO `sys_log` VALUES ('1346685407464267778', '1', 'admin', '用户管理-赋予角色-获取所有角色接口', '4', 'com.company.project.controller.UserController.getUserOwnRole()', '[\"1341347778094989313\"]', '192.168.0.102', '2021-01-06 13:09:56');
INSERT INTO `sys_log` VALUES ('1346685424082100225', '1', 'admin', '用户管理-赋予角色-获取所有角色接口', '2', 'com.company.project.controller.UserController.getUserOwnRole()', '[\"1341347664207052802\"]', '192.168.0.102', '2021-01-06 13:09:59');
INSERT INTO `sys_log` VALUES ('1346685435117314049', '1', 'admin', '用户管理-赋予角色-获取所有角色接口', '3', 'com.company.project.controller.UserController.getUserOwnRole()', '[\"1341347517557407746\"]', '192.168.0.102', '2021-01-06 13:10:02');
INSERT INTO `sys_log` VALUES ('1346701798544252930', '1', 'admin', '菜单权限管理-获取所有菜单权限', '161', 'com.company.project.controller.PermissionController.getAllMenusPermission()', null, '192.168.0.102', '2021-01-06 14:15:03');
INSERT INTO `sys_log` VALUES ('1346701807507480577', '1', 'admin', '角色管理-分页获取角色信息', '4', 'com.company.project.controller.RoleController.pageInfo()', '[{}]', '192.168.0.102', '2021-01-06 14:15:06');
INSERT INTO `sys_log` VALUES ('1346701814201589761', '1', 'admin', '菜单权限管理-获取所有菜单权限', '151', 'com.company.project.controller.PermissionController.getAllMenusPermission()', null, '192.168.0.102', '2021-01-06 14:15:07');
INSERT INTO `sys_log` VALUES ('1346701878181502978', '1', 'admin', '菜单权限管理-获取所有目录菜单树', '140', 'com.company.project.controller.PermissionController.getAllMenusPermissionTree()', '[\"796380986987249664\"]', '192.168.0.102', '2021-01-06 14:15:22');
INSERT INTO `sys_log` VALUES ('1346702012164349953', '1', 'admin', '菜单权限管理-更新菜单权限', '11', 'com.company.project.controller.PermissionController.updatePermission()', '[{\"icon\":\"\",\"id\":\"796380986987249664\",\"name\":\"学年管理\",\"orderNum\":10,\"perms\":\"\",\"pid\":\"1334822791945027585\",\"pidName\":\"课程管理\",\"status\":1,\"target\":\"_self\",\"type\":2,\"updateTime\":1609913754858,\"url\":\"/index/dlTerm\"}]', '192.168.0.102', '2021-01-06 14:15:54');
INSERT INTO `sys_log` VALUES ('1346702012856410113', '1', 'admin', '菜单权限管理-获取所有菜单权限', '151', 'com.company.project.controller.PermissionController.getAllMenusPermission()', null, '192.168.0.102', '2021-01-06 14:15:55');
INSERT INTO `sys_log` VALUES ('1346702095756828674', '1', 'admin', '菜单权限管理-获取所有目录菜单树', '138', 'com.company.project.controller.PermissionController.getAllMenusPermissionTree()', '[\"1334822791945027585\"]', '192.168.0.102', '2021-01-06 14:16:14');
INSERT INTO `sys_log` VALUES ('1346702299939741697', '1', 'admin', '菜单权限管理-更新菜单权限', '10', 'com.company.project.controller.PermissionController.updatePermission()', '[{\"icon\":\"layui-icon-template\",\"id\":\"1334822791945027585\",\"name\":\"教务管理\",\"orderNum\":8,\"perms\":\"\",\"pid\":\"0\",\"pidName\":\"默认顶级菜单\",\"status\":1,\"target\":\"_self\",\"type\":1,\"updateTime\":1609913823469,\"url\":\"\"}]', '192.168.0.102', '2021-01-06 14:17:03');
INSERT INTO `sys_log` VALUES ('1346702300594053122', '1', 'admin', '菜单权限管理-获取所有菜单权限', '146', 'com.company.project.controller.PermissionController.getAllMenusPermission()', null, '192.168.0.102', '2021-01-06 14:17:03');
INSERT INTO `sys_log` VALUES ('1346702426549002242', '1', 'admin', '菜单权限管理-获取所有目录菜单树', '148', 'com.company.project.controller.PermissionController.getAllMenusPermissionTree()', '[\"784480084932165632\"]', '192.168.0.102', '2021-01-06 14:17:33');
INSERT INTO `sys_log` VALUES ('1346702469184102401', '1', 'admin', '菜单权限管理-更新菜单权限', '5', 'com.company.project.controller.PermissionController.updatePermission()', '[{\"icon\":\"\",\"id\":\"784480084932165632\",\"name\":\"教室管理\",\"orderNum\":10,\"perms\":\"\",\"pid\":\"1334822791945027585\",\"pidName\":\"教务管理\",\"status\":1,\"target\":\"_self\",\"type\":2,\"updateTime\":1609913863827,\"url\":\"/index/dlRoom\"}]', '192.168.0.102', '2021-01-06 14:17:43');
INSERT INTO `sys_log` VALUES ('1346702469871968258', '1', 'admin', '菜单权限管理-获取所有菜单权限', '151', 'com.company.project.controller.PermissionController.getAllMenusPermission()', null, '192.168.0.102', '2021-01-06 14:17:43');
INSERT INTO `sys_log` VALUES ('1346702506706345986', '1', 'admin', '菜单权限管理-获取所有目录菜单树', '165', 'com.company.project.controller.PermissionController.getAllMenusPermissionTree()', '[\"784480085104132096\"]', '192.168.0.102', '2021-01-06 14:17:52');
INSERT INTO `sys_log` VALUES ('1346702534481027074', '1', 'admin', '菜单权限管理-更新菜单权限', '5', 'com.company.project.controller.PermissionController.updatePermission()', '[{\"icon\":\"\",\"id\":\"784480085104132096\",\"name\":\"年级管理\",\"orderNum\":10,\"perms\":\"\",\"pid\":\"1334822791945027585\",\"pidName\":\"教务管理\",\"status\":1,\"target\":\"_self\",\"type\":2,\"updateTime\":1609913879395,\"url\":\"/index/dlGrade\"}]', '192.168.0.102', '2021-01-06 14:17:59');
INSERT INTO `sys_log` VALUES ('1346702535236001794', '1', 'admin', '菜单权限管理-获取所有菜单权限', '169', 'com.company.project.controller.PermissionController.getAllMenusPermission()', null, '192.168.0.102', '2021-01-06 14:17:59');
INSERT INTO `sys_log` VALUES ('1346702767332007938', '1', 'admin', '角色管理-分页获取角色信息', '4', 'com.company.project.controller.RoleController.pageInfo()', '[{}]', '192.168.0.102', '2021-01-06 14:18:54');
INSERT INTO `sys_log` VALUES ('1346702782167261186', '1', 'admin', '角色管理-查询角色详情', '183', 'com.company.project.controller.RoleController.detailInfo()', '[\"1\"]', '192.168.0.102', '2021-01-06 14:18:58');
INSERT INTO `sys_log` VALUES ('1346702820209598466', '1', 'admin', '角色管理-更新角色信息', '82', 'com.company.project.controller.RoleController.updateDept()', '[{\"description\":\"拥有所有权限-不能删除\",\"id\":\"1\",\"name\":\"超级管理员\",\"permissions\":[\"51\",\"11\",\"17\",\"26\",\"40\",\"43\",\"44\",\"53\",\"3\",\"19\",\"36\",\"1311115974068449281\",\"13\",\"39\",\"41\",\"5\",\"9\",\"12\",\"22\",\"38\",\"1334806348645957634\",\"784480084756004864\",\"784480084756004865\",\"784480084756004866\",\"784480084756004867\",\"784480084756004868\",\"784480084814725120\",\"784480084814725121\",\"784480084814725122\",\"784480084814725123\",\"784480084814725124\",\"1334806894995996673\",\"784480084391100416\",\"784480084391100417\",\"784480084391100418\",\"784480084391100419\",\"784480084391100420\",\"784480084634370048\",\"784480084634370049\",\"784480084634370050\",\"784480084634370051\",\"784480084634370052\",\"24\",\"10\",\"23\",\"25\",\"42\",\"52\",\"56\",\"57\",\"1334807138768945153\",\"784480084567261184\",\"784480084567261185\",\"784480084567261186\",\"784480084567261187\",\"784480084567261188\",\"784480084693090304\",\"784480084693090305\",\"784480084693090306\",\"784480084693090307\",\"784480084693090308\",\"784480084877639680\",\"784480084877639681\",\"784480084877639682\",\"784480084877639683\",\"784480084877639684\",\"784480085049606144\",\"784480085049606145\",\"784480085049606146\",\"784480085049606147\",\"784480085049606148\",\"789437171000934400\",\"789437171000934401\",\"789437171000934402\",\"789437171000934403\",\"789437171000934404\",\"1334808583455014914\",\"1334808090397802498\",\"784480084189773824\",\"784480084189773825\",\"784480084189773826\",\"784480084189773827\",\"784480084189773828\",\"784480083837452289\",\"784480083837452290\",\"784480083837452291\",\"784480083837452292\",\"793103294946869249\",\"793103294946869250\",\"793103294946869251\",\"793103294946869252\",\"1344644834154868738\",\"784480084034584577\",\"784480084034584578\",\"784480084034584579\",\"784480084034584580\",\"784480084319797249\",\"784480084319797250\",\"784480084319797251\",\"784480084319797252\",\"784480084118470656\",\"784480084118470657\",\"784480084118470658\",\"784480084118470659\",\"784480084118470660\",\"1346636399928680450\",\"1346636197545123842\",\"784480084256882688\",\"784480084256882689\",\"784480084256882690\",\"784480084256882691\",\"784480084256882692\",\"1346239294743543809\",\"1346451957448769537\",\"1334808707124068353\",\"1334822791945027585\",\"784480084491763712\",\"784480084491763713\",\"784480084491763714\",\"784480084491763715\",\"784480084491763716\",\"1339549078235017217\",\"784480084932165632\",\"784480084932165633\",\"784480084932165634\",\"784480084932165635\",\"784480084932165636\",\"1335060861890002945\",\"784480084986691584\",\"784480084986691585\",\"784480084986691586\",\"784480084986691587\",\"784480084986691588\",\"784480085104132096\",\"784480085104132097\",\"784480085104132098\",\"784480085104132099\",\"784480085104132100\",\"796380986987249664\",\"796380986987249665\",\"796380986987249666\",\"796380986987249667\",\"796380986987249668\",\"54\",\"15\",\"1\",\"4\",\"16\",\"20\",\"27\",\"28\",\"29\",\"30\",\"31\",\"32\",\"33\",\"34\",\"35\",\"45\",\"46\",\"47\",\"48\",\"49\",\"1339410383213309953\",\"59\",\"60\",\"61\",\"62\",\"63\",\"55\",\"18\",\"14\",\"8\",\"7\",\"58\",\"21\",\"50\",\"2\",\"6\"],\"status\":1,\"updateTime\":1609913947441}]', '192.168.0.102', '2021-01-06 14:19:07');
INSERT INTO `sys_log` VALUES ('1346702820620640257', '1', 'admin', '角色管理-分页获取角色信息', '4', 'com.company.project.controller.RoleController.pageInfo()', '[{\"name\":\"\"}]', '192.168.0.102', '2021-01-06 14:19:07');
INSERT INTO `sys_log` VALUES ('1346706179171868673', '1', 'admin', '菜单权限管理-获取所有菜单权限', '254', 'com.company.project.controller.PermissionController.getAllMenusPermission()', null, '0:0:0:0:0:0:0:1', '2021-01-06 14:32:28');
INSERT INTO `sys_log` VALUES ('1346706214706012162', '1', 'admin', '菜单权限管理-获取所有目录菜单树', '227', 'com.company.project.controller.PermissionController.getAllMenusPermissionTree()', '[\"796380986987249664\"]', '0:0:0:0:0:0:0:1', '2021-01-06 14:32:36');
INSERT INTO `sys_log` VALUES ('1346706252559605761', '1', 'admin', '菜单权限管理-更新菜单权限', '17', 'com.company.project.controller.PermissionController.updatePermission()', '[{\"icon\":\"\",\"id\":\"796380986987249664\",\"name\":\"学期管理\",\"orderNum\":10,\"perms\":\"\",\"pid\":\"1334822791945027585\",\"pidName\":\"教务管理\",\"status\":1,\"target\":\"_self\",\"type\":2,\"updateTime\":1609914765843,\"url\":\"/index/dlTerm\"}]', '0:0:0:0:0:0:0:1', '2021-01-06 14:32:45');
INSERT INTO `sys_log` VALUES ('1346706253432020993', '1', 'admin', '菜单权限管理-获取所有菜单权限', '193', 'com.company.project.controller.PermissionController.getAllMenusPermission()', null, '0:0:0:0:0:0:0:1', '2021-01-06 14:32:46');
INSERT INTO `sys_log` VALUES ('1346999367119982593', '1', 'admin', '菜单权限管理-获取所有菜单权限', '254', 'com.company.project.controller.PermissionController.getAllMenusPermission()', null, '192.168.0.102', '2021-01-07 09:57:29');
INSERT INTO `sys_log` VALUES ('1346999455867260929', '1', 'admin', '菜单权限管理-获取所有菜单权限', '225', 'com.company.project.controller.PermissionController.getAllMenusPermission()', null, '192.168.0.102', '2021-01-07 09:57:50');
INSERT INTO `sys_log` VALUES ('1346999505376825345', '1', 'admin', '菜单权限管理-获取所有目录菜单树', '203', 'com.company.project.controller.PermissionController.getAllMenusPermissionTree()', '[\"\"]', '192.168.0.102', '2021-01-07 09:58:02');
INSERT INTO `sys_log` VALUES ('1346999702169374722', '1', 'admin', '菜单权限管理-新增菜单权限', '13', 'com.company.project.controller.PermissionController.addPermission()', '[{\"createTime\":1609984729685,\"deleted\":1,\"icon\":\"\",\"id\":\"1346999702114848769\",\"name\":\"统一录入\",\"orderNum\":3,\"perms\":\"\",\"pid\":\"784480084118470656\",\"pidName\":\"成绩管理\",\"status\":1,\"target\":\"_self\",\"type\":2,\"updateTime\":1609984729685,\"url\":\"dlExamPlan/listByPage\"}]', '192.168.0.102', '2021-01-07 09:58:49');
INSERT INTO `sys_log` VALUES ('1346999703075344386', '1', 'admin', '菜单权限管理-获取所有菜单权限', '200', 'com.company.project.controller.PermissionController.getAllMenusPermission()', null, '192.168.0.102', '2021-01-07 09:58:49');
INSERT INTO `sys_log` VALUES ('1346999733450493953', '1', 'admin', '角色管理-分页获取角色信息', '24', 'com.company.project.controller.RoleController.pageInfo()', '[{}]', '192.168.0.102', '2021-01-07 09:58:57');
INSERT INTO `sys_log` VALUES ('1346999743441326082', '1', 'admin', '角色管理-查询角色详情', '170', 'com.company.project.controller.RoleController.detailInfo()', '[\"1\"]', '192.168.0.102', '2021-01-07 09:58:59');
INSERT INTO `sys_log` VALUES ('1346999783073304578', '1', 'admin', '角色管理-更新角色信息', '136', 'com.company.project.controller.RoleController.updateDept()', '[{\"description\":\"拥有所有权限-不能删除\",\"id\":\"1\",\"name\":\"超级管理员\",\"permissions\":[\"51\",\"11\",\"17\",\"26\",\"40\",\"43\",\"44\",\"53\",\"3\",\"19\",\"36\",\"1311115974068449281\",\"13\",\"39\",\"41\",\"5\",\"9\",\"12\",\"22\",\"38\",\"1334806348645957634\",\"784480084756004864\",\"784480084756004865\",\"784480084756004866\",\"784480084756004867\",\"784480084756004868\",\"784480084814725120\",\"784480084814725121\",\"784480084814725122\",\"784480084814725123\",\"784480084814725124\",\"1334806894995996673\",\"784480084391100416\",\"784480084391100417\",\"784480084391100418\",\"784480084391100419\",\"784480084391100420\",\"784480084634370048\",\"784480084634370049\",\"784480084634370050\",\"784480084634370051\",\"784480084634370052\",\"24\",\"10\",\"23\",\"25\",\"42\",\"52\",\"56\",\"57\",\"1334807138768945153\",\"784480084567261184\",\"784480084567261185\",\"784480084567261186\",\"784480084567261187\",\"784480084567261188\",\"784480084693090304\",\"784480084693090305\",\"784480084693090306\",\"784480084693090307\",\"784480084693090308\",\"784480084877639680\",\"784480084877639681\",\"784480084877639682\",\"784480084877639683\",\"784480084877639684\",\"784480085049606144\",\"784480085049606145\",\"784480085049606146\",\"784480085049606147\",\"784480085049606148\",\"789437171000934400\",\"789437171000934401\",\"789437171000934402\",\"789437171000934403\",\"789437171000934404\",\"1334808583455014914\",\"1334808090397802498\",\"784480084189773824\",\"784480084189773825\",\"784480084189773826\",\"784480084189773827\",\"784480084189773828\",\"784480083837452289\",\"784480083837452290\",\"784480083837452291\",\"784480083837452292\",\"793103294946869249\",\"793103294946869250\",\"793103294946869251\",\"793103294946869252\",\"1344644834154868738\",\"784480084034584577\",\"784480084034584578\",\"784480084034584579\",\"784480084034584580\",\"784480084319797249\",\"784480084319797250\",\"784480084319797251\",\"784480084319797252\",\"784480084118470656\",\"784480084118470657\",\"784480084118470658\",\"784480084118470659\",\"784480084118470660\",\"1346636399928680450\",\"1346636197545123842\",\"1346999702114848769\",\"784480084256882688\",\"784480084256882689\",\"784480084256882690\",\"784480084256882691\",\"784480084256882692\",\"1346239294743543809\",\"1346451957448769537\",\"1334808707124068353\",\"1334822791945027585\",\"784480084491763712\",\"784480084491763713\",\"784480084491763714\",\"784480084491763715\",\"784480084491763716\",\"1339549078235017217\",\"784480084932165632\",\"784480084932165633\",\"784480084932165634\",\"784480084932165635\",\"784480084932165636\",\"1335060861890002945\",\"784480084986691584\",\"784480084986691585\",\"784480084986691586\",\"784480084986691587\",\"784480084986691588\",\"784480085104132096\",\"784480085104132097\",\"784480085104132098\",\"784480085104132099\",\"784480085104132100\",\"796380986987249664\",\"796380986987249665\",\"796380986987249666\",\"796380986987249667\",\"796380986987249668\",\"54\",\"15\",\"1\",\"4\",\"16\",\"20\",\"27\",\"28\",\"29\",\"30\",\"31\",\"32\",\"33\",\"34\",\"35\",\"45\",\"46\",\"47\",\"48\",\"49\",\"1339410383213309953\",\"59\",\"60\",\"61\",\"62\",\"63\",\"55\",\"18\",\"14\",\"8\",\"7\",\"58\",\"21\",\"50\",\"2\",\"6\"],\"status\":1,\"updateTime\":1609984748880}]', '192.168.0.102', '2021-01-07 09:59:08');
INSERT INTO `sys_log` VALUES ('1346999783438209025', '1', 'admin', '角色管理-分页获取角色信息', '3', 'com.company.project.controller.RoleController.pageInfo()', '[{\"name\":\"\"}]', '192.168.0.102', '2021-01-07 09:59:09');
INSERT INTO `sys_log` VALUES ('1347026441218039810', '1', 'admin', '机构管理-树型组织列表', '19', 'com.company.project.controller.DeptController.getTree()', '[null]', '192.168.0.102', '2021-01-07 11:45:04');
INSERT INTO `sys_log` VALUES ('1347026441440337922', '1', 'admin', '用户管理-分页获取用户列表', '77', 'com.company.project.controller.UserController.pageInfo()', '[{}]', '192.168.0.102', '2021-01-07 11:45:04');
INSERT INTO `sys_log` VALUES ('1347026527511650306', '1', 'admin', '机构管理-树型组织列表', '4', 'com.company.project.controller.DeptController.getTree()', '[null]', '192.168.0.102', '2021-01-07 11:45:25');
INSERT INTO `sys_log` VALUES ('1347026527624896514', '1', 'admin', '用户管理-分页获取用户列表', '26', 'com.company.project.controller.UserController.pageInfo()', '[{}]', '192.168.0.102', '2021-01-07 11:45:25');
INSERT INTO `sys_log` VALUES ('1347026673238548482', '1', 'admin', '用户管理-赋予角色-获取所有角色接口', '9', 'com.company.project.controller.UserController.getUserOwnRole()', '[\"1\"]', '192.168.0.102', '2021-01-07 11:46:00');
INSERT INTO `sys_log` VALUES ('1347027267554648066', '1', 'admin', '菜单权限管理-获取所有菜单权限', '305', 'com.company.project.controller.PermissionController.getAllMenusPermission()', null, '192.168.0.102', '2021-01-07 11:48:21');
INSERT INTO `sys_log` VALUES ('1347027537781071873', '1', 'admin', '菜单权限管理-删除菜单权限', '15', 'com.company.project.controller.PermissionController.deleted()', '[\"784480084391100417\"]', '192.168.0.102', '2021-01-07 11:49:26');
INSERT INTO `sys_log` VALUES ('1347027538905145346', '1', 'admin', '菜单权限管理-获取所有菜单权限', '223', 'com.company.project.controller.PermissionController.getAllMenusPermission()', null, '192.168.0.102', '2021-01-07 11:49:26');
INSERT INTO `sys_log` VALUES ('1347027580168708097', '1', 'admin', '菜单权限管理-删除菜单权限', '9', 'com.company.project.controller.PermissionController.deleted()', '[\"784480084391100418\"]', '192.168.0.102', '2021-01-07 11:49:36');
INSERT INTO `sys_log` VALUES ('1347027581523468290', '1', 'admin', '菜单权限管理-获取所有菜单权限', '259', 'com.company.project.controller.PermissionController.getAllMenusPermission()', null, '192.168.0.102', '2021-01-07 11:49:36');
INSERT INTO `sys_log` VALUES ('1347027619528056833', '1', 'admin', '菜单权限管理-删除菜单权限', '9', 'com.company.project.controller.PermissionController.deleted()', '[\"784480084391100419\"]', '192.168.0.102', '2021-01-07 11:49:45');
INSERT INTO `sys_log` VALUES ('1347027620639547394', '1', 'admin', '菜单权限管理-获取所有菜单权限', '199', 'com.company.project.controller.PermissionController.getAllMenusPermission()', null, '192.168.0.102', '2021-01-07 11:49:45');
INSERT INTO `sys_log` VALUES ('1347027651580928001', '1', 'admin', '菜单权限管理-删除菜单权限', '15', 'com.company.project.controller.PermissionController.deleted()', '[\"784480084391100420\"]', '192.168.0.102', '2021-01-07 11:49:53');
INSERT INTO `sys_log` VALUES ('1347027652566589442', '1', 'admin', '菜单权限管理-获取所有菜单权限', '175', 'com.company.project.controller.PermissionController.getAllMenusPermission()', null, '192.168.0.102', '2021-01-07 11:49:53');
INSERT INTO `sys_log` VALUES ('1347027678348976129', '1', 'admin', '菜单权限管理-删除菜单权限', '10', 'com.company.project.controller.PermissionController.deleted()', '[\"784480084391100416\"]', '192.168.0.102', '2021-01-07 11:49:59');
INSERT INTO `sys_log` VALUES ('1347027679129116674', '1', 'admin', '菜单权限管理-获取所有菜单权限', '138', 'com.company.project.controller.PermissionController.getAllMenusPermission()', null, '192.168.0.102', '2021-01-07 11:49:59');
INSERT INTO `sys_log` VALUES ('1347029191330922498', '1', 'admin', '机构管理-树型组织列表', '13', 'com.company.project.controller.DeptController.getTree()', '[null]', '192.168.0.102', '2021-01-07 11:56:00');
INSERT INTO `sys_log` VALUES ('1347029191381254146', '1', 'admin', '用户管理-分页获取用户列表', '25', 'com.company.project.controller.UserController.pageInfo()', '[{}]', '192.168.0.102', '2021-01-07 11:56:00');
INSERT INTO `sys_log` VALUES ('1347029303146872834', '1', 'admin', '用户管理-新增用户', '30', 'com.company.project.controller.UserController.addUser()', '[{\"createId\":\"1\",\"createTime\":1609991787093,\"createWhere\":1,\"deleted\":1,\"deptId\":\"1331121936392425474\",\"deptName\":\"小学部\",\"email\":\"\",\"id\":\"1347029303025238018\",\"major\":\"\",\"password\":\"4db21a231d7fe0e4aae65fa6f545e2b5\",\"phone\":\"\",\"qualificationImg\":\"\",\"realName\":\"t1\",\"salt\":\"fbf889a31908441d98fe\",\"sex\":2,\"status\":1,\"university\":\"\",\"updateId\":\"1\",\"updateTime\":1609991787093,\"username\":\"10101\"}]', '192.168.0.102', '2021-01-07 11:56:27');
INSERT INTO `sys_log` VALUES ('1347029303398531073', '1', 'admin', '用户管理-分页获取用户列表', '23', 'com.company.project.controller.UserController.pageInfo()', '[{\"username\":\"\"}]', '192.168.0.102', '2021-01-07 11:56:27');
INSERT INTO `sys_log` VALUES ('1347029397329969153', '1', 'admin', '用户管理-新增用户', '30', 'com.company.project.controller.UserController.addUser()', '[{\"createId\":\"1\",\"createTime\":1609991809544,\"createWhere\":1,\"deleted\":1,\"deptId\":\"1331121936392425474\",\"deptName\":\"小学部\",\"email\":\"\",\"id\":\"1347029397187362817\",\"major\":\"\",\"password\":\"ed6ce51cde41ff41d8778d471dfb3fbb\",\"phone\":\"\",\"qualificationImg\":\"\",\"realName\":\"t2\",\"salt\":\"9f679081fcad4efba097\",\"sex\":2,\"status\":1,\"university\":\"\",\"updateId\":\"1\",\"updateTime\":1609991809544,\"username\":\"10102\"}]', '192.168.0.102', '2021-01-07 11:56:49');
INSERT INTO `sys_log` VALUES ('1347029397577433089', '1', 'admin', '用户管理-分页获取用户列表', '23', 'com.company.project.controller.UserController.pageInfo()', '[{\"username\":\"\"}]', '192.168.0.102', '2021-01-07 11:56:49');
INSERT INTO `sys_log` VALUES ('1347029461540569089', '1', 'admin', '用户管理-新增用户', '23', 'com.company.project.controller.UserController.addUser()', '[{\"createId\":\"1\",\"createTime\":1609991824858,\"createWhere\":1,\"deleted\":1,\"deptId\":\"1331121936392425474\",\"deptName\":\"小学部\",\"email\":\"\",\"id\":\"1347029461406351361\",\"major\":\"\",\"password\":\"e631b1e84359eb98811e1177fa5d0320\",\"phone\":\"\",\"qualificationImg\":\"\",\"realName\":\"t3\",\"salt\":\"3d91168bc9734658af32\",\"sex\":2,\"status\":1,\"university\":\"\",\"updateId\":\"1\",\"updateTime\":1609991824858,\"username\":\"10103\"}]', '192.168.0.102', '2021-01-07 11:57:04');
INSERT INTO `sys_log` VALUES ('1347029461783838721', '1', 'admin', '用户管理-分页获取用户列表', '21', 'com.company.project.controller.UserController.pageInfo()', '[{\"username\":\"\"}]', '192.168.0.102', '2021-01-07 11:57:04');
INSERT INTO `sys_log` VALUES ('1347029569044774914', '1', 'admin', '用户管理-新增用户', '23', 'com.company.project.controller.UserController.addUser()', '[{\"createId\":\"1\",\"createTime\":1609991850491,\"createWhere\":1,\"deleted\":1,\"deptId\":\"1331121936392425474\",\"deptName\":\"小学部\",\"email\":\"\",\"id\":\"1347029568935723009\",\"major\":\"\",\"password\":\"14d40c152a5bf0a3fe6c9581f2bcef49\",\"phone\":\"\",\"qualificationImg\":\"\",\"realName\":\"t4\",\"salt\":\"58a6715b772d49b6b56b\",\"sex\":2,\"status\":1,\"university\":\"\",\"updateId\":\"1\",\"updateTime\":1609991850491,\"username\":\"10104\"}]', '192.168.0.102', '2021-01-07 11:57:30');
INSERT INTO `sys_log` VALUES ('1347029569296433154', '1', 'admin', '用户管理-分页获取用户列表', '26', 'com.company.project.controller.UserController.pageInfo()', '[{\"username\":\"\"}]', '192.168.0.102', '2021-01-07 11:57:30');
INSERT INTO `sys_log` VALUES ('1347029606772539394', '1', 'admin', '用户管理-更新用户信息', '29', 'com.company.project.controller.UserController.updateUserInfo()', '[{\"deptId\":\"1331121936392425474\",\"deptName\":\"小学部\",\"email\":\"\",\"id\":\"1347029568935723009\",\"major\":\"\",\"phone\":\"\",\"qualificationImg\":\"\",\"realName\":\"t4\",\"sex\":1,\"status\":1,\"university\":\"\",\"updateId\":\"1\",\"updateTime\":1609991859485,\"username\":\"10104\"}]', '192.168.0.102', '2021-01-07 11:57:39');
INSERT INTO `sys_log` VALUES ('1347029607028391938', '1', 'admin', '用户管理-分页获取用户列表', '22', 'com.company.project.controller.UserController.pageInfo()', '[{\"username\":\"\"}]', '192.168.0.102', '2021-01-07 11:57:39');
INSERT INTO `sys_log` VALUES ('1347029692118237185', '1', 'admin', '用户管理-新增用户', '29', 'com.company.project.controller.UserController.addUser()', '[{\"createId\":\"1\",\"createTime\":1609991879828,\"createWhere\":1,\"deleted\":1,\"deptId\":\"1331121936392425474\",\"deptName\":\"小学部\",\"email\":\"\",\"id\":\"1347029691988213762\",\"major\":\"\",\"password\":\"5a226b139847467f1952d327280a785a\",\"phone\":\"\",\"qualificationImg\":\"\",\"realName\":\"t5\",\"salt\":\"4b6a477dac444b5ebc82\",\"sex\":1,\"status\":1,\"university\":\"\",\"updateId\":\"1\",\"updateTime\":1609991879828,\"username\":\"10105\"}]', '192.168.0.102', '2021-01-07 11:57:59');
INSERT INTO `sys_log` VALUES ('1347029692407644162', '1', 'admin', '用户管理-分页获取用户列表', '26', 'com.company.project.controller.UserController.pageInfo()', '[{\"username\":\"\"}]', '192.168.0.102', '2021-01-07 11:57:59');
INSERT INTO `sys_log` VALUES ('1347029758346297345', '1', 'admin', '用户管理-新增用户', '22', 'com.company.project.controller.UserController.addUser()', '[{\"createId\":\"1\",\"createTime\":1609991895629,\"createWhere\":1,\"deleted\":1,\"deptId\":\"1331121936392425474\",\"deptName\":\"小学部\",\"email\":\"\",\"id\":\"1347029758249828353\",\"major\":\"\",\"password\":\"88d63d4cc5313cda3b8af70b6870f9d5\",\"phone\":\"\",\"qualificationImg\":\"\",\"realName\":\"t6\",\"salt\":\"0be908434414452598c0\",\"sex\":2,\"status\":1,\"university\":\"\",\"updateId\":\"1\",\"updateTime\":1609991895629,\"username\":\"10106\"}]', '192.168.0.102', '2021-01-07 11:58:15');
INSERT INTO `sys_log` VALUES ('1347029758556012545', '1', 'admin', '用户管理-分页获取用户列表', '16', 'com.company.project.controller.UserController.pageInfo()', '[{\"username\":\"\"}]', '192.168.0.102', '2021-01-07 11:58:15');
INSERT INTO `sys_log` VALUES ('1347029907315392513', '1', 'admin', '用户管理-新增用户', '21', 'com.company.project.controller.UserController.addUser()', '[{\"createId\":\"1\",\"createTime\":1609991931143,\"createWhere\":1,\"deleted\":1,\"deptId\":\"1331121936392425474\",\"deptName\":\"小学部\",\"email\":\"\",\"id\":\"1347029907218923522\",\"major\":\"\",\"password\":\"6f9f2f844502f36d5737c6c8592eae52\",\"phone\":\"\",\"qualificationImg\":\"\",\"realName\":\"t7\",\"salt\":\"3ab3e0505da54d88978f\",\"sex\":2,\"status\":1,\"university\":\"\",\"updateId\":\"1\",\"updateTime\":1609991931143,\"username\":\"10107\"}]', '192.168.0.102', '2021-01-07 11:58:51');
INSERT INTO `sys_log` VALUES ('1347029907550273537', '1', 'admin', '用户管理-分页获取用户列表', '20', 'com.company.project.controller.UserController.pageInfo()', '[{\"username\":\"\"}]', '192.168.0.102', '2021-01-07 11:58:51');
INSERT INTO `sys_log` VALUES ('1347029956661379074', '1', 'admin', '用户管理-新增用户', '29', 'com.company.project.controller.UserController.addUser()', '[{\"createId\":\"1\",\"createTime\":1609991942900,\"createWhere\":1,\"deleted\":1,\"deptId\":\"1331121875856035841\",\"deptName\":\"初中部\",\"email\":\"\",\"id\":\"1347029956531355649\",\"major\":\"\",\"password\":\"bbd59a07481db22a87779bb77c4a8cee\",\"phone\":\"\",\"qualificationImg\":\"\",\"realName\":\"t8\",\"salt\":\"13ee6567a22d4fd494bc\",\"sex\":2,\"status\":1,\"university\":\"\",\"updateId\":\"1\",\"updateTime\":1609991942900,\"username\":\"10108\"}]', '192.168.0.102', '2021-01-07 11:59:02');
INSERT INTO `sys_log` VALUES ('1347029956908843010', '1', 'admin', '用户管理-分页获取用户列表', '21', 'com.company.project.controller.UserController.pageInfo()', '[{\"username\":\"\"}]', '192.168.0.102', '2021-01-07 11:59:02');
INSERT INTO `sys_log` VALUES ('1347030046721474561', '1', 'admin', '机构管理-树型组织列表', '2', 'com.company.project.controller.DeptController.getTree()', '[null]', '192.168.0.102', '2021-01-07 11:59:24');
INSERT INTO `sys_log` VALUES ('1347030046809554946', '1', 'admin', '用户管理-分页获取用户列表', '20', 'com.company.project.controller.UserController.pageInfo()', '[{}]', '192.168.0.102', '2021-01-07 11:59:24');
INSERT INTO `sys_log` VALUES ('1347030128128720897', '1', 'admin', '用户管理-赋予角色-获取所有角色接口', '7', 'com.company.project.controller.UserController.getUserOwnRole()', '[\"1347029956531355649\"]', '192.168.0.102', '2021-01-07 11:59:43');
INSERT INTO `sys_log` VALUES ('1347030140149596161', '1', 'admin', '用户管理-赋予角色-用户赋予角色接口', '42', 'com.company.project.controller.UserController.setUserOwnRole()', '[\"1347029956531355649\",[\"1331087516021194754\"]]', '192.168.0.102', '2021-01-07 11:59:46');
INSERT INTO `sys_log` VALUES ('1347030140350922754', '1', 'admin', '用户管理-分页获取用户列表', '20', 'com.company.project.controller.UserController.pageInfo()', '[{\"username\":\"\"}]', '192.168.0.102', '2021-01-07 11:59:46');
INSERT INTO `sys_log` VALUES ('1347030143974801409', '1', 'admin', '用户管理-赋予角色-获取所有角色接口', '3', 'com.company.project.controller.UserController.getUserOwnRole()', '[\"1347029907218923522\"]', '192.168.0.102', '2021-01-07 11:59:47');
INSERT INTO `sys_log` VALUES ('1347030152350826498', '1', 'admin', '用户管理-赋予角色-用户赋予角色接口', '15', 'com.company.project.controller.UserController.setUserOwnRole()', '[\"1347029907218923522\",[\"1331087516021194754\"]]', '192.168.0.102', '2021-01-07 11:59:49');
INSERT INTO `sys_log` VALUES ('1347030152589901826', '1', 'admin', '用户管理-分页获取用户列表', '20', 'com.company.project.controller.UserController.pageInfo()', '[{\"username\":\"\"}]', '192.168.0.102', '2021-01-07 11:59:49');
INSERT INTO `sys_log` VALUES ('1347030155345559554', '1', 'admin', '用户管理-赋予角色-获取所有角色接口', '3', 'com.company.project.controller.UserController.getUserOwnRole()', '[\"1347029758249828353\"]', '192.168.0.102', '2021-01-07 11:59:50');
INSERT INTO `sys_log` VALUES ('1347030166246555649', '1', 'admin', '用户管理-赋予角色-用户赋予角色接口', '18', 'com.company.project.controller.UserController.setUserOwnRole()', '[\"1347029758249828353\",[\"1331087516021194754\"]]', '192.168.0.102', '2021-01-07 11:59:52');
INSERT INTO `sys_log` VALUES ('1347030166456270850', '1', 'admin', '用户管理-分页获取用户列表', '21', 'com.company.project.controller.UserController.pageInfo()', '[{\"username\":\"\"}]', '192.168.0.102', '2021-01-07 11:59:52');
INSERT INTO `sys_log` VALUES ('1347030172475097090', '1', 'admin', '用户管理-赋予角色-获取所有角色接口', '2', 'com.company.project.controller.UserController.getUserOwnRole()', '[\"1347029691988213762\"]', '192.168.0.102', '2021-01-07 11:59:54');
INSERT INTO `sys_log` VALUES ('1347030180876288001', '1', 'admin', '用户管理-赋予角色-用户赋予角色接口', '15', 'com.company.project.controller.UserController.setUserOwnRole()', '[\"1347029691988213762\",[\"1331087516021194754\"]]', '192.168.0.102', '2021-01-07 11:59:56');
INSERT INTO `sys_log` VALUES ('1347030181048254465', '1', 'admin', '用户管理-分页获取用户列表', '20', 'com.company.project.controller.UserController.pageInfo()', '[{\"username\":\"\"}]', '192.168.0.102', '2021-01-07 11:59:56');
INSERT INTO `sys_log` VALUES ('1347030184076541953', '1', 'admin', '用户管理-赋予角色-获取所有角色接口', '3', 'com.company.project.controller.UserController.getUserOwnRole()', '[\"1347029568935723009\"]', '192.168.0.102', '2021-01-07 11:59:57');
INSERT INTO `sys_log` VALUES ('1347030192112828417', '1', 'admin', '用户管理-赋予角色-用户赋予角色接口', '18', 'com.company.project.controller.UserController.setUserOwnRole()', '[\"1347029568935723009\",[\"1331087516021194754\"]]', '192.168.0.102', '2021-01-07 11:59:59');
INSERT INTO `sys_log` VALUES ('1347030192284794881', '1', 'admin', '用户管理-分页获取用户列表', '17', 'com.company.project.controller.UserController.pageInfo()', '[{\"username\":\"\"}]', '192.168.0.102', '2021-01-07 11:59:59');
INSERT INTO `sys_log` VALUES ('1347030197376679937', '1', 'admin', '用户管理-赋予角色-获取所有角色接口', '3', 'com.company.project.controller.UserController.getUserOwnRole()', '[\"1347029461406351361\"]', '192.168.0.102', '2021-01-07 12:00:00');
INSERT INTO `sys_log` VALUES ('1347030205849174018', '1', 'admin', '用户管理-赋予角色-用户赋予角色接口', '18', 'com.company.project.controller.UserController.setUserOwnRole()', '[\"1347029461406351361\",[\"1331087516021194754\"]]', '192.168.0.102', '2021-01-07 12:00:02');
INSERT INTO `sys_log` VALUES ('1347030206037917697', '1', 'admin', '用户管理-分页获取用户列表', '18', 'com.company.project.controller.UserController.pageInfo()', '[{\"username\":\"\"}]', '192.168.0.102', '2021-01-07 12:00:02');
INSERT INTO `sys_log` VALUES ('1347030210018312193', '1', 'admin', '用户管理-赋予角色-获取所有角色接口', '3', 'com.company.project.controller.UserController.getUserOwnRole()', '[\"1347029397187362817\"]', '192.168.0.102', '2021-01-07 12:00:03');
INSERT INTO `sys_log` VALUES ('1347030218763436033', '1', 'admin', '用户管理-赋予角色-用户赋予角色接口', '24', 'com.company.project.controller.UserController.setUserOwnRole()', '[\"1347029397187362817\",[\"1331087516021194754\"]]', '192.168.0.102', '2021-01-07 12:00:05');
INSERT INTO `sys_log` VALUES ('1347030218906042370', '1', 'admin', '用户管理-分页获取用户列表', '14', 'com.company.project.controller.UserController.pageInfo()', '[{\"username\":\"\"}]', '192.168.0.102', '2021-01-07 12:00:05');
INSERT INTO `sys_log` VALUES ('1347030222936768514', '1', 'admin', '用户管理-赋予角色-获取所有角色接口', '3', 'com.company.project.controller.UserController.getUserOwnRole()', '[\"1347029303025238018\"]', '192.168.0.102', '2021-01-07 12:00:06');
INSERT INTO `sys_log` VALUES ('1347030232264900610', '1', 'admin', '用户管理-赋予角色-用户赋予角色接口', '23', 'com.company.project.controller.UserController.setUserOwnRole()', '[\"1347029303025238018\",[\"1331087516021194754\"]]', '192.168.0.102', '2021-01-07 12:00:08');
INSERT INTO `sys_log` VALUES ('1347030232441061378', '1', 'admin', '用户管理-分页获取用户列表', '18', 'com.company.project.controller.UserController.pageInfo()', '[{\"username\":\"\"}]', '192.168.0.102', '2021-01-07 12:00:08');
INSERT INTO `sys_log` VALUES ('1347030235960082434', '1', 'admin', '用户管理-赋予角色-获取所有角色接口', '2', 'com.company.project.controller.UserController.getUserOwnRole()', '[\"1341347778094989313\"]', '192.168.0.102', '2021-01-07 12:00:09');
INSERT INTO `sys_log` VALUES ('1347033388981977090', '1', 'admin', '机构管理-树型组织列表', '2', 'com.company.project.controller.DeptController.getTree()', '[null]', '192.168.0.102', '2021-01-07 12:12:41');
INSERT INTO `sys_log` VALUES ('1347033389082640385', '1', 'admin', '用户管理-分页获取用户列表', '16', 'com.company.project.controller.UserController.pageInfo()', '[{}]', '192.168.0.102', '2021-01-07 12:12:41');
INSERT INTO `sys_log` VALUES ('1347041083474616321', '1', 'admin', '用户管理-分页获取用户列表', '29', 'com.company.project.controller.UserController.pageInfo()', '[{\"realName\":\"\",\"username\":\"\"}]', '192.168.0.102', '2021-01-07 12:43:15');
INSERT INTO `sys_log` VALUES ('1347041372395053057', '1', 'admin', '用户管理-分页获取用户列表', '27', 'com.company.project.controller.UserController.pageInfo()', '[{\"realName\":\"\",\"username\":\"\"}]', '192.168.0.102', '2021-01-07 12:44:24');
INSERT INTO `sys_log` VALUES ('1347042750660173825', '1', 'admin', '用户管理-分页获取用户列表', '33', 'com.company.project.controller.UserController.pageInfo()', '[{\"realName\":\"\",\"username\":\"\"}]', '192.168.0.102', '2021-01-07 12:49:53');
INSERT INTO `sys_log` VALUES ('1347043760258506753', '1', 'admin', '用户管理-分页获取用户列表', '25', 'com.company.project.controller.UserController.pageInfo()', '[{\"realName\":\"\",\"username\":\"\"}]', '192.168.0.102', '2021-01-07 12:53:53');
INSERT INTO `sys_log` VALUES ('1347066852775084033', '1', 'admin', '用户管理-分页获取用户列表', '37', 'com.company.project.controller.UserController.pageInfo()', '[{\"realName\":\"\",\"username\":\"\"}]', '192.168.0.102', '2021-01-07 14:25:39');
INSERT INTO `sys_log` VALUES ('1347068133686140930', '1', 'admin', '用户管理-分页获取用户列表', '35', 'com.company.project.controller.UserController.pageInfo()', '[{\"realName\":\"\",\"username\":\"\"}]', '192.168.0.102', '2021-01-07 14:30:45');
INSERT INTO `sys_log` VALUES ('1347069010694209537', '1', 'admin', '用户管理-分页获取用户列表', '37', 'com.company.project.controller.UserController.pageInfo()', '[{\"realName\":\"\",\"username\":\"\"}]', '192.168.0.102', '2021-01-07 14:34:14');
INSERT INTO `sys_log` VALUES ('1347070058003501058', '1', 'admin', '用户管理-分页获取用户列表', '36', 'com.company.project.controller.UserController.pageInfo()', '[{\"realName\":\"\",\"username\":\"\"}]', '192.168.0.102', '2021-01-07 14:38:23');
INSERT INTO `sys_log` VALUES ('1347071195079286786', '1', 'admin', '用户管理-分页获取用户列表', '35', 'com.company.project.controller.UserController.pageInfo()', '[{\"realName\":\"\",\"username\":\"\"}]', '192.168.0.102', '2021-01-07 14:42:54');
INSERT INTO `sys_log` VALUES ('1347093306682445825', '1', 'admin', '机构管理-树型组织列表', '12', 'com.company.project.controller.DeptController.getTree()', '[null]', '192.168.0.102', '2021-01-07 16:10:46');
INSERT INTO `sys_log` VALUES ('1347093306753748994', '1', 'admin', '用户管理-分页获取用户列表', '32', 'com.company.project.controller.UserController.pageInfo()', '[{}]', '192.168.0.102', '2021-01-07 16:10:46');
INSERT INTO `sys_log` VALUES ('1347093372998586369', '1', 'admin', '机构管理-树型组织列表', '4', 'com.company.project.controller.DeptController.getTree()', '[null]', '192.168.0.102', '2021-01-07 16:11:02');
INSERT INTO `sys_log` VALUES ('1347093373107638273', '1', 'admin', '用户管理-分页获取用户列表', '25', 'com.company.project.controller.UserController.pageInfo()', '[{}]', '192.168.0.102', '2021-01-07 16:11:02');
INSERT INTO `sys_log` VALUES ('1347093420717182978', '1', 'admin', '角色管理-分页获取角色信息', '30', 'com.company.project.controller.RoleController.pageInfo()', '[{}]', '192.168.0.102', '2021-01-07 16:11:13');
INSERT INTO `sys_log` VALUES ('1347093431253274626', '1', 'admin', '角色管理-查询角色详情', '276', 'com.company.project.controller.RoleController.detailInfo()', '[\"1331087516021194754\"]', '192.168.0.102', '2021-01-07 16:11:16');
INSERT INTO `sys_log` VALUES ('1347093818739855361', '1', 'admin', '角色管理-更新角色信息', '70', 'com.company.project.controller.RoleController.updateDept()', '[{\"description\":\"\",\"id\":\"1331087516021194754\",\"name\":\"教师\",\"permissions\":[\"1334806348645957634\",\"784480084756004864\",\"784480084756004868\",\"784480084814725120\",\"784480084814725124\",\"1334807138768945153\",\"784480085049606144\",\"784480085049606145\",\"784480085049606146\",\"784480085049606147\",\"784480085049606148\",\"789437171000934400\",\"789437171000934401\",\"789437171000934402\",\"789437171000934403\",\"789437171000934404\",\"1334808090397802498\",\"784480084118470656\",\"1346636197545123842\",\"1346239294743543809\",\"1346451957448769537\",\"1334822791945027585\",\"784480084491763712\",\"784480084491763716\",\"784480084932165632\",\"784480084932165636\",\"784480084986691584\",\"784480084986691588\",\"784480085104132096\",\"784480085104132100\",\"796380986987249664\",\"796380986987249668\"],\"status\":1,\"updateTime\":1610007168781}]', '192.168.0.102', '2021-01-07 16:12:48');
INSERT INTO `sys_log` VALUES ('1347093818962153474', '1', 'admin', '角色管理-分页获取角色信息', '4', 'com.company.project.controller.RoleController.pageInfo()', '[{\"name\":\"\"}]', '192.168.0.102', '2021-01-07 16:12:48');
INSERT INTO `sys_log` VALUES ('1347093850448793601', null, null, '用户管理-退出', '1', 'com.company.project.controller.UserController.logout()', null, '192.168.0.102', '2021-01-07 16:12:56');
INSERT INTO `sys_log` VALUES ('1347093982741336065', null, null, '用户管理-退出', '1', 'com.company.project.controller.UserController.logout()', null, '192.168.0.102', '2021-01-07 16:13:27');
INSERT INTO `sys_log` VALUES ('1347094036541673473', '1', 'admin', '菜单权限管理-获取所有菜单权限', '215', 'com.company.project.controller.PermissionController.getAllMenusPermission()', null, '192.168.0.102', '2021-01-07 16:13:40');
INSERT INTO `sys_log` VALUES ('1347094043806208002', '1', 'admin', '角色管理-分页获取角色信息', '5', 'com.company.project.controller.RoleController.pageInfo()', '[{}]', '192.168.0.102', '2021-01-07 16:13:42');
INSERT INTO `sys_log` VALUES ('1347094053553770498', '1', 'admin', '角色管理-查询角色详情', '185', 'com.company.project.controller.RoleController.detailInfo()', '[\"1331087516021194754\"]', '192.168.0.102', '2021-01-07 16:13:44');
INSERT INTO `sys_log` VALUES ('1347094175838703617', '1', 'admin', '角色管理-更新角色信息', '37', 'com.company.project.controller.RoleController.updateDept()', '[{\"description\":\"\",\"id\":\"1331087516021194754\",\"name\":\"教师\",\"permissions\":[\"1334806348645957634\",\"784480084756004864\",\"784480084756004868\",\"784480084814725120\",\"784480084814725124\",\"1334807138768945153\",\"784480085049606144\",\"784480085049606145\",\"784480085049606146\",\"784480085049606147\",\"784480085049606148\",\"789437171000934400\",\"789437171000934401\",\"789437171000934402\",\"789437171000934403\",\"789437171000934404\",\"1334808090397802498\",\"784480084118470656\",\"784480084118470658\",\"784480084118470660\",\"1346636197545123842\",\"1346239294743543809\",\"1346451957448769537\",\"1334822791945027585\",\"784480084491763712\",\"784480084491763716\",\"784480084932165632\",\"784480084932165636\",\"784480084986691584\",\"784480084986691588\",\"784480085104132096\",\"784480085104132100\",\"796380986987249664\",\"796380986987249668\"],\"status\":1,\"updateTime\":1610007253937}]', '192.168.0.102', '2021-01-07 16:14:13');
INSERT INTO `sys_log` VALUES ('1347094176014864386', '1', 'admin', '角色管理-分页获取角色信息', '4', 'com.company.project.controller.RoleController.pageInfo()', '[{\"name\":\"\"}]', '192.168.0.102', '2021-01-07 16:14:14');
INSERT INTO `sys_log` VALUES ('1347094193073098754', null, null, '用户管理-退出', '2', 'com.company.project.controller.UserController.logout()', null, '192.168.0.102', '2021-01-07 16:14:18');
INSERT INTO `sys_log` VALUES ('1347097393264123906', null, null, '用户管理-退出', '4', 'com.company.project.controller.UserController.logout()', null, '192.168.0.102', '2021-01-07 16:27:01');
INSERT INTO `sys_log` VALUES ('1347097956395573250', null, null, '用户管理-退出', '3', 'com.company.project.controller.UserController.logout()', null, '192.168.0.102', '2021-01-07 16:29:15');
INSERT INTO `sys_log` VALUES ('1347112583783305217', null, null, '用户管理-退出', '32', 'com.company.project.controller.UserController.logout()', null, '192.168.0.102', '2021-01-07 17:27:22');
INSERT INTO `sys_log` VALUES ('1347113023589634049', '1', 'admin', '菜单权限管理-获取所有菜单权限', '303', 'com.company.project.controller.PermissionController.getAllMenusPermission()', null, '192.168.0.102', '2021-01-07 17:29:07');
INSERT INTO `sys_log` VALUES ('1347113230507233282', '1', 'admin', '菜单权限管理-获取所有目录菜单树', '235', 'com.company.project.controller.PermissionController.getAllMenusPermissionTree()', '[\"796792186363445248\"]', '192.168.0.102', '2021-01-07 17:29:56');
INSERT INTO `sys_log` VALUES ('1347113299889410049', '1', 'admin', '菜单权限管理-更新菜单权限', '16', 'com.company.project.controller.PermissionController.updatePermission()', '[{\"icon\":\"\",\"id\":\"796792186363445248\",\"name\":\"成绩列表\",\"orderNum\":10,\"perms\":\"\",\"pid\":\"784480084118470656\",\"pidName\":\"成绩管理\",\"status\":1,\"target\":\"_self\",\"type\":2,\"updateTime\":1610011813487,\"url\":\"/index/dlExamScore\"}]', '192.168.0.102', '2021-01-07 17:30:13');
INSERT INTO `sys_log` VALUES ('1347113300845711362', '1', 'admin', '菜单权限管理-获取所有菜单权限', '207', 'com.company.project.controller.PermissionController.getAllMenusPermission()', null, '192.168.0.102', '2021-01-07 17:30:13');
INSERT INTO `sys_log` VALUES ('1347113513916354562', '1', 'admin', '角色管理-分页获取角色信息', '10', 'com.company.project.controller.RoleController.pageInfo()', '[{}]', '192.168.0.102', '2021-01-07 17:31:04');
INSERT INTO `sys_log` VALUES ('1347113522581786625', '1', 'admin', '角色管理-查询角色详情', '213', 'com.company.project.controller.RoleController.detailInfo()', '[\"1\"]', '192.168.0.102', '2021-01-07 17:31:06');
INSERT INTO `sys_log` VALUES ('1347113562364760065', '1', 'admin', '角色管理-更新角色信息', '105', 'com.company.project.controller.RoleController.updateDept()', '[{\"description\":\"拥有所有权限-不能删除\",\"id\":\"1\",\"name\":\"超级管理员\",\"permissions\":[\"51\",\"11\",\"17\",\"26\",\"40\",\"43\",\"44\",\"53\",\"3\",\"19\",\"36\",\"1311115974068449281\",\"13\",\"39\",\"41\",\"5\",\"9\",\"12\",\"22\",\"38\",\"1334806348645957634\",\"784480084756004864\",\"784480084756004865\",\"784480084756004866\",\"784480084756004867\",\"784480084756004868\",\"784480084814725120\",\"784480084814725121\",\"784480084814725122\",\"784480084814725123\",\"784480084814725124\",\"1334806894995996673\",\"784480084634370048\",\"784480084634370049\",\"784480084634370050\",\"784480084634370051\",\"784480084634370052\",\"24\",\"10\",\"23\",\"25\",\"42\",\"52\",\"56\",\"57\",\"1334807138768945153\",\"784480084567261184\",\"784480084567261185\",\"784480084567261186\",\"784480084567261187\",\"784480084567261188\",\"784480084693090304\",\"784480084693090305\",\"784480084693090306\",\"784480084693090307\",\"784480084693090308\",\"784480084877639680\",\"784480084877639681\",\"784480084877639682\",\"784480084877639683\",\"784480084877639684\",\"784480085049606144\",\"784480085049606145\",\"784480085049606146\",\"784480085049606147\",\"784480085049606148\",\"789437171000934400\",\"789437171000934401\",\"789437171000934402\",\"789437171000934403\",\"789437171000934404\",\"1334808583455014914\",\"1334808090397802498\",\"784480084189773824\",\"784480084189773825\",\"784480084189773826\",\"784480084189773827\",\"784480084189773828\",\"784480083837452289\",\"784480083837452290\",\"784480083837452291\",\"784480083837452292\",\"793103294946869249\",\"793103294946869250\",\"793103294946869251\",\"793103294946869252\",\"1344644834154868738\",\"784480084034584577\",\"784480084034584578\",\"784480084034584579\",\"784480084034584580\",\"784480084319797249\",\"784480084319797250\",\"784480084319797251\",\"784480084319797252\",\"784480084118470656\",\"784480084118470657\",\"784480084118470658\",\"784480084118470659\",\"784480084118470660\",\"1346636399928680450\",\"1346636197545123842\",\"1346999702114848769\",\"796792186363445248\",\"796792186363445249\",\"796792186363445250\",\"796792186363445251\",\"796792186363445252\",\"784480084256882688\",\"784480084256882689\",\"784480084256882690\",\"784480084256882691\",\"784480084256882692\",\"1346239294743543809\",\"1346451957448769537\",\"1334808707124068353\",\"1334822791945027585\",\"784480084491763712\",\"784480084491763713\",\"784480084491763714\",\"784480084491763715\",\"784480084491763716\",\"1339549078235017217\",\"784480084932165632\",\"784480084932165633\",\"784480084932165634\",\"784480084932165635\",\"784480084932165636\",\"1335060861890002945\",\"784480084986691584\",\"784480084986691585\",\"784480084986691586\",\"784480084986691587\",\"784480084986691588\",\"784480085104132096\",\"784480085104132097\",\"784480085104132098\",\"784480085104132099\",\"784480085104132100\",\"796380986987249664\",\"796380986987249665\",\"796380986987249666\",\"796380986987249667\",\"796380986987249668\",\"54\",\"15\",\"1\",\"4\",\"16\",\"20\",\"27\",\"28\",\"29\",\"30\",\"31\",\"32\",\"33\",\"34\",\"35\",\"45\",\"46\",\"47\",\"48\",\"49\",\"1339410383213309953\",\"59\",\"60\",\"61\",\"62\",\"63\",\"55\",\"18\",\"14\",\"8\",\"7\",\"58\",\"21\",\"50\",\"2\",\"6\"],\"status\":1,\"updateTime\":1610011875985}]', '192.168.0.102', '2021-01-07 17:31:16');
INSERT INTO `sys_log` VALUES ('1347113562721275905', '1', 'admin', '角色管理-分页获取角色信息', '4', 'com.company.project.controller.RoleController.pageInfo()', '[{\"name\":\"\"}]', '192.168.0.102', '2021-01-07 17:31:16');
INSERT INTO `sys_log` VALUES ('1347152241682620417', '1', 'admin', '用户管理-分页获取用户列表', '34', 'com.company.project.controller.UserController.pageInfo()', '[{\"realName\":\"\",\"username\":\"\"}]', '192.168.0.102', '2021-01-07 20:04:57');
INSERT INTO `sys_log` VALUES ('1347153215142834178', '1', 'admin', '用户管理-分页获取用户列表', '43', 'com.company.project.controller.UserController.pageInfo()', '[{\"realName\":\"\",\"username\":\"\"}]', '192.168.0.102', '2021-01-07 20:08:50');
INSERT INTO `sys_log` VALUES ('1347159432812597250', null, null, '用户管理-退出', '5', 'com.company.project.controller.UserController.logout()', null, '192.168.0.102', '2021-01-07 20:33:32');
INSERT INTO `sys_log` VALUES ('1347159530372108289', null, null, '用户管理-退出', '1', 'com.company.project.controller.UserController.logout()', null, '192.168.0.102', '2021-01-07 20:33:55');
INSERT INTO `sys_log` VALUES ('1347159596314955778', null, null, '用户管理-退出', '3', 'com.company.project.controller.UserController.logout()', null, '192.168.0.102', '2021-01-07 20:34:11');
INSERT INTO `sys_log` VALUES ('1347159926561869826', '1', 'admin', '角色管理-分页获取角色信息', '11', 'com.company.project.controller.RoleController.pageInfo()', '[{}]', '192.168.0.102', '2021-01-07 20:35:30');
INSERT INTO `sys_log` VALUES ('1347159935030169601', '1', 'admin', '角色管理-查询角色详情', '286', 'com.company.project.controller.RoleController.detailInfo()', '[\"1331087516021194754\"]', '192.168.0.102', '2021-01-07 20:35:32');
INSERT INTO `sys_log` VALUES ('1347159984623620097', '1', 'admin', '角色管理-更新角色信息', '61', 'com.company.project.controller.RoleController.updateDept()', '[{\"description\":\"\",\"id\":\"1331087516021194754\",\"name\":\"教师\",\"permissions\":[\"1334806348645957634\",\"784480084756004864\",\"784480084756004868\",\"784480084814725120\",\"784480084814725124\",\"1334807138768945153\",\"784480085049606144\",\"784480085049606145\",\"784480085049606146\",\"784480085049606147\",\"784480085049606148\",\"789437171000934400\",\"789437171000934401\",\"789437171000934402\",\"789437171000934403\",\"789437171000934404\",\"1334808090397802498\",\"784480084118470656\",\"784480084118470658\",\"784480084118470660\",\"1346636197545123842\",\"796792186363445248\",\"796792186363445249\",\"796792186363445250\",\"796792186363445251\",\"796792186363445252\",\"1346239294743543809\",\"1346451957448769537\",\"1334822791945027585\",\"784480084491763712\",\"784480084491763716\",\"784480084932165632\",\"784480084932165636\",\"784480084986691584\",\"784480084986691588\",\"784480085104132096\",\"784480085104132100\",\"796380986987249664\",\"796380986987249668\"],\"status\":1,\"updateTime\":1610022943961}]', '192.168.0.102', '2021-01-07 20:35:44');
INSERT INTO `sys_log` VALUES ('1347159984829140993', '1', 'admin', '角色管理-分页获取角色信息', '4', 'com.company.project.controller.RoleController.pageInfo()', '[{\"name\":\"\"}]', '192.168.0.102', '2021-01-07 20:35:44');
INSERT INTO `sys_log` VALUES ('1347166558654095362', '1', 'admin', '用户管理-分页获取用户列表', '36', 'com.company.project.controller.UserController.pageInfo()', '[{\"realName\":\"\",\"username\":\"\"}]', '192.168.0.102', '2021-01-07 21:01:51');
INSERT INTO `sys_log` VALUES ('1347166922476412930', '1', 'admin', '用户管理-分页获取用户列表', '26', 'com.company.project.controller.UserController.pageInfo()', '[{\"realName\":\"\",\"username\":\"\"}]', '192.168.0.102', '2021-01-07 21:03:18');
INSERT INTO `sys_log` VALUES ('1347167694144462849', '1', 'admin', '用户管理-分页获取用户列表', '20', 'com.company.project.controller.UserController.pageInfo()', '[{\"realName\":\"\",\"username\":\"\"}]', '192.168.0.102', '2021-01-07 21:06:22');
INSERT INTO `sys_log` VALUES ('1347167731557654530', '1', 'admin', '用户管理-分页获取用户列表', '11', 'com.company.project.controller.UserController.pageInfo()', '[{\"realName\":\"\",\"username\":\"\"}]', '192.168.0.102', '2021-01-07 21:06:31');
INSERT INTO `sys_log` VALUES ('1347167738897686529', '1', 'admin', '用户管理-分页获取用户列表', '13', 'com.company.project.controller.UserController.pageInfo()', '[{\"realName\":\"\",\"username\":\"\"}]', '192.168.0.102', '2021-01-07 21:06:32');
INSERT INTO `sys_log` VALUES ('1347168206529028097', '1', 'admin', '用户管理-分页获取用户列表', '10', 'com.company.project.controller.UserController.pageInfo()', '[{\"realName\":\"\",\"username\":\"10108\"}]', '192.168.0.102', '2021-01-07 21:08:24');
INSERT INTO `sys_log` VALUES ('1347191937917820930', null, null, '用户管理-退出', '5', 'com.company.project.controller.UserController.logout()', null, '192.168.0.102', '2021-01-07 22:42:42');
INSERT INTO `sys_log` VALUES ('1347375654741295106', '1', 'admin', '菜单权限管理-获取所有菜单权限', '359', 'com.company.project.controller.PermissionController.getAllMenusPermission()', null, '192.168.0.102', '2021-01-08 10:52:43');
INSERT INTO `sys_log` VALUES ('1347376058816348161', '1', 'admin', '菜单权限管理-获取所有目录菜单树', '279', 'com.company.project.controller.PermissionController.getAllMenusPermissionTree()', '[\"1346999702114848769\"]', '192.168.0.102', '2021-01-08 10:54:20');
INSERT INTO `sys_log` VALUES ('1347376090827276289', '1', 'admin', '菜单权限管理-更新菜单权限', '18', 'com.company.project.controller.PermissionController.updatePermission()', '[{\"icon\":\"\",\"id\":\"1346999702114848769\",\"name\":\"统一录入\",\"orderNum\":3,\"perms\":\"\",\"pid\":\"784480084118470656\",\"pidName\":\"成绩管理\",\"status\":1,\"target\":\"_self\",\"type\":2,\"updateTime\":1610074467725,\"url\":\"/index/dlExamResultUnifyInput\"}]', '192.168.0.102', '2021-01-08 10:54:27');
INSERT INTO `sys_log` VALUES ('1347376092156870658', '1', 'admin', '菜单权限管理-获取所有菜单权限', '293', 'com.company.project.controller.PermissionController.getAllMenusPermission()', null, '192.168.0.102', '2021-01-08 10:54:28');
INSERT INTO `sys_log` VALUES ('1347498645525422081', '1', 'admin', '菜单权限管理-获取所有菜单权限', '347', 'com.company.project.controller.PermissionController.getAllMenusPermission()', null, '192.168.0.102', '2021-01-08 19:01:27');
INSERT INTO `sys_log` VALUES ('1347498823863033858', '1', 'admin', '菜单权限管理-获取所有菜单权限', '290', 'com.company.project.controller.PermissionController.getAllMenusPermission()', null, '192.168.0.102', '2021-01-08 19:02:09');
INSERT INTO `sys_log` VALUES ('1347498866221309954', '1', 'admin', '菜单权限管理-获取所有目录菜单树', '262', 'com.company.project.controller.PermissionController.getAllMenusPermissionTree()', '[\"784480084118470656\"]', '192.168.0.102', '2021-01-08 19:02:19');
INSERT INTO `sys_log` VALUES ('1347498900425859073', '1', 'admin', '菜单权限管理-更新菜单权限', '17', 'com.company.project.controller.PermissionController.updatePermission()', '[{\"icon\":\"\",\"id\":\"784480084118470656\",\"name\":\"成绩管理\",\"orderNum\":10,\"perms\":\"\",\"pid\":\"0\",\"pidName\":\"默认顶级菜单\",\"status\":1,\"target\":\"_self\",\"type\":1,\"updateTime\":1610103747822,\"url\":\"/index/dlExamResult\"}]', '192.168.0.102', '2021-01-08 19:02:27');
INSERT INTO `sys_log` VALUES ('1347498901478629378', '1', 'admin', '菜单权限管理-获取所有菜单权限', '236', 'com.company.project.controller.PermissionController.getAllMenusPermission()', null, '192.168.0.102', '2021-01-08 19:02:28');
INSERT INTO `sys_log` VALUES ('1347499124850483202', '1', 'admin', '菜单权限管理-获取所有目录菜单树', '222', 'com.company.project.controller.PermissionController.getAllMenusPermissionTree()', '[\"784480084118470656\"]', '192.168.0.102', '2021-01-08 19:03:21');
INSERT INTO `sys_log` VALUES ('1347499139413106689', '1', 'admin', '菜单权限管理-更新菜单权限', '6', 'com.company.project.controller.PermissionController.updatePermission()', '[{\"icon\":\"\",\"id\":\"784480084118470656\",\"name\":\"成绩管理\",\"orderNum\":6,\"perms\":\"\",\"pid\":\"0\",\"pidName\":\"\",\"status\":1,\"target\":\"_self\",\"type\":1,\"updateTime\":1610103804806,\"url\":\"/index/dlExamResult\"}]', '192.168.0.102', '2021-01-08 19:03:24');
INSERT INTO `sys_log` VALUES ('1347499140218413058', '1', 'admin', '菜单权限管理-获取所有菜单权限', '188', 'com.company.project.controller.PermissionController.getAllMenusPermission()', null, '192.168.0.102', '2021-01-08 19:03:25');
INSERT INTO `sys_log` VALUES ('1347499291355963394', '1', 'admin', '菜单权限管理-获取所有菜单权限', '137', 'com.company.project.controller.PermissionController.getAllMenusPermission()', null, '192.168.0.102', '2021-01-08 19:04:01');
INSERT INTO `sys_log` VALUES ('1347499525482012674', '1', 'admin', '菜单权限管理-获取所有目录菜单树', '157', 'com.company.project.controller.PermissionController.getAllMenusPermissionTree()', '[\"784480084118470660\"]', '192.168.0.102', '2021-01-08 19:04:56');
INSERT INTO `sys_log` VALUES ('1347499630264115201', '1', 'admin', '菜单权限管理-更新菜单权限', '11', 'com.company.project.controller.PermissionController.updatePermission()', '[{\"icon\":\"\",\"id\":\"784480084118470660\",\"name\":\"列表\",\"orderNum\":1,\"perms\":\"dlExamResult:list\",\"pid\":\"1346999702114848769\",\"pidName\":\"统一录入\",\"status\":1,\"target\":\"_self\",\"type\":3,\"updateTime\":1610103921831,\"url\":\"dlExamResult/listByPage\"}]', '192.168.0.102', '2021-01-08 19:05:21');
INSERT INTO `sys_log` VALUES ('1347499631044255746', '1', 'admin', '菜单权限管理-获取所有菜单权限', '171', 'com.company.project.controller.PermissionController.getAllMenusPermission()', null, '192.168.0.102', '2021-01-08 19:05:22');
INSERT INTO `sys_log` VALUES ('1347499697221984257', '1', 'admin', '菜单权限管理-获取所有目录菜单树', '188', 'com.company.project.controller.PermissionController.getAllMenusPermissionTree()', '[\"784480084118470657\"]', '192.168.0.102', '2021-01-08 19:05:37');
INSERT INTO `sys_log` VALUES ('1347499734815531009', '1', 'admin', '菜单权限管理-更新菜单权限', '9', 'com.company.project.controller.PermissionController.updatePermission()', '[{\"icon\":\"\",\"id\":\"784480084118470657\",\"name\":\"新增\",\"orderNum\":2,\"perms\":\"dlExamResult:add\",\"pid\":\"1346999702114848769\",\"pidName\":\"统一录入\",\"status\":1,\"target\":\"_self\",\"type\":3,\"updateTime\":1610103946760,\"url\":\"dlExamResult/add\"}]', '192.168.0.102', '2021-01-08 19:05:46');
INSERT INTO `sys_log` VALUES ('1347499735520174082', '1', 'admin', '菜单权限管理-获取所有菜单权限', '154', 'com.company.project.controller.PermissionController.getAllMenusPermission()', null, '192.168.0.102', '2021-01-08 19:05:46');
INSERT INTO `sys_log` VALUES ('1347499848745410562', '1', 'admin', '菜单权限管理-获取所有目录菜单树', '154', 'com.company.project.controller.PermissionController.getAllMenusPermissionTree()', '[\"784480084118470658\"]', '192.168.0.102', '2021-01-08 19:06:13');
INSERT INTO `sys_log` VALUES ('1347499887064571905', '1', 'admin', '菜单权限管理-更新菜单权限', '12', 'com.company.project.controller.PermissionController.updatePermission()', '[{\"icon\":\"\",\"id\":\"784480084118470658\",\"name\":\"修改\",\"orderNum\":3,\"perms\":\"dlExamResult:update\",\"pid\":\"1346999702114848769\",\"pidName\":\"统一录入\",\"status\":1,\"target\":\"_self\",\"type\":3,\"updateTime\":1610103983056,\"url\":\"dlExamResult/update\"}]', '192.168.0.102', '2021-01-08 19:06:23');
INSERT INTO `sys_log` VALUES ('1347499887685328898', '1', 'admin', '菜单权限管理-获取所有菜单权限', '135', 'com.company.project.controller.PermissionController.getAllMenusPermission()', null, '192.168.0.102', '2021-01-08 19:06:23');
INSERT INTO `sys_log` VALUES ('1347499933596180481', '1', 'admin', '菜单权限管理-获取所有目录菜单树', '257', 'com.company.project.controller.PermissionController.getAllMenusPermissionTree()', '[\"784480084118470659\"]', '192.168.0.102', '2021-01-08 19:06:34');
INSERT INTO `sys_log` VALUES ('1347499964826968066', '1', 'admin', '菜单权限管理-更新菜单权限', '10', 'com.company.project.controller.PermissionController.updatePermission()', '[{\"icon\":\"\",\"id\":\"784480084118470659\",\"name\":\"删除\",\"orderNum\":4,\"perms\":\"dlExamResult:delete\",\"pid\":\"1346999702114848769\",\"pidName\":\"统一录入\",\"status\":1,\"target\":\"_self\",\"type\":3,\"updateTime\":1610104001598,\"url\":\"dlExamResult/delete\"}]', '192.168.0.102', '2021-01-08 19:06:41');
INSERT INTO `sys_log` VALUES ('1347499965460307970', '1', 'admin', '菜单权限管理-获取所有菜单权限', '139', 'com.company.project.controller.PermissionController.getAllMenusPermission()', null, '192.168.0.102', '2021-01-08 19:06:41');
INSERT INTO `sys_log` VALUES ('1347500086252068866', '1', 'admin', '菜单权限管理-删除菜单权限', '40', 'com.company.project.controller.PermissionController.deleted()', '[\"796792186363445251\"]', '192.168.0.102', '2021-01-08 19:07:10');
INSERT INTO `sys_log` VALUES ('1347500087095123970', '1', 'admin', '菜单权限管理-获取所有菜单权限', '172', 'com.company.project.controller.PermissionController.getAllMenusPermission()', null, '192.168.0.102', '2021-01-08 19:07:10');
INSERT INTO `sys_log` VALUES ('1347500144590643201', '1', 'admin', '菜单权限管理-删除菜单权限', '13', 'com.company.project.controller.PermissionController.deleted()', '[\"796792186363445249\"]', '192.168.0.102', '2021-01-08 19:07:24');
INSERT INTO `sys_log` VALUES ('1347500145454669825', '1', 'admin', '菜单权限管理-获取所有菜单权限', '144', 'com.company.project.controller.PermissionController.getAllMenusPermission()', null, '192.168.0.102', '2021-01-08 19:07:24');
INSERT INTO `sys_log` VALUES ('1347500198223208450', '1', 'admin', '菜单权限管理-获取所有目录菜单树', '185', 'com.company.project.controller.PermissionController.getAllMenusPermissionTree()', '[\"796792186363445250\"]', '192.168.0.102', '2021-01-08 19:07:37');
INSERT INTO `sys_log` VALUES ('1347500266523254785', '1', 'admin', '菜单权限管理-更新菜单权限', '10', 'com.company.project.controller.PermissionController.updatePermission()', '[{\"icon\":\"\",\"id\":\"796792186363445250\",\"name\":\"修改\",\"orderNum\":5,\"perms\":\"dlExamScore:update\",\"pid\":\"1346999702114848769\",\"pidName\":\"统一录入\",\"status\":1,\"target\":\"_self\",\"type\":3,\"updateTime\":1610104073530,\"url\":\"dlExamScore/update\"}]', '192.168.0.102', '2021-01-08 19:07:53');
INSERT INTO `sys_log` VALUES ('1347500267198537729', '1', 'admin', '菜单权限管理-获取所有菜单权限', '146', 'com.company.project.controller.PermissionController.getAllMenusPermission()', null, '192.168.0.102', '2021-01-08 19:07:53');
INSERT INTO `sys_log` VALUES ('1347500308646649858', '1', 'admin', '菜单权限管理-获取所有目录菜单树', '164', 'com.company.project.controller.PermissionController.getAllMenusPermissionTree()', '[\"796792186363445252\"]', '192.168.0.102', '2021-01-08 19:08:03');
INSERT INTO `sys_log` VALUES ('1347500348773556225', '1', 'admin', '菜单权限管理-更新菜单权限', '6', 'com.company.project.controller.PermissionController.updatePermission()', '[{\"icon\":\"\",\"id\":\"796792186363445252\",\"name\":\"列表\",\"orderNum\":7,\"perms\":\"dlExamScore:list\",\"pid\":\"1346999702114848769\",\"pidName\":\"统一录入\",\"status\":1,\"target\":\"_self\",\"type\":3,\"updateTime\":1610104093143,\"url\":\"dlExamScore/listByPage\"}]', '192.168.0.102', '2021-01-08 19:08:13');
INSERT INTO `sys_log` VALUES ('1347500349457227778', '1', 'admin', '菜单权限管理-获取所有菜单权限', '147', 'com.company.project.controller.PermissionController.getAllMenusPermission()', null, '192.168.0.102', '2021-01-08 19:08:13');
INSERT INTO `sys_log` VALUES ('1347500402359984130', '1', 'admin', '菜单权限管理-删除菜单权限', '11', 'com.company.project.controller.PermissionController.deleted()', '[\"796792186363445248\"]', '192.168.0.102', '2021-01-08 19:08:25');
INSERT INTO `sys_log` VALUES ('1347500403144318978', '1', 'admin', '菜单权限管理-获取所有菜单权限', '156', 'com.company.project.controller.PermissionController.getAllMenusPermission()', null, '192.168.0.102', '2021-01-08 19:08:26');
INSERT INTO `sys_log` VALUES ('1347504599537082370', '1', 'admin', '菜单权限管理-获取所有菜单权限', '131', 'com.company.project.controller.PermissionController.getAllMenusPermission()', null, '192.168.0.102', '2021-01-08 19:25:06');
INSERT INTO `sys_log` VALUES ('1347504641857609730', '1', 'admin', '菜单权限管理-获取所有目录菜单树', '149', 'com.company.project.controller.PermissionController.getAllMenusPermissionTree()', '[\"\"]', '192.168.0.102', '2021-01-08 19:25:16');
INSERT INTO `sys_log` VALUES ('1347504781230137345', '1', 'admin', '菜单权限管理-获取所有目录菜单树', '143', 'com.company.project.controller.PermissionController.getAllMenusPermissionTree()', '[\"\"]', '192.168.0.102', '2021-01-08 19:25:49');
INSERT INTO `sys_log` VALUES ('1347504949115543554', '1', 'admin', '菜单权限管理-新增菜单权限', '9', 'com.company.project.controller.PermissionController.addPermission()', '[{\"createTime\":1610105189946,\"deleted\":1,\"icon\":\"\",\"id\":\"1347504949065211906\",\"name\":\"列表\",\"orderNum\":1,\"perms\":\"dlExamResult:list\",\"pid\":\"1346636399928680450\",\"pidName\":\"成绩查询\",\"status\":1,\"target\":\"_self\",\"type\":3,\"updateTime\":1610105189946,\"url\":\"dlExamResult/myList\"}]', '192.168.0.102', '2021-01-08 19:26:29');
INSERT INTO `sys_log` VALUES ('1347504949736300546', '1', 'admin', '菜单权限管理-获取所有菜单权限', '137', 'com.company.project.controller.PermissionController.getAllMenusPermission()', null, '192.168.0.102', '2021-01-08 19:26:30');
INSERT INTO `sys_log` VALUES ('1347508223923310593', '1', 'admin', '菜单权限管理-获取所有菜单权限', '362', 'com.company.project.controller.PermissionController.getAllMenusPermission()', null, '192.168.0.102', '2021-01-08 19:39:30');
INSERT INTO `sys_log` VALUES ('1347508255607083009', '1', 'admin', '菜单权限管理-获取所有目录菜单树', '266', 'com.company.project.controller.PermissionController.getAllMenusPermissionTree()', '[\"784480084118470656\"]', '192.168.0.102', '2021-01-08 19:39:38');
INSERT INTO `sys_log` VALUES ('1347508378697322498', '1', 'admin', '菜单权限管理-更新菜单权限', '10', 'com.company.project.controller.PermissionController.updatePermission()', '[{\"icon\":\"layui-icon-survey\",\"id\":\"784480084118470656\",\"name\":\"成绩管理\",\"orderNum\":6,\"perms\":\"\",\"pid\":\"0\",\"pidName\":\"\",\"status\":1,\"target\":\"_self\",\"type\":1,\"updateTime\":1610106007619,\"url\":\"/index/dlExamResult\"}]', '192.168.0.102', '2021-01-08 19:40:07');
INSERT INTO `sys_log` VALUES ('1347508379762675713', '1', 'admin', '菜单权限管理-获取所有菜单权限', '235', 'com.company.project.controller.PermissionController.getAllMenusPermission()', null, '192.168.0.102', '2021-01-08 19:40:07');
INSERT INTO `sys_log` VALUES ('1349241852990849025', '1', 'admin', '菜单权限管理-获取所有菜单权限', '281', 'com.company.project.controller.PermissionController.getAllMenusPermission()', null, '192.168.0.104', '2021-01-13 14:28:20');
INSERT INTO `sys_log` VALUES ('1349241893050646529', '1', 'admin', '菜单权限管理-获取所有目录菜单树', '204', 'com.company.project.controller.PermissionController.getAllMenusPermissionTree()', '[\"1334808583455014914\"]', '192.168.0.104', '2021-01-13 14:28:29');
INSERT INTO `sys_log` VALUES ('1349241900420038658', '1', 'admin', '菜单权限管理-更新菜单权限', '19', 'com.company.project.controller.PermissionController.updatePermission()', '[{\"icon\":\"layui-icon-template-1\",\"id\":\"1334808583455014914\",\"name\":\"学情分析\",\"orderNum\":5,\"perms\":\"\",\"pid\":\"0\",\"pidName\":\"\",\"status\":0,\"target\":\"_self\",\"type\":1,\"updateTime\":1610519311399,\"url\":\"\"}]', '192.168.0.104', '2021-01-13 14:28:31');
INSERT INTO `sys_log` VALUES ('1349241901338591234', '1', 'admin', '菜单权限管理-获取所有菜单权限', '202', 'com.company.project.controller.PermissionController.getAllMenusPermission()', null, '192.168.0.104', '2021-01-13 14:28:31');
INSERT INTO `sys_log` VALUES ('1349242011124498433', '1', 'admin', '菜单权限管理-获取所有菜单权限', '191', 'com.company.project.controller.PermissionController.getAllMenusPermission()', null, '192.168.0.104', '2021-01-13 14:28:57');
INSERT INTO `sys_log` VALUES ('1349242054980141057', '1', 'admin', '菜单权限管理-删除菜单权限', '34', 'com.company.project.controller.PermissionController.deleted()', '[\"1334808583455014914\"]', '192.168.0.104', '2021-01-13 14:29:08');
INSERT INTO `sys_log` VALUES ('1349242055852556289', '1', 'admin', '菜单权限管理-获取所有菜单权限', '187', 'com.company.project.controller.PermissionController.getAllMenusPermission()', null, '192.168.0.104', '2021-01-13 14:29:08');
INSERT INTO `sys_log` VALUES ('1349254225072005122', '1', 'admin', '用户管理-分页获取用户列表', '42', 'com.company.project.controller.UserController.pageInfo()', '[{\"realName\":\"\",\"username\":\"\"}]', '192.168.0.104', '2021-01-13 15:17:29');
INSERT INTO `sys_log` VALUES ('1349258283602194434', '1', 'admin', '用户管理-分页获取用户列表', '22', 'com.company.project.controller.UserController.pageInfo()', '[{\"realName\":\"\",\"username\":\"\"}]', '192.168.0.104', '2021-01-13 15:33:37');
INSERT INTO `sys_log` VALUES ('1349263227331862530', '1', 'admin', '用户管理-分页获取用户列表', '32', 'com.company.project.controller.UserController.pageInfo()', '[{\"realName\":\"\",\"username\":\"\"}]', '192.168.0.104', '2021-01-13 15:53:16');
INSERT INTO `sys_log` VALUES ('1349263739544428545', '1', 'admin', '用户管理-分页获取用户列表', '38', 'com.company.project.controller.UserController.pageInfo()', '[{\"realName\":\"\",\"username\":\"\"}]', '192.168.0.104', '2021-01-13 15:55:18');
INSERT INTO `sys_log` VALUES ('1349265085026836481', '1', 'admin', '用户管理-分页获取用户列表', '36', 'com.company.project.controller.UserController.pageInfo()', '[{\"realName\":\"\",\"username\":\"\"}]', '192.168.0.104', '2021-01-13 16:00:39');
INSERT INTO `sys_log` VALUES ('1349268656019529730', '1', 'admin', '用户管理-分页获取用户列表', '42', 'com.company.project.controller.UserController.pageInfo()', '[{\"realName\":\"\",\"username\":\"\"}]', '192.168.0.104', '2021-01-13 16:14:50');
INSERT INTO `sys_log` VALUES ('1349273952016195585', '1', 'admin', '用户管理-分页获取用户列表', '37', 'com.company.project.controller.UserController.pageInfo()', '[{\"realName\":\"\",\"username\":\"\"}]', '192.168.0.104', '2021-01-13 16:35:53');
INSERT INTO `sys_log` VALUES ('1349302221289582593', '1', 'admin', '用户管理-分页获取用户列表', '40', 'com.company.project.controller.UserController.pageInfo()', '[{\"realName\":\"\",\"username\":\"\"}]', '192.168.0.104', '2021-01-13 18:28:13');
INSERT INTO `sys_log` VALUES ('1349318174836551682', '1', 'admin', '用户管理-分页获取用户列表', '38', 'com.company.project.controller.UserController.pageInfo()', '[{\"realName\":\"\",\"username\":\"\"}]', '192.168.0.104', '2021-01-13 19:31:36');
INSERT INTO `sys_log` VALUES ('1349318430189973505', '1', 'admin', '菜单权限管理-获取所有菜单权限', '318', 'com.company.project.controller.PermissionController.getAllMenusPermission()', null, '192.168.0.104', '2021-01-13 19:32:37');
INSERT INTO `sys_log` VALUES ('1349318994571329538', '1', 'admin', '用户管理-分页获取用户列表', '34', 'com.company.project.controller.UserController.pageInfo()', '[{\"realName\":\"\",\"username\":\"\"}]', '192.168.0.104', '2021-01-13 19:34:52');
INSERT INTO `sys_log` VALUES ('1349319862741942274', '1', 'admin', '用户管理-分页获取用户列表', '33', 'com.company.project.controller.UserController.pageInfo()', '[{\"realName\":\"\",\"username\":\"\"}]', '192.168.0.104', '2021-01-13 19:38:19');
INSERT INTO `sys_log` VALUES ('1349320731604561922', '1', 'admin', '用户管理-分页获取用户列表', '40', 'com.company.project.controller.UserController.pageInfo()', '[{\"realName\":\"\",\"username\":\"\"}]', '192.168.0.104', '2021-01-13 19:41:46');
INSERT INTO `sys_log` VALUES ('1349341500745224194', '1', 'admin', '用户管理-分页获取用户列表', '33', 'com.company.project.controller.UserController.pageInfo()', '[{\"realName\":\"\",\"username\":\"\"}]', '192.168.0.104', '2021-01-13 21:04:17');
INSERT INTO `sys_log` VALUES ('1349343699529375745', '1', 'admin', '用户管理-分页获取用户列表', '32', 'com.company.project.controller.UserController.pageInfo()', '[{\"realName\":\"\",\"username\":\"\"}]', '192.168.0.104', '2021-01-13 21:13:02');
INSERT INTO `sys_log` VALUES ('1349344160915394562', '1', 'admin', '用户管理-分页获取用户列表', '39', 'com.company.project.controller.UserController.pageInfo()', '[{\"realName\":\"\",\"username\":\"\"}]', '192.168.0.104', '2021-01-13 21:14:52');
INSERT INTO `sys_log` VALUES ('1349344789088002049', '1', 'admin', '用户管理-分页获取用户列表', '41', 'com.company.project.controller.UserController.pageInfo()', '[{\"realName\":\"\",\"username\":\"\"}]', '192.168.0.104', '2021-01-13 21:17:21');
INSERT INTO `sys_log` VALUES ('1349346235120447490', '1', 'admin', '用户管理-分页获取用户列表', '33', 'com.company.project.controller.UserController.pageInfo()', '[{\"realName\":\"\",\"username\":\"\"}]', '192.168.0.104', '2021-01-13 21:23:06');
INSERT INTO `sys_log` VALUES ('1349346932100481026', '1', 'admin', '用户管理-分页获取用户列表', '37', 'com.company.project.controller.UserController.pageInfo()', '[{\"realName\":\"\",\"username\":\"\"}]', '192.168.0.104', '2021-01-13 21:25:52');
INSERT INTO `sys_log` VALUES ('1349347660298719234', '1', 'admin', '用户管理-分页获取用户列表', '38', 'com.company.project.controller.UserController.pageInfo()', '[{\"realName\":\"\",\"username\":\"\"}]', '192.168.0.104', '2021-01-13 21:28:46');
INSERT INTO `sys_log` VALUES ('1349348370348326913', '1', 'admin', '用户管理-分页获取用户列表', '34', 'com.company.project.controller.UserController.pageInfo()', '[{\"realName\":\"\",\"username\":\"\"}]', '192.168.0.104', '2021-01-13 21:31:35');
INSERT INTO `sys_log` VALUES ('1349349087477764098', '1', 'admin', '用户管理-分页获取用户列表', '35', 'com.company.project.controller.UserController.pageInfo()', '[{\"realName\":\"\",\"username\":\"\"}]', '192.168.0.104', '2021-01-13 21:34:26');
INSERT INTO `sys_log` VALUES ('1349349819346112513', '1', 'admin', '用户管理-分页获取用户列表', '31', 'com.company.project.controller.UserController.pageInfo()', '[{\"realName\":\"\",\"username\":\"\"}]', '192.168.0.104', '2021-01-13 21:37:21');
INSERT INTO `sys_log` VALUES ('1349350386248282113', '1', 'admin', '用户管理-分页获取用户列表', '33', 'com.company.project.controller.UserController.pageInfo()', '[{\"realName\":\"\",\"username\":\"\"}]', '192.168.0.104', '2021-01-13 21:39:36');
INSERT INTO `sys_log` VALUES ('1349351855319969793', '1', 'admin', '用户管理-分页获取用户列表', '36', 'com.company.project.controller.UserController.pageInfo()', '[{\"realName\":\"\",\"username\":\"\"}]', '192.168.0.104', '2021-01-13 21:45:26');
INSERT INTO `sys_log` VALUES ('1349352519769047042', '1', 'admin', '用户管理-分页获取用户列表', '45', 'com.company.project.controller.UserController.pageInfo()', '[{\"realName\":\"\",\"username\":\"\"}]', '192.168.0.104', '2021-01-13 21:48:05');
INSERT INTO `sys_log` VALUES ('1349352805170462722', '1', 'admin', '用户管理-分页获取用户列表', '27', 'com.company.project.controller.UserController.pageInfo()', '[{\"realName\":\"\",\"username\":\"\"}]', '192.168.0.104', '2021-01-13 21:49:13');
INSERT INTO `sys_log` VALUES ('1349354642279804930', '1', 'admin', '用户管理-分页获取用户列表', '34', 'com.company.project.controller.UserController.pageInfo()', '[{\"realName\":\"\",\"username\":\"\"}]', '192.168.0.104', '2021-01-13 21:56:31');
INSERT INTO `sys_log` VALUES ('1349360877309833217', '1', 'admin', '用户管理-分页获取用户列表', '43', 'com.company.project.controller.UserController.pageInfo()', '[{\"realName\":\"\",\"username\":\"\"}]', '192.168.0.104', '2021-01-13 22:21:17');
INSERT INTO `sys_log` VALUES ('1349361001679335425', '1', 'admin', '用户管理-分页获取用户列表', '32', 'com.company.project.controller.UserController.pageInfo()', '[{\"realName\":\"\",\"username\":\"\"}]', '192.168.0.104', '2021-01-13 22:21:47');
INSERT INTO `sys_log` VALUES ('1349637917435056129', '1', 'admin', '机构管理-树型组织列表', '15', 'com.company.project.controller.DeptController.getTree()', '[null]', '192.168.0.104', '2021-01-14 16:42:09');
INSERT INTO `sys_log` VALUES ('1349637917451833346', '1', 'admin', '用户管理-分页获取用户列表', '27', 'com.company.project.controller.UserController.pageInfo()', '[{}]', '192.168.0.104', '2021-01-14 16:42:09');
INSERT INTO `sys_log` VALUES ('1351062176749350914', '1', 'admin', '角色管理-分页获取角色信息', '21', 'com.company.project.controller.RoleController.pageInfo()', '[{}]', '192.168.0.104', '2021-01-18 15:01:39');
INSERT INTO `sys_log` VALUES ('1351520219035418626', '1', 'admin', '菜单权限管理-获取所有菜单权限', '345', 'com.company.project.controller.PermissionController.getAllMenusPermission()', null, '0:0:0:0:0:0:0:1', '2021-01-19 21:21:44');
INSERT INTO `sys_log` VALUES ('1351520309322006530', '1', 'admin', '菜单权限管理-获取所有目录菜单树', '227', 'com.company.project.controller.PermissionController.getAllMenusPermissionTree()', '[\"801109371525267456\"]', '0:0:0:0:0:0:0:1', '2021-01-19 21:22:06');
INSERT INTO `sys_log` VALUES ('1351520412954869761', '1', 'admin', '菜单权限管理-更新菜单权限', '18', 'com.company.project.controller.PermissionController.updatePermission()', '[{\"icon\":\"\",\"id\":\"801109371525267456\",\"name\":\"规则设置\",\"orderNum\":10,\"perms\":\"\",\"pid\":\"1334808707124068353\",\"pidName\":\"排课管理\",\"status\":1,\"target\":\"_self\",\"type\":2,\"updateTime\":1611062551122,\"url\":\"/index/dlArrSet\"}]', '0:0:0:0:0:0:0:1', '2021-01-19 21:22:31');
INSERT INTO `sys_log` VALUES ('1351520414141857793', '1', 'admin', '菜单权限管理-获取所有菜单权限', '262', 'com.company.project.controller.PermissionController.getAllMenusPermission()', null, '0:0:0:0:0:0:0:1', '2021-01-19 21:22:31');
INSERT INTO `sys_log` VALUES ('1351520473138937857', '1', 'admin', '菜单权限管理-获取所有目录菜单树', '186', 'com.company.project.controller.PermissionController.getAllMenusPermissionTree()', '[\"801109371802091520\"]', '0:0:0:0:0:0:0:1', '2021-01-19 21:22:45');
INSERT INTO `sys_log` VALUES ('1351520552738439170', '1', 'admin', '菜单权限管理-更新菜单权限', '12', 'com.company.project.controller.PermissionController.updatePermission()', '[{\"icon\":\"\",\"id\":\"801109371802091520\",\"name\":\"排课任务\",\"orderNum\":10,\"perms\":\"\",\"pid\":\"1334808707124068353\",\"pidName\":\"排课管理\",\"status\":1,\"target\":\"_self\",\"type\":2,\"updateTime\":1611062584454,\"url\":\"/index/dlArrangingCourse\"}]', '0:0:0:0:0:0:0:1', '2021-01-19 21:23:04');
INSERT INTO `sys_log` VALUES ('1351520553539551233', '1', 'admin', '菜单权限管理-获取所有菜单权限', '178', 'com.company.project.controller.PermissionController.getAllMenusPermission()', null, '0:0:0:0:0:0:0:1', '2021-01-19 21:23:04');
INSERT INTO `sys_log` VALUES ('1351520661249277954', '1', 'admin', '角色管理-分页获取角色信息', '52', 'com.company.project.controller.RoleController.pageInfo()', '[{}]', '0:0:0:0:0:0:0:1', '2021-01-19 21:23:30');
INSERT INTO `sys_log` VALUES ('1351520677246353409', '1', 'admin', '角色管理-查询角色详情', '184', 'com.company.project.controller.RoleController.detailInfo()', '[\"1\"]', '0:0:0:0:0:0:0:1', '2021-01-19 21:23:34');
INSERT INTO `sys_log` VALUES ('1351520724704903170', '1', 'admin', '角色管理-分页获取角色信息', '4', 'com.company.project.controller.RoleController.pageInfo()', '[{}]', '0:0:0:0:0:0:0:1', '2021-01-19 21:23:45');
INSERT INTO `sys_log` VALUES ('1351520810528751618', '1', 'admin', '菜单权限管理-获取所有目录菜单树', '177', 'com.company.project.controller.PermissionController.getAllMenusPermissionTree()', '[\"801109371525267457\"]', '0:0:0:0:0:0:0:1', '2021-01-19 21:24:05');
INSERT INTO `sys_log` VALUES ('1351520993249411073', '1', 'admin', '菜单权限管理-更新菜单权限', '11', 'com.company.project.controller.PermissionController.updatePermission()', '[{\"icon\":\"\",\"id\":\"801109371525267457\",\"name\":\"规则新增\",\"orderNum\":1,\"perms\":\"dlArrSet:add\",\"pid\":\"801109371802091520\",\"pidName\":\"排课任务\",\"status\":1,\"target\":\"_self\",\"type\":3,\"updateTime\":1611062689480,\"url\":\"dlArrSet/add\"}]', '0:0:0:0:0:0:0:1', '2021-01-19 21:24:49');
INSERT INTO `sys_log` VALUES ('1351520994021163010', '1', 'admin', '菜单权限管理-获取所有菜单权限', '164', 'com.company.project.controller.PermissionController.getAllMenusPermission()', null, '0:0:0:0:0:0:0:1', '2021-01-19 21:24:49');
INSERT INTO `sys_log` VALUES ('1351521029211373570', '1', 'admin', '菜单权限管理-获取所有目录菜单树', '138', 'com.company.project.controller.PermissionController.getAllMenusPermissionTree()', '[\"801109371525267458\"]', '0:0:0:0:0:0:0:1', '2021-01-19 21:24:58');
INSERT INTO `sys_log` VALUES ('1351521074262392834', '1', 'admin', '菜单权限管理-更新菜单权限', '6', 'com.company.project.controller.PermissionController.updatePermission()', '[{\"icon\":\"\",\"id\":\"801109371525267458\",\"name\":\"规则修改\",\"orderNum\":2,\"perms\":\"dlArrSet:update\",\"pid\":\"801109371802091520\",\"pidName\":\"排课任务\",\"status\":1,\"target\":\"_self\",\"type\":3,\"updateTime\":1611062708800,\"url\":\"dlArrSet/update\"}]', '0:0:0:0:0:0:0:1', '2021-01-19 21:25:08');
INSERT INTO `sys_log` VALUES ('1351521074857984001', '1', 'admin', '菜单权限管理-获取所有菜单权限', '128', 'com.company.project.controller.PermissionController.getAllMenusPermission()', null, '0:0:0:0:0:0:0:1', '2021-01-19 21:25:08');
INSERT INTO `sys_log` VALUES ('1351521139227967490', '1', 'admin', '菜单权限管理-获取所有目录菜单树', '115', 'com.company.project.controller.PermissionController.getAllMenusPermissionTree()', '[\"801109371525267459\"]', '0:0:0:0:0:0:0:1', '2021-01-19 21:25:24');
INSERT INTO `sys_log` VALUES ('1351521210736656385', '1', 'admin', '菜单权限管理-更新菜单权限', '10', 'com.company.project.controller.PermissionController.updatePermission()', '[{\"icon\":\"\",\"id\":\"801109371525267459\",\"name\":\"规则删除\",\"orderNum\":2,\"perms\":\"dlArrSet:delete\",\"pid\":\"801109371802091520\",\"pidName\":\"排课任务\",\"status\":1,\"target\":\"_self\",\"type\":3,\"updateTime\":1611062741336,\"url\":\"dlArrSet/delete\"}]', '0:0:0:0:0:0:0:1', '2021-01-19 21:25:41');
INSERT INTO `sys_log` VALUES ('1351521211319664642', '1', 'admin', '菜单权限管理-获取所有菜单权限', '125', 'com.company.project.controller.PermissionController.getAllMenusPermission()', null, '0:0:0:0:0:0:0:1', '2021-01-19 21:25:41');
INSERT INTO `sys_log` VALUES ('1351521250448326657', '1', 'admin', '菜单权限管理-获取所有目录菜单树', '140', 'com.company.project.controller.PermissionController.getAllMenusPermissionTree()', '[\"801109371525267460\"]', '0:0:0:0:0:0:0:1', '2021-01-19 21:25:50');
INSERT INTO `sys_log` VALUES ('1351521282517975041', '1', 'admin', '菜单权限管理-更新菜单权限', '10', 'com.company.project.controller.PermissionController.updatePermission()', '[{\"icon\":\"\",\"id\":\"801109371525267460\",\"name\":\"规则列表\",\"orderNum\":2,\"perms\":\"dlArrSet:list\",\"pid\":\"801109371525267456\",\"pidName\":\"规则设置\",\"status\":1,\"target\":\"_self\",\"type\":3,\"updateTime\":1611062758449,\"url\":\"dlArrSet/listByPage\"}]', '0:0:0:0:0:0:0:1', '2021-01-19 21:25:58');
INSERT INTO `sys_log` VALUES ('1351521283130343426', '1', 'admin', '菜单权限管理-获取所有菜单权限', '131', 'com.company.project.controller.PermissionController.getAllMenusPermission()', null, '0:0:0:0:0:0:0:1', '2021-01-19 21:25:58');
INSERT INTO `sys_log` VALUES ('1351521330660196354', '1', 'admin', '菜单权限管理-获取所有目录菜单树', '121', 'com.company.project.controller.PermissionController.getAllMenusPermissionTree()', '[\"801109371525267460\"]', '0:0:0:0:0:0:0:1', '2021-01-19 21:26:09');
INSERT INTO `sys_log` VALUES ('1351521355964432385', '1', 'admin', '菜单权限管理-更新菜单权限', '9', 'com.company.project.controller.PermissionController.updatePermission()', '[{\"icon\":\"\",\"id\":\"801109371525267460\",\"name\":\"规则列表\",\"orderNum\":2,\"perms\":\"dlArrSet:list\",\"pid\":\"801109371802091520\",\"pidName\":\"排课任务\",\"status\":1,\"target\":\"_self\",\"type\":3,\"updateTime\":1611062775961,\"url\":\"dlArrSet/listByPage\"}]', '0:0:0:0:0:0:0:1', '2021-01-19 21:26:15');
INSERT INTO `sys_log` VALUES ('1351521356543246338', '1', 'admin', '菜单权限管理-获取所有菜单权限', '125', 'com.company.project.controller.PermissionController.getAllMenusPermission()', null, '0:0:0:0:0:0:0:1', '2021-01-19 21:26:16');
INSERT INTO `sys_log` VALUES ('1351521405490774017', '1', 'admin', '菜单权限管理-删除菜单权限', '24', 'com.company.project.controller.PermissionController.deleted()', '[\"801109371525267456\"]', '0:0:0:0:0:0:0:1', '2021-01-19 21:26:27');
INSERT INTO `sys_log` VALUES ('1351521406132502530', '1', 'admin', '菜单权限管理-获取所有菜单权限', '137', 'com.company.project.controller.PermissionController.getAllMenusPermission()', null, '0:0:0:0:0:0:0:1', '2021-01-19 21:26:27');
INSERT INTO `sys_log` VALUES ('1351521674513432578', '1', 'admin', '角色管理-分页获取角色信息', '9', 'com.company.project.controller.RoleController.pageInfo()', '[{}]', '0:0:0:0:0:0:0:1', '2021-01-19 21:27:31');
INSERT INTO `sys_log` VALUES ('1351521683657015298', '1', 'admin', '角色管理-查询角色详情', '133', 'com.company.project.controller.RoleController.detailInfo()', '[\"1\"]', '0:0:0:0:0:0:0:1', '2021-01-19 21:27:34');
INSERT INTO `sys_log` VALUES ('1351521891610607617', '1', 'admin', '角色管理-更新角色信息', '81', 'com.company.project.controller.RoleController.updateDept()', '[{\"description\":\"拥有所有权限-不能删除\",\"id\":\"1\",\"name\":\"超级管理员\",\"permissions\":[\"51\",\"11\",\"17\",\"26\",\"40\",\"43\",\"44\",\"53\",\"3\",\"19\",\"36\",\"1311115974068449281\",\"13\",\"39\",\"41\",\"5\",\"9\",\"12\",\"22\",\"38\",\"1334806348645957634\",\"784480084756004864\",\"784480084756004865\",\"784480084756004866\",\"784480084756004867\",\"784480084756004868\",\"784480084814725120\",\"784480084814725121\",\"784480084814725122\",\"784480084814725123\",\"784480084814725124\",\"1334806894995996673\",\"784480084634370048\",\"784480084634370049\",\"784480084634370050\",\"784480084634370051\",\"784480084634370052\",\"24\",\"10\",\"23\",\"25\",\"42\",\"52\",\"56\",\"57\",\"1334807138768945153\",\"784480084567261184\",\"784480084567261185\",\"784480084567261186\",\"784480084567261187\",\"784480084567261188\",\"784480084693090304\",\"784480084693090305\",\"784480084693090306\",\"784480084693090307\",\"784480084693090308\",\"784480084877639680\",\"784480084877639681\",\"784480084877639682\",\"784480084877639683\",\"784480084877639684\",\"784480085049606144\",\"784480085049606145\",\"784480085049606146\",\"784480085049606147\",\"784480085049606148\",\"789437171000934400\",\"789437171000934401\",\"789437171000934402\",\"789437171000934403\",\"789437171000934404\",\"784480084118470656\",\"1346636399928680450\",\"1347504949065211906\",\"1346636197545123842\",\"1346999702114848769\",\"784480084118470660\",\"784480084118470657\",\"784480084118470658\",\"784480084118470659\",\"796792186363445250\",\"796792186363445252\",\"1334808090397802498\",\"784480084189773824\",\"784480084189773825\",\"784480084189773826\",\"784480084189773827\",\"784480084189773828\",\"784480083837452289\",\"784480083837452290\",\"784480083837452291\",\"784480083837452292\",\"793103294946869249\",\"793103294946869250\",\"793103294946869251\",\"793103294946869252\",\"1344644834154868738\",\"784480084034584577\",\"784480084034584578\",\"784480084034584579\",\"784480084034584580\",\"784480084319797249\",\"784480084319797250\",\"784480084319797251\",\"784480084319797252\",\"784480084256882688\",\"784480084256882689\",\"784480084256882690\",\"784480084256882691\",\"784480084256882692\",\"1346239294743543809\",\"1346451957448769537\",\"1334808707124068353\",\"801109371802091520\",\"801109371802091521\",\"801109371802091522\",\"801109371802091523\",\"801109371802091524\",\"801109371525267457\",\"801109371525267458\",\"801109371525267459\",\"801109371525267460\",\"1334822791945027585\",\"784480084491763712\",\"784480084491763713\",\"784480084491763714\",\"784480084491763715\",\"784480084491763716\",\"1339549078235017217\",\"784480084932165632\",\"784480084932165633\",\"784480084932165634\",\"784480084932165635\",\"784480084932165636\",\"1335060861890002945\",\"784480084986691584\",\"784480084986691585\",\"784480084986691586\",\"784480084986691587\",\"784480084986691588\",\"784480085104132096\",\"784480085104132097\",\"784480085104132098\",\"784480085104132099\",\"784480085104132100\",\"796380986987249664\",\"796380986987249665\",\"796380986987249666\",\"796380986987249667\",\"796380986987249668\",\"54\",\"15\",\"1\",\"4\",\"16\",\"20\",\"27\",\"28\",\"29\",\"30\",\"31\",\"32\",\"33\",\"34\",\"35\",\"45\",\"46\",\"47\",\"48\",\"49\",\"1339410383213309953\",\"59\",\"60\",\"61\",\"62\",\"63\",\"55\",\"18\",\"14\",\"8\",\"7\",\"58\",\"21\",\"50\",\"2\",\"6\"],\"status\":1,\"updateTime\":1611062903596}]', '0:0:0:0:0:0:0:1', '2021-01-19 21:28:23');
INSERT INTO `sys_log` VALUES ('1351521891891625986', '1', 'admin', '角色管理-分页获取角色信息', '4', 'com.company.project.controller.RoleController.pageInfo()', '[{\"name\":\"\"}]', '0:0:0:0:0:0:0:1', '2021-01-19 21:28:23');
INSERT INTO `sys_log` VALUES ('1352132675202052098', '1', 'admin', '机构管理-树型组织列表', '13', 'com.company.project.controller.DeptController.getTree()', '[null]', '192.168.0.104', '2021-01-21 13:55:25');
INSERT INTO `sys_log` VALUES ('1352132675332075521', '1', 'admin', '用户管理-分页获取用户列表', '33', 'com.company.project.controller.UserController.pageInfo()', '[{}]', '192.168.0.104', '2021-01-21 13:55:25');
INSERT INTO `sys_log` VALUES ('1352141751499747329', '1', 'admin', '菜单权限管理-获取所有菜单权限', '286', 'com.company.project.controller.PermissionController.getAllMenusPermission()', null, '192.168.0.104', '2021-01-21 14:31:29');
INSERT INTO `sys_log` VALUES ('1352141799440642050', '1', 'admin', '菜单权限管理-获取所有目录菜单树', '210', 'com.company.project.controller.PermissionController.getAllMenusPermissionTree()', '[\"801820889640337408\"]', '192.168.0.104', '2021-01-21 14:31:41');
INSERT INTO `sys_log` VALUES ('1352141938859307009', '1', 'admin', '菜单权限管理-更新菜单权限', '10', 'com.company.project.controller.PermissionController.updatePermission()', '[{\"icon\":\"\",\"id\":\"801820889640337408\",\"name\":\"教师课程信息\",\"orderNum\":10,\"perms\":\"\",\"pid\":\"1334808707124068353\",\"pidName\":\"排课管理\",\"status\":1,\"target\":\"_self\",\"type\":2,\"updateTime\":1611210734452,\"url\":\"/index/dlArrBase\"}]', '192.168.0.104', '2021-01-21 14:32:14');
INSERT INTO `sys_log` VALUES ('1352141939849162754', '1', 'admin', '菜单权限管理-获取所有菜单权限', '219', 'com.company.project.controller.PermissionController.getAllMenusPermission()', null, '192.168.0.104', '2021-01-21 14:32:14');
INSERT INTO `sys_log` VALUES ('1352142001920667649', '1', 'admin', '菜单权限管理-获取所有目录菜单树', '166', 'com.company.project.controller.PermissionController.getAllMenusPermissionTree()', '[\"801820889640337409\"]', '192.168.0.104', '2021-01-21 14:32:29');
INSERT INTO `sys_log` VALUES ('1352142476350976002', '1', 'admin', '菜单权限管理-获取所有菜单权限', '191', 'com.company.project.controller.PermissionController.getAllMenusPermission()', null, '192.168.0.104', '2021-01-21 14:34:22');
INSERT INTO `sys_log` VALUES ('1352142543917019138', '1', 'admin', '菜单权限管理-删除菜单权限', '30', 'com.company.project.controller.PermissionController.deleted()', '[\"801820889640337408\"]', '192.168.0.104', '2021-01-21 14:34:38');
INSERT INTO `sys_log` VALUES ('1352142544835571714', '1', 'admin', '菜单权限管理-获取所有菜单权限', '202', 'com.company.project.controller.PermissionController.getAllMenusPermission()', null, '192.168.0.104', '2021-01-21 14:34:38');
INSERT INTO `sys_log` VALUES ('1352142640859967489', '1', 'admin', '菜单权限管理-获取所有目录菜单树', '153', 'com.company.project.controller.PermissionController.getAllMenusPermissionTree()', '[\"801109371525267457\"]', '192.168.0.104', '2021-01-21 14:35:01');
INSERT INTO `sys_log` VALUES ('1352142651442196482', '1', 'admin', '菜单权限管理-更新菜单权限', '6', 'com.company.project.controller.PermissionController.updatePermission()', '[{\"icon\":\"\",\"id\":\"801109371525267457\",\"name\":\"规则新增\",\"orderNum\":2,\"perms\":\"dlArrSet:add\",\"pid\":\"801109371802091520\",\"pidName\":\"排课任务\",\"status\":1,\"target\":\"_self\",\"type\":3,\"updateTime\":1611210904348,\"url\":\"dlArrSet/add\"}]', '192.168.0.104', '2021-01-21 14:35:04');
INSERT INTO `sys_log` VALUES ('1352142652100702210', '1', 'admin', '菜单权限管理-获取所有菜单权限', '145', 'com.company.project.controller.PermissionController.getAllMenusPermission()', null, '192.168.0.104', '2021-01-21 14:35:04');
INSERT INTO `sys_log` VALUES ('1353862602465624065', '1', 'admin', '角色管理-分页获取角色信息', '74', 'com.company.project.controller.RoleController.pageInfo()', '[{}]', '192.168.0.103', '2021-01-26 08:29:33');
INSERT INTO `sys_log` VALUES ('1355322886267002882', '1', 'admin', '角色管理-分页获取角色信息', '32', 'com.company.project.controller.RoleController.pageInfo()', '[{}]', '0:0:0:0:0:0:0:1', '2021-01-30 09:12:11');
INSERT INTO `sys_log` VALUES ('1355322900368252929', '1', 'admin', '角色管理-查询角色详情', '614', 'com.company.project.controller.RoleController.detailInfo()', '[\"1\"]', '0:0:0:0:0:0:0:1', '2021-01-30 09:12:15');
INSERT INTO `sys_log` VALUES ('1355322961617674241', '1', 'admin', '角色管理-更新角色信息', '251', 'com.company.project.controller.RoleController.updateDept()', '[{\"description\":\"拥有所有权限-不能删除\",\"id\":\"1\",\"name\":\"超级管理员\",\"permissions\":[\"51\",\"11\",\"17\",\"26\",\"40\",\"43\",\"44\",\"53\",\"3\",\"19\",\"36\",\"1311115974068449281\",\"13\",\"39\",\"41\",\"5\",\"9\",\"12\",\"22\",\"38\",\"1334806348645957634\",\"784480084756004864\",\"784480084756004865\",\"784480084756004866\",\"784480084756004867\",\"784480084756004868\",\"784480084814725120\",\"784480084814725121\",\"784480084814725122\",\"784480084814725123\",\"784480084814725124\",\"1334806894995996673\",\"784480084634370048\",\"784480084634370049\",\"784480084634370050\",\"784480084634370051\",\"784480084634370052\",\"24\",\"10\",\"23\",\"25\",\"42\",\"52\",\"56\",\"57\",\"1334807138768945153\",\"784480084567261184\",\"784480084567261185\",\"784480084567261186\",\"784480084567261187\",\"784480084567261188\",\"784480084693090304\",\"784480084693090305\",\"784480084693090306\",\"784480084693090307\",\"784480084693090308\",\"784480084877639680\",\"784480084877639681\",\"784480084877639682\",\"784480084877639683\",\"784480084877639684\",\"784480085049606144\",\"784480085049606145\",\"784480085049606146\",\"784480085049606147\",\"784480085049606148\",\"789437171000934400\",\"789437171000934401\",\"789437171000934402\",\"789437171000934403\",\"789437171000934404\",\"784480084118470656\",\"1346636399928680450\",\"1347504949065211906\",\"1346636197545123842\",\"1346999702114848769\",\"784480084118470660\",\"784480084118470657\",\"784480084118470658\",\"784480084118470659\",\"796792186363445250\",\"796792186363445252\",\"1334808090397802498\",\"784480084189773824\",\"784480084189773825\",\"784480084189773826\",\"784480084189773827\",\"784480084189773828\",\"784480083837452289\",\"784480083837452290\",\"784480083837452291\",\"784480083837452292\",\"793103294946869249\",\"793103294946869250\",\"793103294946869251\",\"793103294946869252\",\"1344644834154868738\",\"784480084034584577\",\"784480084034584578\",\"784480084034584579\",\"784480084034584580\",\"784480084319797249\",\"784480084319797250\",\"784480084319797251\",\"784480084319797252\",\"784480084256882688\",\"784480084256882689\",\"784480084256882690\",\"784480084256882691\",\"784480084256882692\",\"1346239294743543809\",\"1346451957448769537\",\"1334808707124068353\",\"801109371802091520\",\"801109371802091521\",\"801109371802091522\",\"801109371802091523\",\"801109371802091524\",\"801820889640337409\",\"801820889640337410\",\"801820889640337411\",\"801820889640337412\",\"801109371525267457\",\"801109371525267458\",\"801109371525267459\",\"801109371525267460\",\"1334822791945027585\",\"784480084491763712\",\"784480084491763713\",\"784480084491763714\",\"784480084491763715\",\"784480084491763716\",\"1339549078235017217\",\"784480084932165632\",\"784480084932165633\",\"784480084932165634\",\"784480084932165635\",\"784480084932165636\",\"1335060861890002945\",\"784480084986691584\",\"784480084986691585\",\"784480084986691586\",\"784480084986691587\",\"784480084986691588\",\"784480085104132096\",\"784480085104132097\",\"784480085104132098\",\"784480085104132099\",\"784480085104132100\",\"796380986987249664\",\"796380986987249665\",\"796380986987249666\",\"796380986987249667\",\"796380986987249668\",\"54\",\"15\",\"1\",\"4\",\"16\",\"20\",\"27\",\"28\",\"29\",\"30\",\"31\",\"32\",\"33\",\"34\",\"35\",\"45\",\"46\",\"47\",\"48\",\"49\",\"1339410383213309953\",\"59\",\"60\",\"61\",\"62\",\"63\",\"55\",\"18\",\"14\",\"8\",\"7\",\"58\",\"21\",\"50\",\"2\",\"6\"],\"status\":1,\"updateTime\":1611969149145}]', '0:0:0:0:0:0:0:1', '2021-01-30 09:12:29');
INSERT INTO `sys_log` VALUES ('1355322962116796418', '1', 'admin', '角色管理-分页获取角色信息', '8', 'com.company.project.controller.RoleController.pageInfo()', '[{\"name\":\"\"}]', '0:0:0:0:0:0:0:1', '2021-01-30 09:12:30');
INSERT INTO `sys_log` VALUES ('1355327941061828609', '1', 'admin', '机构管理-树型组织列表', '7', 'com.company.project.controller.DeptController.getTree()', '[null]', '0:0:0:0:0:0:0:1', '2021-01-30 09:32:17');
INSERT INTO `sys_log` VALUES ('1355327941225406466', '1', 'admin', '用户管理-分页获取用户列表', '40', 'com.company.project.controller.UserController.pageInfo()', '[{}]', '0:0:0:0:0:0:0:1', '2021-01-30 09:32:17');
INSERT INTO `sys_log` VALUES ('1355337139346649089', '1', 'admin', '菜单权限管理-获取所有菜单权限', '506', 'com.company.project.controller.PermissionController.getAllMenusPermission()', null, '192.168.0.104', '2021-01-30 10:08:50');
INSERT INTO `sys_log` VALUES ('1355337163510034433', '1', 'admin', '菜单权限管理-获取所有目录菜单树', '448', 'com.company.project.controller.PermissionController.getAllMenusPermissionTree()', '[\"1334806348645957634\"]', '192.168.0.104', '2021-01-30 10:08:55');
INSERT INTO `sys_log` VALUES ('1355337189313392641', '1', 'admin', '菜单权限管理-更新菜单权限', '14', 'com.company.project.controller.PermissionController.updatePermission()', '[{\"icon\":\"layui-icon-username\",\"id\":\"1334806348645957634\",\"name\":\"班级管理\",\"orderNum\":2,\"perms\":\"\",\"pid\":\"0\",\"pidName\":\"\",\"status\":1,\"target\":\"_self\",\"type\":1,\"updateTime\":1611972541521,\"url\":\"\"}]', '192.168.0.104', '2021-01-30 10:09:02');
INSERT INTO `sys_log` VALUES ('1355337191288909826', '1', 'admin', '菜单权限管理-获取所有菜单权限', '434', 'com.company.project.controller.PermissionController.getAllMenusPermission()', null, '192.168.0.104', '2021-01-30 10:09:02');
INSERT INTO `sys_log` VALUES ('1355337242778185730', '1', 'admin', '菜单权限管理-获取所有目录菜单树', '390', 'com.company.project.controller.PermissionController.getAllMenusPermissionTree()', '[\"784480084634370048\"]', '192.168.0.104', '2021-01-30 10:09:14');
INSERT INTO `sys_log` VALUES ('1355337363301511169', '1', 'admin', '菜单权限管理-更新菜单权限', '12', 'com.company.project.controller.PermissionController.updatePermission()', '[{\"icon\":\"\",\"id\":\"784480084634370048\",\"name\":\"班级课程\",\"orderNum\":10,\"perms\":\"\",\"pid\":\"1334806348645957634\",\"pidName\":\"班级管理\",\"status\":1,\"target\":\"_self\",\"type\":2,\"updateTime\":1611972583001,\"url\":\"/index/dlClassTeacher\"}]', '192.168.0.104', '2021-01-30 10:09:43');
INSERT INTO `sys_log` VALUES ('1355337365092478977', '1', 'admin', '菜单权限管理-获取所有菜单权限', '406', 'com.company.project.controller.PermissionController.getAllMenusPermission()', null, '192.168.0.104', '2021-01-30 10:09:43');
INSERT INTO `sys_log` VALUES ('1355337740860174338', '1', 'admin', '机构管理-树型组织列表', '27', 'com.company.project.controller.DeptController.getTree()', '[null]', '192.168.0.104', '2021-01-30 10:11:13');
INSERT INTO `sys_log` VALUES ('1355337741099249665', '1', 'admin', '用户管理-分页获取用户列表', '50', 'com.company.project.controller.UserController.pageInfo()', '[{}]', '192.168.0.104', '2021-01-30 10:11:13');
INSERT INTO `sys_log` VALUES ('1355337773756100610', '1', 'admin', '用户管理-分页获取用户列表', '25', 'com.company.project.controller.UserController.pageInfo()', '[{}]', '192.168.0.104', '2021-01-30 10:11:21');
INSERT INTO `sys_log` VALUES ('1355337917406818306', '1', 'admin', '用户管理-赋予角色-获取所有角色接口', '7', 'com.company.project.controller.UserController.getUserOwnRole()', '[\"1341347517557407746\"]', '192.168.0.104', '2021-01-30 10:11:55');
INSERT INTO `sys_log` VALUES ('1355337990018609153', '1', 'admin', '用户管理-赋予角色-获取所有角色接口', '5', 'com.company.project.controller.UserController.getUserOwnRole()', '[\"1341347517557407746\"]', '192.168.0.104', '2021-01-30 10:12:12');
INSERT INTO `sys_log` VALUES ('1355338000193990657', '1', 'admin', '用户管理-赋予角色-获取所有角色接口', '11', 'com.company.project.controller.UserController.getUserOwnRole()', '[\"1339193680802070530\"]', '192.168.0.104', '2021-01-30 10:12:15');
INSERT INTO `sys_log` VALUES ('1355338027960283138', '1', 'admin', '用户管理-分页获取用户列表', '28', 'com.company.project.controller.UserController.pageInfo()', '[{}]', '192.168.0.104', '2021-01-30 10:12:21');
INSERT INTO `sys_log` VALUES ('1355338040065044482', '1', 'admin', '用户管理-赋予角色-获取所有角色接口', '5', 'com.company.project.controller.UserController.getUserOwnRole()', '[\"1347029907218923522\"]', '192.168.0.104', '2021-01-30 10:12:24');
INSERT INTO `sys_log` VALUES ('1355341181640683521', '1', 'admin', '机构管理-树型组织列表', '2', 'com.company.project.controller.DeptController.getTree()', '[null]', '192.168.0.104', '2021-01-30 10:24:53');
INSERT INTO `sys_log` VALUES ('1355341181829427202', '1', 'admin', '用户管理-分页获取用户列表', '32', 'com.company.project.controller.UserController.pageInfo()', '[{}]', '192.168.0.104', '2021-01-30 10:24:53');
INSERT INTO `sys_log` VALUES ('1355341215631323137', '1', 'admin', '用户管理-更新用户信息', '57', 'com.company.project.controller.UserController.updateUserInfo()', '[{\"deptId\":\"1331121875856035841\",\"deptName\":\"初中部\",\"email\":\"\",\"id\":\"1347029956531355649\",\"major\":\"\",\"phone\":\"\",\"qualificationImg\":\"\",\"realName\":\"t8\",\"status\":1,\"university\":\"\",\"updateId\":\"1\",\"updateTime\":1611973501440,\"username\":\"10108\"}]', '192.168.0.104', '2021-01-30 10:25:01');
INSERT INTO `sys_log` VALUES ('1355341216809922561', '1', 'admin', '用户管理-分页获取用户列表', '34', 'com.company.project.controller.UserController.pageInfo()', '[{\"username\":\"\"}]', '192.168.0.104', '2021-01-30 10:25:02');
INSERT INTO `sys_log` VALUES ('1355341269536518145', '1', 'admin', '机构管理-树型组织列表', '3', 'com.company.project.controller.DeptController.getTree()', '[null]', '192.168.0.104', '2021-01-30 10:25:14');
INSERT INTO `sys_log` VALUES ('1355341269620404225', '1', 'admin', '用户管理-分页获取用户列表', '22', 'com.company.project.controller.UserController.pageInfo()', '[{}]', '192.168.0.104', '2021-01-30 10:25:14');
INSERT INTO `sys_log` VALUES ('1355369650785271809', '1', 'admin', '机构管理-树型组织列表', '40', 'com.company.project.controller.DeptController.getTree()', '[null]', '192.168.0.104', '2021-01-30 12:18:01');
INSERT INTO `sys_log` VALUES ('1355369651301171201', '1', 'admin', '用户管理-分页获取用户列表', '164', 'com.company.project.controller.UserController.pageInfo()', '[{}]', '192.168.0.104', '2021-01-30 12:18:01');
INSERT INTO `sys_log` VALUES ('1355370997500792833', '1', 'admin', '机构管理-树型组织列表', '44', 'com.company.project.controller.DeptController.getTree()', '[null]', '192.168.0.104', '2021-01-30 12:23:22');
INSERT INTO `sys_log` VALUES ('1355370997962166274', '1', 'admin', '用户管理-分页获取用户列表', '159', 'com.company.project.controller.UserController.pageInfo()', '[{}]', '192.168.0.104', '2021-01-30 12:23:22');
INSERT INTO `sys_log` VALUES ('1355402374287880194', '1', 'admin', '机构管理-树型组织列表', '31', 'com.company.project.controller.DeptController.getTree()', '[null]', '192.168.0.104', '2021-01-30 14:28:03');
INSERT INTO `sys_log` VALUES ('1355402374547927042', '1', 'admin', '用户管理-分页获取用户列表', '91', 'com.company.project.controller.UserController.pageInfo()', '[{}]', '192.168.0.104', '2021-01-30 14:28:03');
INSERT INTO `sys_log` VALUES ('1355821806449475585', '1', 'admin', '用户管理-查询用户详情', '31', 'com.company.project.controller.UserController.youSelfInfo()', null, '192.168.0.104', '2021-01-31 18:14:43');
INSERT INTO `sys_log` VALUES ('1357942668736737282', '1', 'admin', '机构管理-树型组织列表', '29', 'com.company.project.controller.DeptController.getTree()', '[null]', '192.168.0.100', '2021-02-06 14:42:16');
INSERT INTO `sys_log` VALUES ('1357942668933869569', '1', 'admin', '用户管理-分页获取用户列表', '81', 'com.company.project.controller.UserController.pageInfo()', '[{}]', '192.168.0.100', '2021-02-06 14:42:16');
INSERT INTO `sys_log` VALUES ('1357942691948015618', '1', 'admin', '用户管理-分页获取用户列表', '66', 'com.company.project.controller.UserController.pageInfo()', '[{\"username\":\"\"}]', '192.168.0.100', '2021-02-06 14:42:22');
INSERT INTO `sys_log` VALUES ('1357942728488792066', '1', 'admin', '用户管理-分页获取用户列表', '29', 'com.company.project.controller.UserController.pageInfo()', '[{\"username\":\"\"}]', '192.168.0.100', '2021-02-06 14:42:30');
INSERT INTO `sys_log` VALUES ('1357942736848039937', '1', 'admin', '用户管理-分页获取用户列表', '36', 'com.company.project.controller.UserController.pageInfo()', '[{\"username\":\"\"}]', '192.168.0.100', '2021-02-06 14:42:32');
INSERT INTO `sys_log` VALUES ('1357942750110429185', '1', 'admin', '用户管理-分页获取用户列表', '23', 'com.company.project.controller.UserController.pageInfo()', '[{\"username\":\"\"}]', '192.168.0.100', '2021-02-06 14:42:36');
INSERT INTO `sys_log` VALUES ('1358217123086131201', '1', 'admin', '菜单权限管理-获取所有菜单权限', '579', 'com.company.project.controller.PermissionController.getAllMenusPermission()', null, '192.168.0.100', '2021-02-07 08:52:51');
INSERT INTO `sys_log` VALUES ('1358221938293923842', '1', 'admin', '菜单权限管理-获取所有目录菜单树', '387', 'com.company.project.controller.PermissionController.getAllMenusPermissionTree()', '[\"1334808707124068353\"]', '192.168.0.100', '2021-02-07 09:11:59');
INSERT INTO `sys_log` VALUES ('1358221989485404162', '1', 'admin', '菜单权限管理-更新菜单权限', '17', 'com.company.project.controller.PermissionController.updatePermission()', '[{\"icon\":\"layui-icon-table\",\"id\":\"1334808707124068353\",\"name\":\"课程管理\",\"orderNum\":7,\"perms\":\"\",\"pid\":\"0\",\"pidName\":\"\",\"status\":1,\"target\":\"_self\",\"type\":1,\"updateTime\":1612660331477,\"url\":\"\"}]', '192.168.0.100', '2021-02-07 09:12:11');
INSERT INTO `sys_log` VALUES ('1358221991305732097', '1', 'admin', '菜单权限管理-获取所有菜单权限', '407', 'com.company.project.controller.PermissionController.getAllMenusPermission()', null, '192.168.0.100', '2021-02-07 09:12:12');
INSERT INTO `sys_log` VALUES ('1358222021475360770', '1', 'admin', '菜单权限管理-获取所有目录菜单树', '320', 'com.company.project.controller.PermissionController.getAllMenusPermissionTree()', '[\"784480084634370048\"]', '192.168.0.100', '2021-02-07 09:12:19');
INSERT INTO `sys_log` VALUES ('1358222091931279361', '1', 'admin', '菜单权限管理-更新菜单权限', '12', 'com.company.project.controller.PermissionController.updatePermission()', '[{\"icon\":\"\",\"id\":\"784480084634370048\",\"name\":\"班级课程\",\"orderNum\":10,\"perms\":\"\",\"pid\":\"1334808707124068353\",\"pidName\":\"课程管理\",\"status\":1,\"target\":\"_self\",\"type\":2,\"updateTime\":1612660355903,\"url\":\"/index/dlClassTeacher\"}]', '192.168.0.100', '2021-02-07 09:12:36');
INSERT INTO `sys_log` VALUES ('1358222093567057921', '1', 'admin', '菜单权限管理-获取所有菜单权限', '360', 'com.company.project.controller.PermissionController.getAllMenusPermission()', null, '192.168.0.100', '2021-02-07 09:12:36');
INSERT INTO `sys_log` VALUES ('1358222194305851394', '1', 'admin', '菜单权限管理-获取所有目录菜单树', '299', 'com.company.project.controller.PermissionController.getAllMenusPermissionTree()', '[\"784480084634370048\"]', '192.168.0.100', '2021-02-07 09:13:00');
INSERT INTO `sys_log` VALUES ('1358222211645104130', '1', 'admin', '菜单权限管理-更新菜单权限', '10', 'com.company.project.controller.PermissionController.updatePermission()', '[{\"icon\":\"\",\"id\":\"784480084634370048\",\"name\":\"班级课程\",\"orderNum\":1,\"perms\":\"\",\"pid\":\"1334808707124068353\",\"pidName\":\"课程管理\",\"status\":1,\"target\":\"_self\",\"type\":2,\"updateTime\":1612660384448,\"url\":\"/index/dlClassTeacher\"}]', '192.168.0.100', '2021-02-07 09:13:04');
INSERT INTO `sys_log` VALUES ('1358222213180219394', '1', 'admin', '菜单权限管理-获取所有菜单权限', '334', 'com.company.project.controller.PermissionController.getAllMenusPermission()', null, '192.168.0.100', '2021-02-07 09:13:05');
INSERT INTO `sys_log` VALUES ('1358222288447004673', '1', 'admin', '菜单权限管理-获取所有目录菜单树', '274', 'com.company.project.controller.PermissionController.getAllMenusPermissionTree()', '[\"801109371802091520\"]', '192.168.0.100', '2021-02-07 09:13:23');
INSERT INTO `sys_log` VALUES ('1358222310223831041', '1', 'admin', '菜单权限管理-更新菜单权限', '10', 'com.company.project.controller.PermissionController.updatePermission()', '[{\"icon\":\"\",\"id\":\"801109371802091520\",\"name\":\"排课任务\",\"orderNum\":2,\"perms\":\"\",\"pid\":\"1334808707124068353\",\"pidName\":\"课程管理\",\"status\":1,\"target\":\"_self\",\"type\":2,\"updateTime\":1612660407949,\"url\":\"/index/dlArrangingCourse\"}]', '192.168.0.100', '2021-02-07 09:13:28');
INSERT INTO `sys_log` VALUES ('1358222311662477314', '1', 'admin', '菜单权限管理-获取所有菜单权限', '312', 'com.company.project.controller.PermissionController.getAllMenusPermission()', null, '192.168.0.100', '2021-02-07 09:13:28');
INSERT INTO `sys_log` VALUES ('1358222338375999490', '1', 'admin', '菜单权限管理-获取所有目录菜单树', '266', 'com.company.project.controller.PermissionController.getAllMenusPermissionTree()', '[\"\"]', '192.168.0.100', '2021-02-07 09:13:35');
INSERT INTO `sys_log` VALUES ('1358222664474746882', '1', 'admin', '菜单权限管理-新增菜单权限', '13', 'com.company.project.controller.PermissionController.addPermission()', '[{\"createTime\":1612660492409,\"deleted\":1,\"icon\":\"\",\"id\":\"1358222664411832321\",\"name\":\"课表查询\",\"orderNum\":3,\"perms\":\"\",\"pid\":\"1334808707124068353\",\"pidName\":\"课程管理\",\"status\":1,\"target\":\"_self\",\"type\":2,\"updateTime\":1612660492409,\"url\":\"dlArrBase/listByPage\"}]', '192.168.0.100', '2021-02-07 09:14:52');
INSERT INTO `sys_log` VALUES ('1358222665896615938', '1', 'admin', '菜单权限管理-获取所有菜单权限', '316', 'com.company.project.controller.PermissionController.getAllMenusPermission()', null, '192.168.0.100', '2021-02-07 09:14:53');
INSERT INTO `sys_log` VALUES ('1358222958222827521', '1', 'admin', '菜单权限管理-获取所有目录菜单树', '501', 'com.company.project.controller.PermissionController.getAllMenusPermissionTree()', '[\"1358222664411832321\"]', '192.168.0.100', '2021-02-07 09:16:02');
INSERT INTO `sys_log` VALUES ('1358222967462879233', '1', 'admin', '菜单权限管理-更新菜单权限', '10', 'com.company.project.controller.PermissionController.updatePermission()', '[{\"icon\":\"\",\"id\":\"1358222664411832321\",\"name\":\"课表查询\",\"orderNum\":3,\"perms\":\"\",\"pid\":\"1334808707124068353\",\"pidName\":\"课程管理\",\"status\":1,\"target\":\"_self\",\"type\":2,\"updateTime\":1612660564649,\"url\":\"/index/dlArrBase\"}]', '192.168.0.100', '2021-02-07 09:16:05');
INSERT INTO `sys_log` VALUES ('1358222968888942594', '1', 'admin', '菜单权限管理-获取所有菜单权限', '318', 'com.company.project.controller.PermissionController.getAllMenusPermission()', null, '192.168.0.100', '2021-02-07 09:16:05');
INSERT INTO `sys_log` VALUES ('1358225115756027906', '1', 'admin', '角色管理-分页获取角色信息', '27', 'com.company.project.controller.RoleController.pageInfo()', '[{}]', '192.168.0.100', '2021-02-07 09:24:37');
INSERT INTO `sys_log` VALUES ('1358225128485740545', '1', 'admin', '角色管理-查询角色详情', '340', 'com.company.project.controller.RoleController.detailInfo()', '[\"1\"]', '192.168.0.100', '2021-02-07 09:24:40');
INSERT INTO `sys_log` VALUES ('1358225224635965441', '1', 'admin', '角色管理-更新角色信息', '190', 'com.company.project.controller.RoleController.updateDept()', '[{\"description\":\"拥有所有权限-不能删除\",\"id\":\"1\",\"name\":\"超级管理员\",\"permissions\":[\"51\",\"11\",\"17\",\"26\",\"40\",\"43\",\"44\",\"53\",\"3\",\"19\",\"36\",\"1311115974068449281\",\"13\",\"39\",\"41\",\"5\",\"9\",\"12\",\"22\",\"38\",\"1334806348645957634\",\"784480084756004864\",\"784480084756004865\",\"784480084756004866\",\"784480084756004867\",\"784480084756004868\",\"784480084814725120\",\"784480084814725121\",\"784480084814725122\",\"784480084814725123\",\"784480084814725124\",\"1334806894995996673\",\"24\",\"10\",\"23\",\"25\",\"42\",\"52\",\"56\",\"57\",\"1334807138768945153\",\"784480084567261184\",\"784480084567261185\",\"784480084567261186\",\"784480084567261187\",\"784480084567261188\",\"784480084693090304\",\"784480084693090305\",\"784480084693090306\",\"784480084693090307\",\"784480084693090308\",\"784480084877639680\",\"784480084877639681\",\"784480084877639682\",\"784480084877639683\",\"784480084877639684\",\"784480085049606144\",\"784480085049606145\",\"784480085049606146\",\"784480085049606147\",\"784480085049606148\",\"789437171000934400\",\"789437171000934401\",\"789437171000934402\",\"789437171000934403\",\"789437171000934404\",\"784480084118470656\",\"1346636399928680450\",\"1347504949065211906\",\"1346636197545123842\",\"1346999702114848769\",\"784480084118470660\",\"784480084118470657\",\"784480084118470658\",\"784480084118470659\",\"796792186363445250\",\"796792186363445252\",\"1334808090397802498\",\"784480084189773824\",\"784480084189773825\",\"784480084189773826\",\"784480084189773827\",\"784480084189773828\",\"784480083837452289\",\"784480083837452290\",\"784480083837452291\",\"784480083837452292\",\"793103294946869249\",\"793103294946869250\",\"793103294946869251\",\"793103294946869252\",\"1344644834154868738\",\"784480084034584577\",\"784480084034584578\",\"784480084034584579\",\"784480084034584580\",\"784480084319797249\",\"784480084319797250\",\"784480084319797251\",\"784480084319797252\",\"784480084256882688\",\"784480084256882689\",\"784480084256882690\",\"784480084256882691\",\"784480084256882692\",\"1346239294743543809\",\"1346451957448769537\",\"1334808707124068353\",\"784480084634370048\",\"784480084634370049\",\"784480084634370050\",\"784480084634370051\",\"784480084634370052\",\"801109371802091520\",\"801109371802091521\",\"801109371802091522\",\"801109371802091523\",\"801109371802091524\",\"801820889640337409\",\"801820889640337410\",\"801820889640337411\",\"801820889640337412\",\"801109371525267457\",\"801109371525267458\",\"801109371525267459\",\"801109371525267460\",\"1358222664411832321\",\"1334822791945027585\",\"784480084491763712\",\"784480084491763713\",\"784480084491763714\",\"784480084491763715\",\"784480084491763716\",\"1339549078235017217\",\"784480084932165632\",\"784480084932165633\",\"784480084932165634\",\"784480084932165635\",\"784480084932165636\",\"1335060861890002945\",\"784480084986691584\",\"784480084986691585\",\"784480084986691586\",\"784480084986691587\",\"784480084986691588\",\"784480085104132096\",\"784480085104132097\",\"784480085104132098\",\"784480085104132099\",\"784480085104132100\",\"796380986987249664\",\"796380986987249665\",\"796380986987249666\",\"796380986987249667\",\"796380986987249668\",\"54\",\"15\",\"1\",\"4\",\"16\",\"20\",\"27\",\"28\",\"29\",\"30\",\"31\",\"32\",\"33\",\"34\",\"35\",\"45\",\"46\",\"47\",\"48\",\"49\",\"1339410383213309953\",\"59\",\"60\",\"61\",\"62\",\"63\",\"55\",\"18\",\"14\",\"8\",\"7\",\"58\",\"21\",\"50\",\"2\",\"6\"],\"status\":1,\"updateTime\":1612661102644}]', '192.168.0.100', '2021-02-07 09:25:03');
INSERT INTO `sys_log` VALUES ('1358225225281888257', '1', 'admin', '角色管理-分页获取角色信息', '6', 'com.company.project.controller.RoleController.pageInfo()', '[{\"name\":\"\"}]', '192.168.0.100', '2021-02-07 09:25:03');
INSERT INTO `sys_log` VALUES ('1358225468828344321', '1', 'admin', '菜单权限管理-获取所有菜单权限', '360', 'com.company.project.controller.PermissionController.getAllMenusPermission()', null, '192.168.0.100', '2021-02-07 09:26:01');
INSERT INTO `sys_log` VALUES ('1358226719674654722', '1', 'admin', '角色管理-分页获取角色信息', '6', 'com.company.project.controller.RoleController.pageInfo()', '[{}]', '192.168.0.100', '2021-02-07 09:30:59');
INSERT INTO `sys_log` VALUES ('1358226730542096385', '1', 'admin', '角色管理-查询角色详情', '384', 'com.company.project.controller.RoleController.detailInfo()', '[\"1\"]', '192.168.0.100', '2021-02-07 09:31:02');
INSERT INTO `sys_log` VALUES ('1358245875895689217', '1', 'admin', '菜单权限管理-获取所有菜单权限', '773', 'com.company.project.controller.PermissionController.getAllMenusPermission()', null, '192.168.0.100', '2021-02-07 10:47:06');
INSERT INTO `sys_log` VALUES ('1358245913979969537', '1', 'admin', '菜单权限管理-获取所有目录菜单树', '458', 'com.company.project.controller.PermissionController.getAllMenusPermissionTree()', '[\"807924900420386816\"]', '192.168.0.100', '2021-02-07 10:47:16');
INSERT INTO `sys_log` VALUES ('1358246248345690113', '1', 'admin', '菜单权限管理-更新菜单权限', '30', 'com.company.project.controller.PermissionController.updatePermission()', '[{\"icon\":\"\",\"id\":\"807924900420386816\",\"name\":\"课表管理\",\"orderNum\":10,\"perms\":\"\",\"pid\":\"1334808707124068353\",\"pidName\":\"课程管理\",\"status\":1,\"target\":\"_self\",\"type\":2,\"updateTime\":1612666115242,\"url\":\"/index/dlCourseTable\"}]', '192.168.0.100', '2021-02-07 10:48:35');
INSERT INTO `sys_log` VALUES ('1358246250065354754', '1', 'admin', '菜单权限管理-获取所有菜单权限', '389', 'com.company.project.controller.PermissionController.getAllMenusPermission()', null, '192.168.0.100', '2021-02-07 10:48:36');
INSERT INTO `sys_log` VALUES ('1358246272026730498', '1', 'admin', '角色管理-分页获取角色信息', '6', 'com.company.project.controller.RoleController.pageInfo()', '[{}]', '192.168.0.100', '2021-02-07 10:48:41');
INSERT INTO `sys_log` VALUES ('1358246280092377090', '1', 'admin', '角色管理-查询角色详情', '373', 'com.company.project.controller.RoleController.detailInfo()', '[\"1\"]', '192.168.0.100', '2021-02-07 10:48:43');
INSERT INTO `sys_log` VALUES ('1358246330168172545', '1', 'admin', '角色管理-更新角色信息', '167', 'com.company.project.controller.RoleController.updateDept()', '[{\"description\":\"拥有所有权限-不能删除\",\"id\":\"1\",\"name\":\"超级管理员\",\"permissions\":[\"51\",\"11\",\"17\",\"26\",\"40\",\"43\",\"44\",\"53\",\"3\",\"19\",\"36\",\"1311115974068449281\",\"13\",\"39\",\"41\",\"5\",\"9\",\"12\",\"22\",\"38\",\"1334806348645957634\",\"784480084756004864\",\"784480084756004865\",\"784480084756004866\",\"784480084756004867\",\"784480084756004868\",\"784480084814725120\",\"784480084814725121\",\"784480084814725122\",\"784480084814725123\",\"784480084814725124\",\"1334806894995996673\",\"24\",\"10\",\"23\",\"25\",\"42\",\"52\",\"56\",\"57\",\"1334807138768945153\",\"784480084567261184\",\"784480084567261185\",\"784480084567261186\",\"784480084567261187\",\"784480084567261188\",\"784480084693090304\",\"784480084693090305\",\"784480084693090306\",\"784480084693090307\",\"784480084693090308\",\"784480084877639680\",\"784480084877639681\",\"784480084877639682\",\"784480084877639683\",\"784480084877639684\",\"784480085049606144\",\"784480085049606145\",\"784480085049606146\",\"784480085049606147\",\"784480085049606148\",\"789437171000934400\",\"789437171000934401\",\"789437171000934402\",\"789437171000934403\",\"789437171000934404\",\"784480084118470656\",\"1346636399928680450\",\"1347504949065211906\",\"1346636197545123842\",\"1346999702114848769\",\"784480084118470660\",\"784480084118470657\",\"784480084118470658\",\"784480084118470659\",\"796792186363445250\",\"796792186363445252\",\"1334808090397802498\",\"784480084189773824\",\"784480084189773825\",\"784480084189773826\",\"784480084189773827\",\"784480084189773828\",\"784480083837452289\",\"784480083837452290\",\"784480083837452291\",\"784480083837452292\",\"793103294946869249\",\"793103294946869250\",\"793103294946869251\",\"793103294946869252\",\"1344644834154868738\",\"784480084034584577\",\"784480084034584578\",\"784480084034584579\",\"784480084034584580\",\"784480084319797249\",\"784480084319797250\",\"784480084319797251\",\"784480084319797252\",\"784480084256882688\",\"784480084256882689\",\"784480084256882690\",\"784480084256882691\",\"784480084256882692\",\"1346239294743543809\",\"1346451957448769537\",\"1334808707124068353\",\"784480084634370048\",\"784480084634370049\",\"784480084634370050\",\"784480084634370051\",\"784480084634370052\",\"801109371802091520\",\"801109371802091521\",\"801109371802091522\",\"801109371802091523\",\"801109371802091524\",\"801820889640337409\",\"801820889640337410\",\"801820889640337411\",\"801820889640337412\",\"801109371525267457\",\"801109371525267458\",\"801109371525267459\",\"801109371525267460\",\"1358222664411832321\",\"807924900420386816\",\"807924900420386817\",\"807924900420386818\",\"807924900420386819\",\"807924900420386820\",\"1334822791945027585\",\"784480084491763712\",\"784480084491763713\",\"784480084491763714\",\"784480084491763715\",\"784480084491763716\",\"1339549078235017217\",\"784480084932165632\",\"784480084932165633\",\"784480084932165634\",\"784480084932165635\",\"784480084932165636\",\"1335060861890002945\",\"784480084986691584\",\"784480084986691585\",\"784480084986691586\",\"784480084986691587\",\"784480084986691588\",\"784480085104132096\",\"784480085104132097\",\"784480085104132098\",\"784480085104132099\",\"784480085104132100\",\"796380986987249664\",\"796380986987249665\",\"796380986987249666\",\"796380986987249667\",\"796380986987249668\",\"54\",\"15\",\"1\",\"4\",\"16\",\"20\",\"27\",\"28\",\"29\",\"30\",\"31\",\"32\",\"33\",\"34\",\"35\",\"45\",\"46\",\"47\",\"48\",\"49\",\"1339410383213309953\",\"59\",\"60\",\"61\",\"62\",\"63\",\"55\",\"18\",\"14\",\"8\",\"7\",\"58\",\"21\",\"50\",\"2\",\"6\"],\"status\":1,\"updateTime\":1612666134606}]', '192.168.0.100', '2021-02-07 10:48:55');
INSERT INTO `sys_log` VALUES ('1358246330784735233', '1', 'admin', '角色管理-分页获取角色信息', '5', 'com.company.project.controller.RoleController.pageInfo()', '[{\"name\":\"\"}]', '192.168.0.100', '2021-02-07 10:48:55');
INSERT INTO `sys_log` VALUES ('1358249388889493505', '1', 'admin', '菜单权限管理-获取所有菜单权限', '857', 'com.company.project.controller.PermissionController.getAllMenusPermission()', null, '192.168.0.100', '2021-02-07 11:01:04');
INSERT INTO `sys_log` VALUES ('1358249430568292353', '1', 'admin', '菜单权限管理-获取所有菜单权限', '704', 'com.company.project.controller.PermissionController.getAllMenusPermission()', null, '192.168.0.100', '2021-02-07 11:01:14');
INSERT INTO `sys_log` VALUES ('1358249440445878273', '1', 'admin', '菜单权限管理-获取所有目录菜单树', '415', 'com.company.project.controller.PermissionController.getAllMenusPermissionTree()', '[\"\"]', '192.168.0.100', '2021-02-07 11:01:16');
INSERT INTO `sys_log` VALUES ('1358249691600801793', '1', 'admin', '菜单权限管理-新增菜单权限', '12', 'com.company.project.controller.PermissionController.addPermission()', '[{\"createTime\":1612666936177,\"deleted\":1,\"icon\":\"\",\"id\":\"1358249691529498626\",\"name\":\"智能排课\",\"orderNum\":10,\"perms\":\"dlArrangingCourse:arrCourse\",\"pid\":\"801109371802091520\",\"pidName\":\"排课任务\",\"status\":1,\"target\":\"_self\",\"type\":3,\"updateTime\":1612666936177,\"url\":\"dlArrangingCourse/arrCourse\"}]', '192.168.0.100', '2021-02-07 11:02:16');
INSERT INTO `sys_log` VALUES ('1358249693823782913', '1', 'admin', '菜单权限管理-获取所有菜单权限', '489', 'com.company.project.controller.PermissionController.getAllMenusPermission()', null, '192.168.0.100', '2021-02-07 11:02:17');
INSERT INTO `sys_log` VALUES ('1358604088889491458', '1', 'admin', '角色管理-分页获取角色信息', '46', 'com.company.project.controller.RoleController.pageInfo()', '[{}]', '192.168.0.103', '2021-02-08 10:30:31');
INSERT INTO `sys_log` VALUES ('1358604089023709186', '1', 'admin', '菜单权限管理-获取所有菜单权限', '1234', 'com.company.project.controller.PermissionController.getAllMenusPermission()', null, '192.168.0.103', '2021-02-08 10:30:31');
INSERT INTO `sys_log` VALUES ('1358604104467136513', '1', 'admin', '角色管理-查询角色详情', '541', 'com.company.project.controller.RoleController.detailInfo()', '[\"1\"]', '192.168.0.103', '2021-02-08 10:30:35');
INSERT INTO `sys_log` VALUES ('1358604172028985346', '1', 'admin', '角色管理-更新角色信息', '217', 'com.company.project.controller.RoleController.updateDept()', '[{\"description\":\"拥有所有权限-不能删除\",\"id\":\"1\",\"name\":\"超级管理员\",\"permissions\":[\"51\",\"11\",\"17\",\"26\",\"40\",\"43\",\"44\",\"53\",\"3\",\"19\",\"36\",\"1311115974068449281\",\"13\",\"39\",\"41\",\"5\",\"9\",\"12\",\"22\",\"38\",\"1334806348645957634\",\"784480084756004864\",\"784480084756004865\",\"784480084756004866\",\"784480084756004867\",\"784480084756004868\",\"784480084814725120\",\"784480084814725121\",\"784480084814725122\",\"784480084814725123\",\"784480084814725124\",\"1334806894995996673\",\"24\",\"10\",\"23\",\"25\",\"42\",\"52\",\"56\",\"57\",\"1334807138768945153\",\"784480084567261184\",\"784480084567261185\",\"784480084567261186\",\"784480084567261187\",\"784480084567261188\",\"784480084693090304\",\"784480084693090305\",\"784480084693090306\",\"784480084693090307\",\"784480084693090308\",\"784480084877639680\",\"784480084877639681\",\"784480084877639682\",\"784480084877639683\",\"784480084877639684\",\"784480085049606144\",\"784480085049606145\",\"784480085049606146\",\"784480085049606147\",\"784480085049606148\",\"789437171000934400\",\"789437171000934401\",\"789437171000934402\",\"789437171000934403\",\"789437171000934404\",\"784480084118470656\",\"1346636399928680450\",\"1347504949065211906\",\"1346636197545123842\",\"1346999702114848769\",\"784480084118470660\",\"784480084118470657\",\"784480084118470658\",\"784480084118470659\",\"796792186363445250\",\"796792186363445252\",\"1334808090397802498\",\"784480084189773824\",\"784480084189773825\",\"784480084189773826\",\"784480084189773827\",\"784480084189773828\",\"784480083837452289\",\"784480083837452290\",\"784480083837452291\",\"784480083837452292\",\"793103294946869249\",\"793103294946869250\",\"793103294946869251\",\"793103294946869252\",\"1344644834154868738\",\"784480084034584577\",\"784480084034584578\",\"784480084034584579\",\"784480084034584580\",\"784480084319797249\",\"784480084319797250\",\"784480084319797251\",\"784480084319797252\",\"784480084256882688\",\"784480084256882689\",\"784480084256882690\",\"784480084256882691\",\"784480084256882692\",\"1346239294743543809\",\"1346451957448769537\",\"1334808707124068353\",\"784480084634370048\",\"784480084634370049\",\"784480084634370050\",\"784480084634370051\",\"784480084634370052\",\"801109371802091520\",\"801109371802091521\",\"801109371802091522\",\"801109371802091523\",\"801109371802091524\",\"801820889640337409\",\"801820889640337410\",\"801820889640337411\",\"801820889640337412\",\"801109371525267457\",\"801109371525267458\",\"801109371525267459\",\"801109371525267460\",\"1358249691529498626\",\"1358222664411832321\",\"807924900420386816\",\"807924900420386817\",\"807924900420386818\",\"807924900420386819\",\"807924900420386820\",\"1334822791945027585\",\"784480084491763712\",\"784480084491763713\",\"784480084491763714\",\"784480084491763715\",\"784480084491763716\",\"1339549078235017217\",\"784480084932165632\",\"784480084932165633\",\"784480084932165634\",\"784480084932165635\",\"784480084932165636\",\"1335060861890002945\",\"784480084986691584\",\"784480084986691585\",\"784480084986691586\",\"784480084986691587\",\"784480084986691588\",\"784480085104132096\",\"784480085104132097\",\"784480085104132098\",\"784480085104132099\",\"784480085104132100\",\"796380986987249664\",\"796380986987249665\",\"796380986987249666\",\"796380986987249667\",\"796380986987249668\",\"54\",\"15\",\"1\",\"4\",\"16\",\"20\",\"27\",\"28\",\"29\",\"30\",\"31\",\"32\",\"33\",\"34\",\"35\",\"45\",\"46\",\"47\",\"48\",\"49\",\"1339410383213309953\",\"59\",\"60\",\"61\",\"62\",\"63\",\"55\",\"18\",\"14\",\"8\",\"7\",\"58\",\"21\",\"50\",\"2\",\"6\"],\"status\":1,\"updateTime\":1612751450709}]', '192.168.0.103', '2021-02-08 10:30:51');
INSERT INTO `sys_log` VALUES ('1358604172607799297', '1', 'admin', '角色管理-分页获取角色信息', '8', 'com.company.project.controller.RoleController.pageInfo()', '[{\"name\":\"\"}]', '192.168.0.103', '2021-02-08 10:30:51');
INSERT INTO `sys_log` VALUES ('1359873859652091906', '1', 'admin', '机构管理-树型组织列表', '69', 'com.company.project.controller.DeptController.getTree()', '[null]', '192.168.0.103', '2021-02-11 22:36:08');
INSERT INTO `sys_log` VALUES ('1359873859958276097', '1', 'admin', '用户管理-分页获取用户列表', '136', 'com.company.project.controller.UserController.pageInfo()', '[{}]', '192.168.0.103', '2021-02-11 22:36:08');
INSERT INTO `sys_log` VALUES ('1360529558467936257', '1', 'admin', '菜单权限管理-获取所有菜单权限', '551', 'com.company.project.controller.PermissionController.getAllMenusPermission()', null, '192.168.0.103', '2021-02-13 18:01:39');
INSERT INTO `sys_log` VALUES ('1360529569872248833', '1', 'admin', '角色管理-分页获取角色信息', '39', 'com.company.project.controller.RoleController.pageInfo()', '[{}]', '192.168.0.103', '2021-02-13 18:01:42');
INSERT INTO `sys_log` VALUES ('1360529639732576258', '1', 'admin', '角色管理-查询角色详情', '484', 'com.company.project.controller.RoleController.detailInfo()', '[\"1\"]', '192.168.0.103', '2021-02-13 18:01:58');
INSERT INTO `sys_log` VALUES ('1360947576071135234', '1', 'admin', '菜单权限管理-获取所有菜单权限', '466', 'com.company.project.controller.PermissionController.getAllMenusPermission()', null, '192.168.0.103', '2021-02-14 21:42:42');
INSERT INTO `sys_log` VALUES ('1360947641607135233', '1', 'admin', '菜单权限管理-获取所有目录菜单树', '437', 'com.company.project.controller.PermissionController.getAllMenusPermissionTree()', '[\"807924900420386816\"]', '192.168.0.103', '2021-02-14 21:42:58');
INSERT INTO `sys_log` VALUES ('1360947816773853185', '1', 'admin', '菜单权限管理-更新菜单权限', '19', 'com.company.project.controller.PermissionController.updatePermission()', '[{\"icon\":\"\",\"id\":\"807924900420386816\",\"name\":\"教师课表\",\"orderNum\":10,\"perms\":\"\",\"pid\":\"1334808707124068353\",\"pidName\":\"课程管理\",\"status\":1,\"target\":\"_self\",\"type\":2,\"updateTime\":1613310219342,\"url\":\"/index/teacherTable\"}]', '192.168.0.103', '2021-02-14 21:43:39');
INSERT INTO `sys_log` VALUES ('1360947818686455809', '1', 'admin', '菜单权限管理-获取所有菜单权限', '434', 'com.company.project.controller.PermissionController.getAllMenusPermission()', null, '192.168.0.103', '2021-02-14 21:43:40');
INSERT INTO `sys_log` VALUES ('1360947962785964034', '1', 'admin', '菜单权限管理-获取所有目录菜单树', '382', 'com.company.project.controller.PermissionController.getAllMenusPermissionTree()', '[\"1358222664411832321\"]', '192.168.0.103', '2021-02-14 21:44:14');
INSERT INTO `sys_log` VALUES ('1360948108391227393', '1', 'admin', '菜单权限管理-更新菜单权限', '12', 'com.company.project.controller.PermissionController.updatePermission()', '[{\"icon\":\"\",\"id\":\"1358222664411832321\",\"name\":\"班级课表\",\"orderNum\":3,\"perms\":\"\",\"pid\":\"1334808707124068353\",\"pidName\":\"课程管理\",\"status\":1,\"target\":\"_self\",\"type\":2,\"updateTime\":1613310288872,\"url\":\"/index/classTable\"}]', '192.168.0.103', '2021-02-14 21:44:49');
INSERT INTO `sys_log` VALUES ('1360948110232526849', '1', 'admin', '菜单权限管理-获取所有菜单权限', '411', 'com.company.project.controller.PermissionController.getAllMenusPermission()', null, '192.168.0.103', '2021-02-14 21:44:49');
INSERT INTO `sys_log` VALUES ('1361133443263913986', '1', 'admin', '菜单权限管理-获取所有菜单权限', '704', 'com.company.project.controller.PermissionController.getAllMenusPermission()', null, '192.168.0.103', '2021-02-15 10:01:16');
INSERT INTO `sys_log` VALUES ('1361133707974828034', '1', 'admin', '菜单权限管理-获取所有目录菜单树', '535', 'com.company.project.controller.PermissionController.getAllMenusPermissionTree()', '[\"\"]', '192.168.0.103', '2021-02-15 10:02:19');
INSERT INTO `sys_log` VALUES ('1361134000875659265', '1', 'admin', '菜单权限管理-新增菜单权限', '27', 'com.company.project.controller.PermissionController.addPermission()', '[{\"createTime\":1613354609102,\"deleted\":1,\"icon\":\"\",\"id\":\"1361134000829521922\",\"name\":\"课程调整\",\"orderNum\":10,\"perms\":\"dlCourseTable:exchange\",\"pid\":\"801109371802091520\",\"pidName\":\"排课任务\",\"status\":1,\"target\":\"_self\",\"type\":3,\"updateTime\":1613354609102,\"url\":\"/dlCourseTable/exchange\"}]', '192.168.0.103', '2021-02-15 10:03:29');
INSERT INTO `sys_log` VALUES ('1361134003492904961', '1', 'admin', '菜单权限管理-获取所有菜单权限', '552', 'com.company.project.controller.PermissionController.getAllMenusPermission()', null, '192.168.0.103', '2021-02-15 10:03:30');
INSERT INTO `sys_log` VALUES ('1361184889577578497', '1', 'admin', '角色管理-分页获取角色信息', '41', 'com.company.project.controller.RoleController.pageInfo()', '[{}]', '192.168.0.103', '2021-02-15 13:25:42');
INSERT INTO `sys_log` VALUES ('1361184898255593474', '1', 'admin', '角色管理-查询角色详情', '567', 'com.company.project.controller.RoleController.detailInfo()', '[\"1\"]', '192.168.0.103', '2021-02-15 13:25:44');
INSERT INTO `sys_log` VALUES ('1361184959203024898', '1', 'admin', '角色管理-更新角色信息', '223', 'com.company.project.controller.RoleController.updateDept()', '[{\"description\":\"拥有所有权限-不能删除\",\"id\":\"1\",\"name\":\"超级管理员\",\"permissions\":[\"51\",\"11\",\"17\",\"26\",\"40\",\"43\",\"44\",\"53\",\"3\",\"19\",\"36\",\"1311115974068449281\",\"13\",\"39\",\"41\",\"5\",\"9\",\"12\",\"22\",\"38\",\"1334806348645957634\",\"784480084756004864\",\"784480084756004865\",\"784480084756004866\",\"784480084756004867\",\"784480084756004868\",\"784480084814725120\",\"784480084814725121\",\"784480084814725122\",\"784480084814725123\",\"784480084814725124\",\"1334806894995996673\",\"24\",\"10\",\"23\",\"25\",\"42\",\"52\",\"56\",\"57\",\"1334807138768945153\",\"784480084567261184\",\"784480084567261185\",\"784480084567261186\",\"784480084567261187\",\"784480084567261188\",\"784480084693090304\",\"784480084693090305\",\"784480084693090306\",\"784480084693090307\",\"784480084693090308\",\"784480084877639680\",\"784480084877639681\",\"784480084877639682\",\"784480084877639683\",\"784480084877639684\",\"784480085049606144\",\"784480085049606145\",\"784480085049606146\",\"784480085049606147\",\"784480085049606148\",\"789437171000934400\",\"789437171000934401\",\"789437171000934402\",\"789437171000934403\",\"789437171000934404\",\"784480084118470656\",\"1346636399928680450\",\"1347504949065211906\",\"1346636197545123842\",\"1346999702114848769\",\"784480084118470660\",\"784480084118470657\",\"784480084118470658\",\"784480084118470659\",\"796792186363445250\",\"796792186363445252\",\"1334808090397802498\",\"784480084189773824\",\"784480084189773825\",\"784480084189773826\",\"784480084189773827\",\"784480084189773828\",\"784480083837452289\",\"784480083837452290\",\"784480083837452291\",\"784480083837452292\",\"793103294946869249\",\"793103294946869250\",\"793103294946869251\",\"793103294946869252\",\"1344644834154868738\",\"784480084034584577\",\"784480084034584578\",\"784480084034584579\",\"784480084034584580\",\"784480084319797249\",\"784480084319797250\",\"784480084319797251\",\"784480084319797252\",\"784480084256882688\",\"784480084256882689\",\"784480084256882690\",\"784480084256882691\",\"784480084256882692\",\"1346239294743543809\",\"1346451957448769537\",\"1334808707124068353\",\"784480084634370048\",\"784480084634370049\",\"784480084634370050\",\"784480084634370051\",\"784480084634370052\",\"801109371802091520\",\"801109371802091521\",\"801109371802091522\",\"801109371802091523\",\"801109371802091524\",\"801820889640337409\",\"801820889640337410\",\"801820889640337411\",\"801820889640337412\",\"801109371525267457\",\"801109371525267458\",\"801109371525267459\",\"801109371525267460\",\"1358249691529498626\",\"1361134000829521922\",\"1358222664411832321\",\"807924900420386816\",\"807924900420386817\",\"807924900420386818\",\"807924900420386819\",\"807924900420386820\",\"1334822791945027585\",\"784480084491763712\",\"784480084491763713\",\"784480084491763714\",\"784480084491763715\",\"784480084491763716\",\"1339549078235017217\",\"784480084932165632\",\"784480084932165633\",\"784480084932165634\",\"784480084932165635\",\"784480084932165636\",\"1335060861890002945\",\"784480084986691584\",\"784480084986691585\",\"784480084986691586\",\"784480084986691587\",\"784480084986691588\",\"784480085104132096\",\"784480085104132097\",\"784480085104132098\",\"784480085104132099\",\"784480085104132100\",\"796380986987249664\",\"796380986987249665\",\"796380986987249666\",\"796380986987249667\",\"796380986987249668\",\"54\",\"15\",\"1\",\"4\",\"16\",\"20\",\"27\",\"28\",\"29\",\"30\",\"31\",\"32\",\"33\",\"34\",\"35\",\"45\",\"46\",\"47\",\"48\",\"49\",\"1339410383213309953\",\"59\",\"60\",\"61\",\"62\",\"63\",\"55\",\"18\",\"14\",\"8\",\"7\",\"58\",\"21\",\"50\",\"2\",\"6\"],\"status\":1,\"updateTime\":1613366758307}]', '192.168.0.103', '2021-02-15 13:25:59');
INSERT INTO `sys_log` VALUES ('1361184959970582529', '1', 'admin', '角色管理-分页获取角色信息', '10', 'com.company.project.controller.RoleController.pageInfo()', '[{\"name\":\"\"}]', '192.168.0.103', '2021-02-15 13:25:59');
INSERT INTO `sys_log` VALUES ('1361631020493213697', '1', 'admin', '机构管理-树型组织列表', '40', 'com.company.project.controller.DeptController.getTree()', '[null]', '192.168.0.103', '2021-02-16 18:58:28');
INSERT INTO `sys_log` VALUES ('1361631020568711170', '1', 'admin', '用户管理-分页获取用户列表', '83', 'com.company.project.controller.UserController.pageInfo()', '[{}]', '192.168.0.103', '2021-02-16 18:58:28');
INSERT INTO `sys_log` VALUES ('1361631073224003586', '1', 'admin', '用户管理-分页获取用户列表', '21', 'com.company.project.controller.UserController.pageInfo()', '[{\"deptNo\":\"D000004\",\"username\":\"\"}]', '192.168.0.103', '2021-02-16 18:58:40');
INSERT INTO `sys_log` VALUES ('1361631078865342466', '1', 'admin', '用户管理-分页获取用户列表', '48', 'com.company.project.controller.UserController.pageInfo()', '[{\"deptNo\":\"D000003\",\"username\":\"\"}]', '192.168.0.103', '2021-02-16 18:58:42');
INSERT INTO `sys_log` VALUES ('1361631191864086529', '1', 'admin', '用户管理-分页获取用户列表', '26', 'com.company.project.controller.UserController.pageInfo()', '[{\"deptNo\":\"D000002\",\"username\":\"\"}]', '192.168.0.103', '2021-02-16 18:59:09');
INSERT INTO `sys_log` VALUES ('1361631201741672449', '1', 'admin', '用户管理-分页获取用户列表', '38', 'com.company.project.controller.UserController.pageInfo()', '[{\"deptNo\":\"D000003\",\"username\":\"\"}]', '192.168.0.103', '2021-02-16 18:59:11');
INSERT INTO `sys_log` VALUES ('1361631293798256641', '1', 'admin', '用户管理-赋予角色-获取所有角色接口', '28', 'com.company.project.controller.UserController.getUserOwnRole()', '[\"1347029758249828353\"]', '192.168.0.103', '2021-02-16 18:59:33');
INSERT INTO `sys_log` VALUES ('1361633550841319425', '1', 'admin', '用户管理-分页获取用户列表', '20', 'com.company.project.controller.UserController.pageInfo()', '[{\"deptNo\":\"D000004\",\"username\":\"\"}]', '192.168.0.103', '2021-02-16 19:08:31');
INSERT INTO `sys_log` VALUES ('1361633556709150721', '1', 'admin', '用户管理-分页获取用户列表', '12', 'com.company.project.controller.UserController.pageInfo()', '[{\"deptNo\":\"D000005\",\"username\":\"\"}]', '192.168.0.103', '2021-02-16 19:08:33');
INSERT INTO `sys_log` VALUES ('1361633561423548417', '1', 'admin', '用户管理-分页获取用户列表', '10', 'com.company.project.controller.UserController.pageInfo()', '[{\"deptNo\":\"D000004\",\"username\":\"\"}]', '192.168.0.103', '2021-02-16 19:08:34');
INSERT INTO `sys_log` VALUES ('1361633566272163842', '1', 'admin', '用户管理-分页获取用户列表', '39', 'com.company.project.controller.UserController.pageInfo()', '[{\"deptNo\":\"D000003\",\"username\":\"\"}]', '192.168.0.103', '2021-02-16 19:08:35');
INSERT INTO `sys_log` VALUES ('1361633568201543682', '1', 'admin', '用户管理-分页获取用户列表', '15', 'com.company.project.controller.UserController.pageInfo()', '[{\"deptNo\":\"D000002\",\"username\":\"\"}]', '192.168.0.103', '2021-02-16 19:08:35');
INSERT INTO `sys_log` VALUES ('1361633574681743362', '1', 'admin', '用户管理-分页获取用户列表', '33', 'com.company.project.controller.UserController.pageInfo()', '[{\"deptNo\":\"D000003\",\"username\":\"\"}]', '192.168.0.103', '2021-02-16 19:08:37');
INSERT INTO `sys_log` VALUES ('1361633581073862658', '1', 'admin', '用户管理-分页获取用户列表', '15', 'com.company.project.controller.UserController.pageInfo()', '[{\"deptNo\":\"D000002\",\"username\":\"\"}]', '192.168.0.103', '2021-02-16 19:08:38');
INSERT INTO `sys_log` VALUES ('1361633585511436290', '1', 'admin', '用户管理-分页获取用户列表', '33', 'com.company.project.controller.UserController.pageInfo()', '[{\"deptNo\":\"D000003\",\"username\":\"\"}]', '192.168.0.103', '2021-02-16 19:08:39');
INSERT INTO `sys_log` VALUES ('1361633606071914497', '1', 'admin', '用户管理-分页获取用户列表', '16', 'com.company.project.controller.UserController.pageInfo()', '[{\"deptNo\":\"D000002\",\"username\":\"\"}]', '192.168.0.103', '2021-02-16 19:08:44');
INSERT INTO `sys_log` VALUES ('1361633617451061250', '1', 'admin', '用户管理-分页获取用户列表', '33', 'com.company.project.controller.UserController.pageInfo()', '[{\"deptNo\":\"D000003\",\"username\":\"\"}]', '192.168.0.103', '2021-02-16 19:08:47');
INSERT INTO `sys_log` VALUES ('1361636217718214658', '1', 'admin', '角色管理-分页获取角色信息', '31', 'com.company.project.controller.RoleController.pageInfo()', '[{}]', '192.168.0.103', '2021-02-16 19:19:07');
INSERT INTO `sys_log` VALUES ('1361636570559844354', '1', 'admin', '用户管理-分页获取用户列表', '47', 'com.company.project.controller.UserController.pageInfo()', '[{\"deptNo\":\"D000003\",\"username\":\"\"}]', '192.168.0.103', '2021-02-16 19:20:31');
INSERT INTO `sys_log` VALUES ('1361637884295548930', '1', 'admin', '角色管理-分页获取角色信息', '18', 'com.company.project.controller.RoleController.pageInfo()', '[{}]', '192.168.0.103', '2021-02-16 19:25:44');
INSERT INTO `sys_log` VALUES ('1361641029566369793', '1', 'admin', '角色管理-分页获取角色信息', '19', 'com.company.project.controller.RoleController.pageInfo()', '[{}]', '192.168.0.103', '2021-02-16 19:38:14');
INSERT INTO `sys_log` VALUES ('1361641038504431617', '1', 'admin', '机构管理-树型组织列表', '5', 'com.company.project.controller.DeptController.getTree()', '[null]', '192.168.0.103', '2021-02-16 19:38:16');
INSERT INTO `sys_log` VALUES ('1361641038504431618', '1', 'admin', '用户管理-分页获取用户列表', '47', 'com.company.project.controller.UserController.pageInfo()', '[{}]', '192.168.0.103', '2021-02-16 19:38:16');
INSERT INTO `sys_log` VALUES ('1361645978333384705', '1', 'admin', '用户管理-分页获取用户列表', '44', 'com.company.project.controller.UserController.pageInfo()', '[{\"deptNo\":\"D000003\",\"username\":\"\"}]', '192.168.0.103', '2021-02-16 19:57:54');
INSERT INTO `sys_log` VALUES ('1361646525123825665', '1', 'admin', '机构管理-树型组织列表', '4', 'com.company.project.controller.DeptController.getTree()', '[null]', '192.168.0.103', '2021-02-16 20:00:04');
INSERT INTO `sys_log` VALUES ('1361646525518090242', '1', 'admin', '用户管理-分页获取用户列表', '43', 'com.company.project.controller.UserController.pageInfo()', '[{}]', '192.168.0.103', '2021-02-16 20:00:05');
INSERT INTO `sys_log` VALUES ('1361646805286531073', '1', 'admin', '机构管理-树型组织列表', '27', 'com.company.project.controller.DeptController.getTree()', '[null]', '192.168.0.103', '2021-02-16 20:01:11');
INSERT INTO `sys_log` VALUES ('1361646806196695042', '1', 'admin', '用户管理-分页获取用户列表', '244', 'com.company.project.controller.UserController.pageInfo()', '[{}]', '192.168.0.103', '2021-02-16 20:01:11');
INSERT INTO `sys_log` VALUES ('1361646911721189378', '1', 'admin', '用户管理-赋予角色-获取所有角色接口', '12', 'com.company.project.controller.UserController.getUserOwnRole()', '[\"1347029956531355649\"]', '192.168.0.103', '2021-02-16 20:01:37');
INSERT INTO `sys_log` VALUES ('1361646921254842370', '1', 'admin', '用户管理-赋予角色-用户赋予角色接口', '109', 'com.company.project.controller.UserController.setUserOwnRole()', '[\"1347029956531355649\",[\"1331087516021194754\"]]', '192.168.0.103', '2021-02-16 20:01:39');
INSERT INTO `sys_log` VALUES ('1361646922173394946', '1', 'admin', '用户管理-分页获取用户列表', '149', 'com.company.project.controller.UserController.pageInfo()', '[{\"username\":\"\"}]', '192.168.0.103', '2021-02-16 20:01:39');
INSERT INTO `sys_log` VALUES ('1361646959594975233', '1', 'admin', '用户管理-分页获取用户列表', '36', 'com.company.project.controller.UserController.pageInfo()', '[{\"deptNo\":\"D000002\",\"username\":\"\"}]', '192.168.0.103', '2021-02-16 20:01:48');
INSERT INTO `sys_log` VALUES ('1361646970311421954', '1', 'admin', '用户管理-分页获取用户列表', '80', 'com.company.project.controller.UserController.pageInfo()', '[{\"deptNo\":\"D000003\",\"username\":\"\"}]', '192.168.0.103', '2021-02-16 20:01:51');
INSERT INTO `sys_log` VALUES ('1361646978494509058', '1', 'admin', '用户管理-分页获取用户列表', '12', 'com.company.project.controller.UserController.pageInfo()', '[{\"deptNo\":\"D000004\",\"username\":\"\"}]', '192.168.0.103', '2021-02-16 20:01:53');
INSERT INTO `sys_log` VALUES ('1361646982974025730', '1', 'admin', '用户管理-分页获取用户列表', '10', 'com.company.project.controller.UserController.pageInfo()', '[{\"deptNo\":\"D000005\",\"username\":\"\"}]', '192.168.0.103', '2021-02-16 20:01:54');
INSERT INTO `sys_log` VALUES ('1361646986841174017', '1', 'admin', '用户管理-分页获取用户列表', '11', 'com.company.project.controller.UserController.pageInfo()', '[{\"deptNo\":\"D000004\",\"username\":\"\"}]', '192.168.0.103', '2021-02-16 20:01:55');
INSERT INTO `sys_log` VALUES ('1361646990414721025', '1', 'admin', '用户管理-分页获取用户列表', '76', 'com.company.project.controller.UserController.pageInfo()', '[{\"deptNo\":\"D000003\",\"username\":\"\"}]', '192.168.0.103', '2021-02-16 20:01:55');
INSERT INTO `sys_log` VALUES ('1361646998446813185', '1', 'admin', '用户管理-分页获取用户列表', '21', 'com.company.project.controller.UserController.pageInfo()', '[{\"deptNo\":\"D000002\",\"username\":\"\"}]', '192.168.0.103', '2021-02-16 20:01:57');
INSERT INTO `sys_log` VALUES ('1361647003706470402', '1', 'admin', '用户管理-分页获取用户列表', '81', 'com.company.project.controller.UserController.pageInfo()', '[{\"deptNo\":\"D000003\",\"username\":\"\"}]', '192.168.0.103', '2021-02-16 20:01:59');
INSERT INTO `sys_log` VALUES ('1361647018222956545', '1', 'admin', '用户管理-分页获取用户列表', '8', 'com.company.project.controller.UserController.pageInfo()', '[{\"deptNo\":\"D000004\",\"username\":\"\"}]', '192.168.0.103', '2021-02-16 20:02:02');
INSERT INTO `sys_log` VALUES ('1361647023767826433', '1', 'admin', '用户管理-分页获取用户列表', '10', 'com.company.project.controller.UserController.pageInfo()', '[{\"deptNo\":\"D000005\",\"username\":\"\"}]', '192.168.0.103', '2021-02-16 20:02:03');
INSERT INTO `sys_log` VALUES ('1361647030109614081', '1', 'admin', '用户管理-分页获取用户列表', '9', 'com.company.project.controller.UserController.pageInfo()', '[{\"deptNo\":\"D000005\",\"username\":\"\"}]', '192.168.0.103', '2021-02-16 20:02:05');
INSERT INTO `sys_log` VALUES ('1361647035537043457', '1', 'admin', '用户管理-分页获取用户列表', '80', 'com.company.project.controller.UserController.pageInfo()', '[{\"deptNo\":\"D000001\",\"username\":\"\"}]', '192.168.0.103', '2021-02-16 20:02:06');
INSERT INTO `sys_log` VALUES ('1361647069884198913', '1', 'admin', '用户管理-分页获取用户列表', '26', 'com.company.project.controller.UserController.pageInfo()', '[{\"deptNo\":\"D000001\",\"username\":\"\"}]', '192.168.0.103', '2021-02-16 20:02:14');
INSERT INTO `sys_log` VALUES ('1361647084379713537', '1', 'admin', '用户管理-赋予角色-获取所有角色接口', '4', 'com.company.project.controller.UserController.getUserOwnRole()', '[\"1\"]', '192.168.0.103', '2021-02-16 20:02:18');
INSERT INTO `sys_log` VALUES ('1361647103753203713', '1', 'admin', '用户管理-赋予角色-用户赋予角色接口', '351', 'com.company.project.controller.UserController.setUserOwnRole()', '[\"1\",[\"1\",\"1331087516021194754\"]]', '192.168.0.103', '2021-02-16 20:02:22');
INSERT INTO `sys_log` VALUES ('1361647104491401218', '1', 'admin', '用户管理-分页获取用户列表', '121', 'com.company.project.controller.UserController.pageInfo()', '[{\"deptNo\":\"D000001\",\"username\":\"\"}]', '192.168.0.103', '2021-02-16 20:02:23');
INSERT INTO `sys_log` VALUES ('1361647113936973825', '1', 'admin', '用户管理-分页获取用户列表', '33', 'com.company.project.controller.UserController.pageInfo()', '[{\"deptNo\":\"D000001\",\"username\":\"\"}]', '192.168.0.103', '2021-02-16 20:02:25');
INSERT INTO `sys_log` VALUES ('1361647142667956225', '1', 'admin', '用户管理-赋予角色-获取所有角色接口', '4', 'com.company.project.controller.UserController.getUserOwnRole()', '[\"1\"]', '192.168.0.103', '2021-02-16 20:02:32');
INSERT INTO `sys_log` VALUES ('1361647155938734081', '1', 'admin', '用户管理-赋予角色-用户赋予角色接口', '337', 'com.company.project.controller.UserController.setUserOwnRole()', '[\"1\",[\"1\"]]', '192.168.0.103', '2021-02-16 20:02:35');
INSERT INTO `sys_log` VALUES ('1361647156421079041', '1', 'admin', '用户管理-分页获取用户列表', '81', 'com.company.project.controller.UserController.pageInfo()', '[{\"deptNo\":\"D000001\",\"username\":\"\"}]', '192.168.0.103', '2021-02-16 20:02:35');
INSERT INTO `sys_log` VALUES ('1361647172011307010', '1', 'admin', '用户管理-分页获取用户列表', '17', 'com.company.project.controller.UserController.pageInfo()', '[{\"deptNo\":\"D000002\",\"username\":\"\"}]', '192.168.0.103', '2021-02-16 20:02:39');
INSERT INTO `sys_log` VALUES ('1361647179477168129', '1', 'admin', '用户管理-分页获取用户列表', '65', 'com.company.project.controller.UserController.pageInfo()', '[{\"deptNo\":\"D000003\",\"username\":\"\"}]', '192.168.0.103', '2021-02-16 20:02:40');
INSERT INTO `sys_log` VALUES ('1361647374717825026', '1', 'admin', '机构管理-树型组织列表', '3', 'com.company.project.controller.DeptController.getTree()', '[null]', '192.168.0.103', '2021-02-16 20:03:27');
INSERT INTO `sys_log` VALUES ('1361647375053369346', '1', 'admin', '用户管理-分页获取用户列表', '78', 'com.company.project.controller.UserController.pageInfo()', '[{}]', '192.168.0.103', '2021-02-16 20:03:27');
INSERT INTO `sys_log` VALUES ('1361647459212079105', '1', 'admin', '用户管理-分页获取用户列表', '36', 'com.company.project.controller.UserController.pageInfo()', '[{}]', '192.168.0.103', '2021-02-16 20:03:47');
INSERT INTO `sys_log` VALUES ('1361647471501389825', '1', 'admin', '用户管理-赋予角色-获取所有角色接口', '5', 'com.company.project.controller.UserController.getUserOwnRole()', '[\"1\"]', '192.168.0.103', '2021-02-16 20:03:50');
INSERT INTO `sys_log` VALUES ('1361647483648094209', '1', 'admin', '用户管理-赋予角色-用户赋予角色接口', '290', 'com.company.project.controller.UserController.setUserOwnRole()', '[\"1\",[\"1\",\"1331087516021194754\"]]', '192.168.0.103', '2021-02-16 20:03:53');
INSERT INTO `sys_log` VALUES ('1361647484096884738', '1', 'admin', '用户管理-分页获取用户列表', '63', 'com.company.project.controller.UserController.pageInfo()', '[{\"username\":\"\"}]', '192.168.0.103', '2021-02-16 20:03:53');
INSERT INTO `sys_log` VALUES ('1361647491374002178', '1', 'admin', '用户管理-分页获取用户列表', '35', 'com.company.project.controller.UserController.pageInfo()', '[{\"username\":\"\"}]', '192.168.0.103', '2021-02-16 20:03:55');
INSERT INTO `sys_log` VALUES ('1361647622966095874', '1', 'admin', '机构管理-树型组织列表', '4', 'com.company.project.controller.DeptController.getTree()', '[null]', '192.168.0.103', '2021-02-16 20:04:26');
INSERT INTO `sys_log` VALUES ('1361647623364554753', '1', 'admin', '用户管理-分页获取用户列表', '89', 'com.company.project.controller.UserController.pageInfo()', '[{}]', '192.168.0.103', '2021-02-16 20:04:26');
INSERT INTO `sys_log` VALUES ('1361647645120409602', '1', 'admin', '用户管理-分页获取用户列表', '35', 'com.company.project.controller.UserController.pageInfo()', '[{}]', '192.168.0.103', '2021-02-16 20:04:31');
INSERT INTO `sys_log` VALUES ('1361647868571955202', '1', 'admin', '机构管理-树型组织列表', '7', 'com.company.project.controller.DeptController.getTree()', '[null]', '192.168.0.103', '2021-02-16 20:05:25');
INSERT INTO `sys_log` VALUES ('1361647868949442562', '1', 'admin', '用户管理-分页获取用户列表', '76', 'com.company.project.controller.UserController.pageInfo()', '[{}]', '192.168.0.103', '2021-02-16 20:05:25');
INSERT INTO `sys_log` VALUES ('1361647877270941697', '1', 'admin', '用户管理-分页获取用户列表', '30', 'com.company.project.controller.UserController.pageInfo()', '[{}]', '192.168.0.103', '2021-02-16 20:05:27');
INSERT INTO `sys_log` VALUES ('1361648001153904642', '1', 'admin', '用户管理-赋予角色-获取所有角色接口', '3', 'com.company.project.controller.UserController.getUserOwnRole()', '[\"1\"]', '192.168.0.103', '2021-02-16 20:05:56');
INSERT INTO `sys_log` VALUES ('1361648015192240129', '1', 'admin', '用户管理-赋予角色-用户赋予角色接口', '287', 'com.company.project.controller.UserController.setUserOwnRole()', '[\"1\",[\"1\"]]', '192.168.0.103', '2021-02-16 20:06:00');
INSERT INTO `sys_log` VALUES ('1361648015850745858', '1', 'admin', '用户管理-分页获取用户列表', '93', 'com.company.project.controller.UserController.pageInfo()', '[{\"username\":\"\"}]', '192.168.0.103', '2021-02-16 20:06:00');
INSERT INTO `sys_log` VALUES ('1361648021856989185', '1', 'admin', '用户管理-分页获取用户列表', '13', 'com.company.project.controller.UserController.pageInfo()', '[{\"deptNo\":\"D000002\",\"username\":\"\"}]', '192.168.0.103', '2021-02-16 20:06:01');
INSERT INTO `sys_log` VALUES ('1361648028928585730', '1', 'admin', '用户管理-分页获取用户列表', '53', 'com.company.project.controller.UserController.pageInfo()', '[{\"deptNo\":\"D000003\",\"username\":\"\"}]', '192.168.0.103', '2021-02-16 20:06:03');
INSERT INTO `sys_log` VALUES ('1361648050210484226', '1', 'admin', '用户管理-分页获取用户列表', '61', 'com.company.project.controller.UserController.pageInfo()', '[{\"deptNo\":\"D000001\",\"username\":\"\"}]', '192.168.0.103', '2021-02-16 20:06:08');
INSERT INTO `sys_log` VALUES ('1361648070762573826', '1', 'admin', '用户管理-赋予角色-获取所有角色接口', '3', 'com.company.project.controller.UserController.getUserOwnRole()', '[\"1341347778094989313\"]', '192.168.0.103', '2021-02-16 20:06:13');
INSERT INTO `sys_log` VALUES ('1361652422315225090', '1', 'admin', '用户管理-分页获取用户列表', '20', 'com.company.project.controller.UserController.pageInfo()', '[{\"deptNo\":\"D000002\",\"username\":\"\"}]', '192.168.0.103', '2021-02-16 20:23:30');
INSERT INTO `sys_log` VALUES ('1361652424357851137', '1', 'admin', '用户管理-分页获取用户列表', '55', 'com.company.project.controller.UserController.pageInfo()', '[{\"deptNo\":\"D000003\",\"username\":\"\"}]', '192.168.0.103', '2021-02-16 20:23:31');
INSERT INTO `sys_log` VALUES ('1361656014199730177', '1', 'admin', '机构管理-树型组织列表', '3', 'com.company.project.controller.DeptController.getTree()', '[null]', '192.168.0.103', '2021-02-16 20:37:47');
INSERT INTO `sys_log` VALUES ('1361656014447194113', '1', 'admin', '用户管理-分页获取用户列表', '65', 'com.company.project.controller.UserController.pageInfo()', '[{}]', '192.168.0.103', '2021-02-16 20:37:47');
INSERT INTO `sys_log` VALUES ('1361656267644743681', '1', 'admin', '机构管理-树型组织列表', '3', 'com.company.project.controller.DeptController.getTree()', '[null]', '192.168.0.103', '2021-02-16 20:38:47');
INSERT INTO `sys_log` VALUES ('1361656268080951298', '1', 'admin', '用户管理-分页获取用户列表', '71', 'com.company.project.controller.UserController.pageInfo()', '[{}]', '192.168.0.103', '2021-02-16 20:38:47');
INSERT INTO `sys_log` VALUES ('1361656287139868673', '1', 'admin', '机构管理-树型组织列表', '3', 'com.company.project.controller.DeptController.getTree()', '[null]', '192.168.0.103', '2021-02-16 20:38:52');
INSERT INTO `sys_log` VALUES ('1361656287525744641', '1', 'admin', '用户管理-分页获取用户列表', '91', 'com.company.project.controller.UserController.pageInfo()', '[{}]', '192.168.0.103', '2021-02-16 20:38:52');
INSERT INTO `sys_log` VALUES ('1361656405125640194', '1', 'admin', '机构管理-树型组织列表', '3', 'com.company.project.controller.DeptController.getTree()', '[null]', '192.168.0.103', '2021-02-16 20:39:20');
INSERT INTO `sys_log` VALUES ('1361656405482156033', '1', 'admin', '用户管理-分页获取用户列表', '60', 'com.company.project.controller.UserController.pageInfo()', '[{}]', '192.168.0.103', '2021-02-16 20:39:20');
INSERT INTO `sys_log` VALUES ('1361656428521467905', '1', 'admin', '用户管理-分页获取用户列表', '32', 'com.company.project.controller.UserController.pageInfo()', '[{}]', '192.168.0.103', '2021-02-16 20:39:26');
INSERT INTO `sys_log` VALUES ('1361656500252454913', '1', 'admin', '用户管理-分页获取用户列表', '50', 'com.company.project.controller.UserController.pageInfo()', '[{\"deptNo\":\"D000003\",\"username\":\"\"}]', '192.168.0.103', '2021-02-16 20:39:43');
INSERT INTO `sys_log` VALUES ('1361656875378421761', '1', 'admin', '用户管理-新增用户', '61', 'com.company.project.controller.UserController.addUser()', '[{\"createId\":\"1\",\"createTime\":1613479272056,\"createWhere\":1,\"deleted\":1,\"deptId\":\"1331121936392425474\",\"deptName\":\"小学部\",\"email\":\"\",\"id\":\"1361656875160317953\",\"major\":\"\",\"password\":\"d9cced7b67d615e9a0f7fb6d46f82184\",\"phone\":\"\",\"qualificationImg\":\"\",\"realName\":\"周杰伦\",\"salt\":\"8b0639f919774648991f\",\"sex\":2,\"status\":1,\"university\":\"\",\"updateId\":\"1\",\"updateTime\":1613479272056,\"username\":\"lx001\"}]', '192.168.0.103', '2021-02-16 20:41:12');
INSERT INTO `sys_log` VALUES ('1361656876166950913', '1', 'admin', '用户管理-分页获取用户列表', '122', 'com.company.project.controller.UserController.pageInfo()', '[{\"deptNo\":\"D000003\",\"username\":\"\"}]', '192.168.0.103', '2021-02-16 20:41:12');
INSERT INTO `sys_log` VALUES ('1361656896144420865', '1', 'admin', '用户管理-赋予角色-获取所有角色接口', '5', 'com.company.project.controller.UserController.getUserOwnRole()', '[\"1361656875160317953\"]', '192.168.0.103', '2021-02-16 20:41:17');
INSERT INTO `sys_log` VALUES ('1361656907628425217', '1', 'admin', '用户管理-赋予角色-用户赋予角色接口', '33', 'com.company.project.controller.UserController.setUserOwnRole()', '[\"1361656875160317953\",[\"1331087516021194754\"]]', '192.168.0.103', '2021-02-16 20:41:20');
INSERT INTO `sys_log` VALUES ('1361656908190461953', '1', 'admin', '用户管理-分页获取用户列表', '87', 'com.company.project.controller.UserController.pageInfo()', '[{\"deptNo\":\"D000003\",\"username\":\"\"}]', '192.168.0.103', '2021-02-16 20:41:20');
INSERT INTO `sys_log` VALUES ('1361657051665018881', '1', 'admin', '用户管理-新增用户', '55', 'com.company.project.controller.UserController.addUser()', '[{\"createId\":\"1\",\"createTime\":1613479314080,\"createWhere\":1,\"deleted\":1,\"deptId\":\"1331121936392425474\",\"deptName\":\"小学部\",\"email\":\"\",\"id\":\"1361657051421749249\",\"major\":\"\",\"password\":\"a42e0d50a93fd405035fdec672b83c2c\",\"phone\":\"\",\"qualificationImg\":\"\",\"realName\":\"黄圣依\",\"salt\":\"4f8f080b8bb44df88b1b\",\"sex\":2,\"status\":1,\"university\":\"\",\"updateId\":\"1\",\"updateTime\":1613479314080,\"username\":\"lx002\"}]', '192.168.0.103', '2021-02-16 20:41:54');
INSERT INTO `sys_log` VALUES ('1361657052264804353', '1', 'admin', '用户管理-分页获取用户列表', '77', 'com.company.project.controller.UserController.pageInfo()', '[{\"deptNo\":\"D000003\",\"username\":\"\"}]', '192.168.0.103', '2021-02-16 20:41:54');
INSERT INTO `sys_log` VALUES ('1361657061186088962', '1', 'admin', '用户管理-赋予角色-获取所有角色接口', '4', 'com.company.project.controller.UserController.getUserOwnRole()', '[\"1361657051421749249\"]', '192.168.0.103', '2021-02-16 20:41:56');
INSERT INTO `sys_log` VALUES ('1361657071755735041', '1', 'admin', '用户管理-赋予角色-用户赋予角色接口', '34', 'com.company.project.controller.UserController.setUserOwnRole()', '[\"1361657051421749249\",[\"1331087516021194754\"]]', '192.168.0.103', '2021-02-16 20:41:59');
INSERT INTO `sys_log` VALUES ('1361657072338743297', '1', 'admin', '用户管理-分页获取用户列表', '109', 'com.company.project.controller.UserController.pageInfo()', '[{\"deptNo\":\"D000003\",\"username\":\"\"}]', '192.168.0.103', '2021-02-16 20:41:59');
INSERT INTO `sys_log` VALUES ('1361657101925363713', '1', 'admin', '用户管理-分页获取用户列表', '15', 'com.company.project.controller.UserController.pageInfo()', '[{\"deptNo\":\"D000003\",\"username\":\"\"}]', '192.168.0.103', '2021-02-16 20:42:06');
INSERT INTO `sys_log` VALUES ('1361657110423023618', '1', 'admin', '用户管理-分页获取用户列表', '54', 'com.company.project.controller.UserController.pageInfo()', '[{\"deptNo\":\"D000003\",\"username\":\"\"}]', '192.168.0.103', '2021-02-16 20:42:08');
INSERT INTO `sys_log` VALUES ('1361658405158531074', '1', 'admin', '用户管理-赋予角色-获取所有角色接口', '13', 'com.company.project.controller.UserController.getUserOwnRole()', '[\"1347029907218923522\"]', '192.168.0.103', '2021-02-16 20:47:17');
INSERT INTO `sys_log` VALUES ('1361658441850302466', '1', 'admin', '用户管理-更新用户信息', '55', 'com.company.project.controller.UserController.updateUserInfo()', '[{\"deptId\":\"1331121936392425474\",\"deptName\":\"小学部\",\"email\":\"\",\"id\":\"1347029907218923522\",\"major\":\"\",\"phone\":\"\",\"qualificationImg\":\"\",\"realName\":\"张信哲\",\"status\":1,\"university\":\"\",\"updateId\":\"1\",\"updateTime\":1613479645534,\"username\":\"10107\"}]', '192.168.0.103', '2021-02-16 20:47:26');
INSERT INTO `sys_log` VALUES ('1361658442307481601', '1', 'admin', '用户管理-分页获取用户列表', '57', 'com.company.project.controller.UserController.pageInfo()', '[{\"deptNo\":\"D000003\",\"username\":\"\"}]', '192.168.0.103', '2021-02-16 20:47:26');
INSERT INTO `sys_log` VALUES ('1361658490349039617', '1', 'admin', '用户管理-更新用户信息', '37', 'com.company.project.controller.UserController.updateUserInfo()', '[{\"deptId\":\"1331121936392425474\",\"deptName\":\"小学部\",\"email\":\"\",\"id\":\"1347029758249828353\",\"major\":\"\",\"phone\":\"\",\"qualificationImg\":\"\",\"realName\":\"张杰\",\"status\":1,\"university\":\"\",\"updateId\":\"1\",\"updateTime\":1613479657111,\"username\":\"10106\"}]', '192.168.0.103', '2021-02-16 20:47:37');
INSERT INTO `sys_log` VALUES ('1361658490785247233', '1', 'admin', '用户管理-分页获取用户列表', '51', 'com.company.project.controller.UserController.pageInfo()', '[{\"deptNo\":\"D000003\",\"username\":\"\"}]', '192.168.0.103', '2021-02-16 20:47:37');
INSERT INTO `sys_log` VALUES ('1361658541276278785', '1', 'admin', '用户管理-更新用户信息', '32', 'com.company.project.controller.UserController.updateUserInfo()', '[{\"deptId\":\"1331121936392425474\",\"deptName\":\"小学部\",\"email\":\"\",\"id\":\"1347029691988213762\",\"major\":\"\",\"phone\":\"\",\"qualificationImg\":\"\",\"realName\":\"谢娜\",\"sex\":1,\"status\":1,\"university\":\"\",\"updateId\":\"1\",\"updateTime\":1613479669256,\"username\":\"10105\"}]', '192.168.0.103', '2021-02-16 20:47:49');
INSERT INTO `sys_log` VALUES ('1361658541712486401', '1', 'admin', '用户管理-分页获取用户列表', '55', 'com.company.project.controller.UserController.pageInfo()', '[{\"deptNo\":\"D000003\",\"username\":\"\"}]', '192.168.0.103', '2021-02-16 20:47:49');
INSERT INTO `sys_log` VALUES ('1361658634230444034', '1', 'admin', '用户管理-更新用户信息', '33', 'com.company.project.controller.UserController.updateUserInfo()', '[{\"deptId\":\"1331121936392425474\",\"deptName\":\"小学部\",\"email\":\"\",\"id\":\"1347029568935723009\",\"major\":\"\",\"phone\":\"\",\"qualificationImg\":\"\",\"realName\":\"余文乐\",\"sex\":1,\"status\":1,\"university\":\"\",\"updateId\":\"1\",\"updateTime\":1613479691418,\"username\":\"10104\"}]', '192.168.0.103', '2021-02-16 20:48:11');
INSERT INTO `sys_log` VALUES ('1361658634687623170', '1', 'admin', '用户管理-分页获取用户列表', '57', 'com.company.project.controller.UserController.pageInfo()', '[{\"deptNo\":\"D000003\",\"username\":\"\"}]', '192.168.0.103', '2021-02-16 20:48:12');
INSERT INTO `sys_log` VALUES ('1361658786676617217', '1', 'admin', '用户管理-更新用户信息', '44', 'com.company.project.controller.UserController.updateUserInfo()', '[{\"deptId\":\"1331121936392425474\",\"deptName\":\"小学部\",\"email\":\"\",\"id\":\"1347029461406351361\",\"major\":\"\",\"phone\":\"\",\"qualificationImg\":\"\",\"realName\":\"张韶涵\",\"status\":1,\"university\":\"\",\"updateId\":\"1\",\"updateTime\":1613479727762,\"username\":\"10103\"}]', '192.168.0.103', '2021-02-16 20:48:48');
INSERT INTO `sys_log` VALUES ('1361658787112824833', '1', 'admin', '用户管理-分页获取用户列表', '52', 'com.company.project.controller.UserController.pageInfo()', '[{\"deptNo\":\"D000003\",\"username\":\"\"}]', '192.168.0.103', '2021-02-16 20:48:48');
INSERT INTO `sys_log` VALUES ('1361658865701498881', '1', 'admin', '用户管理-更新用户信息', '29', 'com.company.project.controller.UserController.updateUserInfo()', '[{\"deptId\":\"1331121936392425474\",\"deptName\":\"小学部\",\"email\":\"\",\"id\":\"1347029397187362817\",\"major\":\"\",\"phone\":\"\",\"qualificationImg\":\"\",\"realName\":\"张晋\",\"status\":1,\"university\":\"\",\"updateId\":\"1\",\"updateTime\":1613479746607,\"username\":\"10102\"}]', '192.168.0.103', '2021-02-16 20:49:07');
INSERT INTO `sys_log` VALUES ('1361658866137706497', '1', 'admin', '用户管理-分页获取用户列表', '55', 'com.company.project.controller.UserController.pageInfo()', '[{\"deptNo\":\"D000003\",\"username\":\"\"}]', '192.168.0.103', '2021-02-16 20:49:07');
INSERT INTO `sys_log` VALUES ('1361658914636443650', '1', 'admin', '用户管理-更新用户信息', '33', 'com.company.project.controller.UserController.updateUserInfo()', '[{\"deptId\":\"1331121936392425474\",\"deptName\":\"小学部\",\"email\":\"\",\"id\":\"1347029303025238018\",\"major\":\"\",\"phone\":\"\",\"qualificationImg\":\"\",\"realName\":\"周冬雨\",\"status\":1,\"university\":\"\",\"updateId\":\"1\",\"updateTime\":1613479758272,\"username\":\"10101\"}]', '192.168.0.103', '2021-02-16 20:49:18');
INSERT INTO `sys_log` VALUES ('1361658915206868993', '1', 'admin', '用户管理-分页获取用户列表', '67', 'com.company.project.controller.UserController.pageInfo()', '[{\"deptNo\":\"D000003\",\"username\":\"\"}]', '192.168.0.103', '2021-02-16 20:49:18');
INSERT INTO `sys_log` VALUES ('1361659072963031042', '1', 'admin', '用户管理-新增用户', '40', 'com.company.project.controller.UserController.addUser()', '[{\"createId\":\"1\",\"createTime\":1613479796011,\"createWhere\":1,\"deleted\":1,\"deptId\":\"1331121936392425474\",\"deptName\":\"小学部\",\"email\":\"\",\"id\":\"1361659072786870273\",\"major\":\"\",\"password\":\"bd958189f31d86cb3a63d070e7378732\",\"phone\":\"\",\"qualificationImg\":\"\",\"realName\":\"周星驰\",\"salt\":\"a072d464f4374341b7c7\",\"sex\":2,\"status\":1,\"university\":\"\",\"updateId\":\"1\",\"updateTime\":1613479796011,\"username\":\"lx003\"}]', '192.168.0.103', '2021-02-16 20:49:56');
INSERT INTO `sys_log` VALUES ('1361659073478930433', '1', 'admin', '用户管理-分页获取用户列表', '70', 'com.company.project.controller.UserController.pageInfo()', '[{\"deptNo\":\"D000003\",\"username\":\"\"}]', '192.168.0.103', '2021-02-16 20:49:56');
INSERT INTO `sys_log` VALUES ('1361659090176454658', '1', 'admin', '用户管理-赋予角色-获取所有角色接口', '4', 'com.company.project.controller.UserController.getUserOwnRole()', '[\"1361659072786870273\"]', '192.168.0.103', '2021-02-16 20:50:00');
INSERT INTO `sys_log` VALUES ('1361659100578328578', '1', 'admin', '用户管理-赋予角色-用户赋予角色接口', '35', 'com.company.project.controller.UserController.setUserOwnRole()', '[\"1361659072786870273\",[\"1331087516021194754\"]]', '192.168.0.103', '2021-02-16 20:50:03');
INSERT INTO `sys_log` VALUES ('1361659100939038721', '1', 'admin', '用户管理-分页获取用户列表', '56', 'com.company.project.controller.UserController.pageInfo()', '[{\"deptNo\":\"D000003\",\"username\":\"\"}]', '192.168.0.103', '2021-02-16 20:50:03');
INSERT INTO `sys_log` VALUES ('1361659222074732545', '1', 'admin', '用户管理-新增用户', '34', 'com.company.project.controller.UserController.addUser()', '[{\"createId\":\"1\",\"createTime\":1613479831566,\"createWhere\":1,\"deleted\":1,\"deptId\":\"1331121936392425474\",\"deptName\":\"\",\"email\":\"\",\"id\":\"1361659221915348994\",\"major\":\"\",\"password\":\"0aa3ebcab6e5c5ad4a2b9a2b714c3b49\",\"phone\":\"\",\"qualificationImg\":\"\",\"realName\":\"甄子丹\",\"salt\":\"7266f8e60f064c0f9ef7\",\"sex\":2,\"status\":1,\"university\":\"\",\"updateId\":\"1\",\"updateTime\":1613479831566,\"username\":\"lx004\"}]', '192.168.0.103', '2021-02-16 20:50:32');
INSERT INTO `sys_log` VALUES ('1361659222565466114', '1', 'admin', '用户管理-分页获取用户列表', '68', 'com.company.project.controller.UserController.pageInfo()', '[{\"deptNo\":\"D000003\",\"username\":\"\"}]', '192.168.0.103', '2021-02-16 20:50:32');
INSERT INTO `sys_log` VALUES ('1361659238424129537', '1', 'admin', '用户管理-赋予角色-获取所有角色接口', '3', 'com.company.project.controller.UserController.getUserOwnRole()', '[\"1361659221915348994\"]', '192.168.0.103', '2021-02-16 20:50:36');
INSERT INTO `sys_log` VALUES ('1361659249035718658', '1', 'admin', '用户管理-赋予角色-用户赋予角色接口', '32', 'com.company.project.controller.UserController.setUserOwnRole()', '[\"1361659221915348994\",[\"1331087516021194754\"]]', '192.168.0.103', '2021-02-16 20:50:38');
INSERT INTO `sys_log` VALUES ('1361659249409011713', '1', 'admin', '用户管理-分页获取用户列表', '56', 'com.company.project.controller.UserController.pageInfo()', '[{\"deptNo\":\"D000003\",\"username\":\"\"}]', '192.168.0.103', '2021-02-16 20:50:38');
INSERT INTO `sys_log` VALUES ('1361659438886694913', '1', 'admin', '用户管理-新增用户', '35', 'com.company.project.controller.UserController.addUser()', '[{\"createId\":\"1\",\"createTime\":1613479883260,\"createWhere\":1,\"deleted\":1,\"deptId\":\"1331121936392425474\",\"deptName\":\"\",\"email\":\"\",\"id\":\"1361659438731505666\",\"major\":\"\",\"password\":\"0ca084799df68f2cefd88f798b78d996\",\"phone\":\"\",\"qualificationImg\":\"\",\"realName\":\"王菲\",\"salt\":\"ab13381d6beb46278cd5\",\"sex\":2,\"status\":1,\"university\":\"\",\"updateId\":\"1\",\"updateTime\":1613479883260,\"username\":\"lx005\"}]', '192.168.0.103', '2021-02-16 20:51:23');
INSERT INTO `sys_log` VALUES ('1361659439314513921', '1', 'admin', '用户管理-分页获取用户列表', '50', 'com.company.project.controller.UserController.pageInfo()', '[{\"deptNo\":\"D000003\",\"username\":\"\"}]', '192.168.0.103', '2021-02-16 20:51:23');
INSERT INTO `sys_log` VALUES ('1361659445819879426', '1', 'admin', '用户管理-赋予角色-获取所有角色接口', '4', 'com.company.project.controller.UserController.getUserOwnRole()', '[\"1361659438731505666\"]', '192.168.0.103', '2021-02-16 20:51:25');
INSERT INTO `sys_log` VALUES ('1361659454804078593', '1', 'admin', '用户管理-赋予角色-用户赋予角色接口', '35', 'com.company.project.controller.UserController.setUserOwnRole()', '[\"1361659438731505666\",[\"1331087516021194754\"]]', '192.168.0.103', '2021-02-16 20:51:27');
INSERT INTO `sys_log` VALUES ('1361659455173177345', '1', 'admin', '用户管理-分页获取用户列表', '56', 'com.company.project.controller.UserController.pageInfo()', '[{\"deptNo\":\"D000003\",\"username\":\"\"}]', '192.168.0.103', '2021-02-16 20:51:27');
INSERT INTO `sys_log` VALUES ('1361659512408649730', '1', 'admin', '用户管理-新增用户', '34', 'com.company.project.controller.UserController.addUser()', '[{\"createId\":\"1\",\"createTime\":1613479900789,\"createWhere\":1,\"deleted\":1,\"deptId\":\"1331121936392425474\",\"deptName\":\"\",\"email\":\"\",\"id\":\"1361659512253460482\",\"major\":\"\",\"password\":\"22bef62b78b6de864f71c86281b5e456\",\"phone\":\"\",\"qualificationImg\":\"\",\"realName\":\"谢霆锋\",\"salt\":\"ec286fa5ba594f65a87c\",\"sex\":2,\"status\":1,\"university\":\"\",\"updateId\":\"1\",\"updateTime\":1613479900789,\"username\":\"lx006\"}]', '192.168.0.103', '2021-02-16 20:51:41');
INSERT INTO `sys_log` VALUES ('1361659512865828865', '1', 'admin', '用户管理-分页获取用户列表', '55', 'com.company.project.controller.UserController.pageInfo()', '[{\"deptNo\":\"D000003\",\"username\":\"\"}]', '192.168.0.103', '2021-02-16 20:51:41');
INSERT INTO `sys_log` VALUES ('1361659520474296321', '1', 'admin', '用户管理-赋予角色-获取所有角色接口', '2', 'com.company.project.controller.UserController.getUserOwnRole()', '[\"1361659512253460482\"]', '192.168.0.103', '2021-02-16 20:51:43');
INSERT INTO `sys_log` VALUES ('1361659528753852418', '1', 'admin', '用户管理-赋予角色-用户赋予角色接口', '34', 'com.company.project.controller.UserController.setUserOwnRole()', '[\"1361659512253460482\",[\"1331087516021194754\"]]', '192.168.0.103', '2021-02-16 20:51:45');
INSERT INTO `sys_log` VALUES ('1361659529139728386', '1', 'admin', '用户管理-分页获取用户列表', '54', 'com.company.project.controller.UserController.pageInfo()', '[{\"deptNo\":\"D000003\",\"username\":\"\"}]', '192.168.0.103', '2021-02-16 20:51:45');
INSERT INTO `sys_log` VALUES ('1361663469646393346', '1', 'admin', '用户管理-新增用户', '54', 'com.company.project.controller.UserController.addUser()', '[{\"createId\":\"1\",\"createTime\":1613480844254,\"createWhere\":1,\"deleted\":1,\"deptId\":\"1331121936392425474\",\"deptName\":\"\",\"email\":\"\",\"id\":\"1361663469436678145\",\"major\":\"\",\"password\":\"d3749e52a96592de7543cfa97d6706be\",\"phone\":\"\",\"qualificationImg\":\"\",\"realName\":\"赵文卓\",\"salt\":\"059da086221e4723927b\",\"sex\":2,\"status\":1,\"university\":\"\",\"updateId\":\"1\",\"updateTime\":1613480844254,\"username\":\"lx007\"}]', '192.168.0.103', '2021-02-16 21:07:24');
INSERT INTO `sys_log` VALUES ('1361663470065823746', '1', 'admin', '用户管理-分页获取用户列表', '49', 'com.company.project.controller.UserController.pageInfo()', '[{\"deptNo\":\"D000003\",\"username\":\"\"}]', '192.168.0.103', '2021-02-16 21:07:24');
INSERT INTO `sys_log` VALUES ('1361663482644541441', '1', 'admin', '用户管理-赋予角色-获取所有角色接口', '5', 'com.company.project.controller.UserController.getUserOwnRole()', '[\"1361663469436678145\"]', '192.168.0.103', '2021-02-16 21:07:27');
INSERT INTO `sys_log` VALUES ('1361663516358356994', '1', 'admin', '用户管理-赋予角色-用户赋予角色接口', '39', 'com.company.project.controller.UserController.setUserOwnRole()', '[\"1361663469436678145\",[\"1331087516021194754\"]]', '192.168.0.103', '2021-02-16 21:07:35');
INSERT INTO `sys_log` VALUES ('1361663516727455745', '1', 'admin', '用户管理-分页获取用户列表', '56', 'com.company.project.controller.UserController.pageInfo()', '[{\"deptNo\":\"D000003\",\"username\":\"\"}]', '192.168.0.103', '2021-02-16 21:07:36');
INSERT INTO `sys_log` VALUES ('1361663637041065985', '1', 'admin', '用户管理-新增用户', '48', 'com.company.project.controller.UserController.addUser()', '[{\"createId\":\"1\",\"createTime\":1613480884163,\"createWhere\":1,\"deleted\":1,\"deptId\":\"1331121936392425474\",\"deptName\":\"\",\"email\":\"\",\"id\":\"1361663636822962178\",\"major\":\"\",\"password\":\"abf32c3b794a5b7f7ea87bfb19b8938a\",\"phone\":\"\",\"qualificationImg\":\"\",\"realName\":\"赵英俊\",\"salt\":\"20bcbaca3dc84204b7d2\",\"sex\":2,\"status\":1,\"university\":\"\",\"updateId\":\"1\",\"updateTime\":1613480884163,\"username\":\"lx008\"}]', '192.168.0.103', '2021-02-16 21:08:04');
INSERT INTO `sys_log` VALUES ('1361663637468884994', '1', 'admin', '用户管理-分页获取用户列表', '52', 'com.company.project.controller.UserController.pageInfo()', '[{\"deptNo\":\"D000003\",\"username\":\"\"}]', '192.168.0.103', '2021-02-16 21:08:04');
INSERT INTO `sys_log` VALUES ('1361663644708253698', '1', 'admin', '用户管理-赋予角色-获取所有角色接口', '3', 'com.company.project.controller.UserController.getUserOwnRole()', '[\"1361663636822962178\"]', '192.168.0.103', '2021-02-16 21:08:06');
INSERT INTO `sys_log` VALUES ('1361663658457182209', '1', 'admin', '用户管理-赋予角色-用户赋予角色接口', '73', 'com.company.project.controller.UserController.setUserOwnRole()', '[\"1361663636822962178\",[\"1331087516021194754\"]]', '192.168.0.103', '2021-02-16 21:08:09');
INSERT INTO `sys_log` VALUES ('1361663658834669569', '1', 'admin', '用户管理-分页获取用户列表', '52', 'com.company.project.controller.UserController.pageInfo()', '[{\"deptNo\":\"D000003\",\"username\":\"\"}]', '192.168.0.103', '2021-02-16 21:08:09');
INSERT INTO `sys_log` VALUES ('1361663771640475650', '1', 'admin', '用户管理-新增用户', '37', 'com.company.project.controller.UserController.addUser()', '[{\"createId\":\"1\",\"createTime\":1613480916266,\"createWhere\":1,\"deleted\":1,\"deptId\":\"1331121936392425474\",\"deptName\":\"\",\"email\":\"\",\"id\":\"1361663771472703489\",\"major\":\"\",\"password\":\"d93cb97d6d8a3a06d80b8a810352a07d\",\"phone\":\"\",\"qualificationImg\":\"\",\"realName\":\"周润发\",\"salt\":\"c5498c904abf476a94f8\",\"sex\":2,\"status\":1,\"university\":\"\",\"updateId\":\"1\",\"updateTime\":1613480916266,\"username\":\"lx009\"}]', '192.168.0.103', '2021-02-16 21:08:36');
INSERT INTO `sys_log` VALUES ('1361663772072488962', '1', 'admin', '用户管理-分页获取用户列表', '49', 'com.company.project.controller.UserController.pageInfo()', '[{\"deptNo\":\"D000003\",\"username\":\"\"}]', '192.168.0.103', '2021-02-16 21:08:36');
INSERT INTO `sys_log` VALUES ('1361663797108289538', '1', 'admin', '用户管理-分页获取用户列表', '14', 'com.company.project.controller.UserController.pageInfo()', '[{\"deptNo\":\"D000002\",\"username\":\"\"}]', '192.168.0.103', '2021-02-16 21:08:42');
INSERT INTO `sys_log` VALUES ('1361664147970207746', '1', 'admin', '用户管理-新增用户', '69', 'com.company.project.controller.UserController.addUser()', '[{\"createId\":\"1\",\"createTime\":1613481005964,\"createWhere\":1,\"deleted\":1,\"deptId\":\"1331121936392425474\",\"deptName\":\"\",\"email\":\"\",\"id\":\"1361664147697577985\",\"major\":\"\",\"password\":\"a6a3e1f547a44f96baea3997d5c55eea\",\"phone\":\"\",\"qualificationImg\":\"\",\"realName\":\"刘德华\",\"salt\":\"13bdb30546984b55a3f3\",\"sex\":2,\"status\":1,\"university\":\"\",\"updateId\":\"1\",\"updateTime\":1613481005964,\"username\":\"lx010\"}]', '192.168.0.103', '2021-02-16 21:10:06');
INSERT INTO `sys_log` VALUES ('1361664148268003330', '1', 'admin', '用户管理-分页获取用户列表', '14', 'com.company.project.controller.UserController.pageInfo()', '[{\"deptNo\":\"D000002\",\"username\":\"\"}]', '192.168.0.103', '2021-02-16 21:10:06');
INSERT INTO `sys_log` VALUES ('1361664185861550081', '1', 'admin', '用户管理-分页获取用户列表', '56', 'com.company.project.controller.UserController.pageInfo()', '[{\"deptNo\":\"D000003\",\"username\":\"\"}]', '192.168.0.103', '2021-02-16 21:10:15');
INSERT INTO `sys_log` VALUES ('1361664305990610945', '1', 'admin', '用户管理-赋予角色-获取所有角色接口', '4', 'com.company.project.controller.UserController.getUserOwnRole()', '[\"1361663771472703489\"]', '192.168.0.103', '2021-02-16 21:10:44');
INSERT INTO `sys_log` VALUES ('1361664316656726018', '1', 'admin', '用户管理-赋予角色-用户赋予角色接口', '54', 'com.company.project.controller.UserController.setUserOwnRole()', '[\"1361663771472703489\",[\"1331087516021194754\"]]', '192.168.0.103', '2021-02-16 21:10:46');
INSERT INTO `sys_log` VALUES ('1361664317021630466', '1', 'admin', '用户管理-分页获取用户列表', '52', 'com.company.project.controller.UserController.pageInfo()', '[{\"deptNo\":\"D000003\",\"username\":\"\"}]', '192.168.0.103', '2021-02-16 21:10:46');
INSERT INTO `sys_log` VALUES ('1361664324542017537', '1', 'admin', '用户管理-赋予角色-获取所有角色接口', '3', 'com.company.project.controller.UserController.getUserOwnRole()', '[\"1361664147697577985\"]', '192.168.0.103', '2021-02-16 21:10:48');
INSERT INTO `sys_log` VALUES ('1361664335174578177', '1', 'admin', '用户管理-赋予角色-用户赋予角色接口', '37', 'com.company.project.controller.UserController.setUserOwnRole()', '[\"1361664147697577985\",[\"1331087516021194754\"]]', '192.168.0.103', '2021-02-16 21:10:51');
INSERT INTO `sys_log` VALUES ('1361664335589814274', '1', 'admin', '用户管理-分页获取用户列表', '61', 'com.company.project.controller.UserController.pageInfo()', '[{\"deptNo\":\"D000003\",\"username\":\"\"}]', '192.168.0.103', '2021-02-16 21:10:51');
INSERT INTO `sys_log` VALUES ('1361664373082697729', '1', 'admin', '用户管理-更新用户信息', '50', 'com.company.project.controller.UserController.updateUserInfo()', '[{\"deptId\":\"1331121875856035841\",\"deptName\":\"初中部\",\"email\":\"\",\"id\":\"1361664147697577985\",\"major\":\"\",\"phone\":\"\",\"qualificationImg\":\"\",\"realName\":\"刘德华\",\"status\":1,\"university\":\"\",\"updateId\":\"1\",\"updateTime\":1613481059660,\"username\":\"lx010\"}]', '192.168.0.103', '2021-02-16 21:11:00');
INSERT INTO `sys_log` VALUES ('1361664373510516738', '1', 'admin', '用户管理-分页获取用户列表', '53', 'com.company.project.controller.UserController.pageInfo()', '[{\"deptNo\":\"D000003\",\"username\":\"\"}]', '192.168.0.103', '2021-02-16 21:11:00');
INSERT INTO `sys_log` VALUES ('1361664481354461185', '1', 'admin', '用户管理-新增用户', '42', 'com.company.project.controller.UserController.addUser()', '[{\"createId\":\"1\",\"createTime\":1613481085471,\"createWhere\":1,\"deleted\":1,\"deptId\":\"1331121875856035841\",\"deptName\":\"初中部\",\"email\":\"\",\"id\":\"1361664481169911810\",\"major\":\"\",\"password\":\"9d8b9026078ed6783f091a17973e9f64\",\"phone\":\"\",\"qualificationImg\":\"\",\"realName\":\"周芷若\",\"salt\":\"3cd4d9d81f0a419bba52\",\"sex\":2,\"status\":1,\"university\":\"\",\"updateId\":\"1\",\"updateTime\":1613481085471,\"username\":\"lx011\"}]', '192.168.0.103', '2021-02-16 21:11:26');
INSERT INTO `sys_log` VALUES ('1361664482008772610', '1', 'admin', '用户管理-分页获取用户列表', '63', 'com.company.project.controller.UserController.pageInfo()', '[{\"deptNo\":\"D000003\",\"username\":\"\"}]', '192.168.0.103', '2021-02-16 21:11:26');
INSERT INTO `sys_log` VALUES ('1361664489566908418', '1', 'admin', '用户管理-分页获取用户列表', '20', 'com.company.project.controller.UserController.pageInfo()', '[{\"deptNo\":\"D000002\",\"username\":\"\"}]', '192.168.0.103', '2021-02-16 21:11:27');
INSERT INTO `sys_log` VALUES ('1361664499297693698', '1', 'admin', '用户管理-赋予角色-获取所有角色接口', '4', 'com.company.project.controller.UserController.getUserOwnRole()', '[\"1361664481169911810\"]', '192.168.0.103', '2021-02-16 21:11:30');
INSERT INTO `sys_log` VALUES ('1361664509737316354', '1', 'admin', '用户管理-赋予角色-用户赋予角色接口', '38', 'com.company.project.controller.UserController.setUserOwnRole()', '[\"1361664481169911810\",[\"1331087516021194754\"]]', '192.168.0.103', '2021-02-16 21:11:32');
INSERT INTO `sys_log` VALUES ('1361664509955420161', '1', 'admin', '用户管理-分页获取用户列表', '21', 'com.company.project.controller.UserController.pageInfo()', '[{\"deptNo\":\"D000002\",\"username\":\"\"}]', '192.168.0.103', '2021-02-16 21:11:32');
INSERT INTO `sys_log` VALUES ('1361664570135293954', '1', 'admin', '用户管理-更新用户信息', '41', 'com.company.project.controller.UserController.updateUserInfo()', '[{\"deptId\":\"1331121875856035841\",\"deptName\":\"初中部\",\"email\":\"\",\"id\":\"1347029956531355649\",\"major\":\"\",\"phone\":\"\",\"qualificationImg\":\"\",\"realName\":\"梅超风\",\"status\":1,\"university\":\"\",\"updateId\":\"1\",\"updateTime\":1613481106640,\"username\":\"10108\"}]', '192.168.0.103', '2021-02-16 21:11:47');
INSERT INTO `sys_log` VALUES ('1361664570395340801', '1', 'admin', '用户管理-分页获取用户列表', '22', 'com.company.project.controller.UserController.pageInfo()', '[{\"deptNo\":\"D000002\",\"username\":\"\"}]', '192.168.0.103', '2021-02-16 21:11:47');
INSERT INTO `sys_log` VALUES ('1361664653467725826', '1', 'admin', '用户管理-新增用户', '73', 'com.company.project.controller.UserController.addUser()', '[{\"createId\":\"1\",\"createTime\":1613481126101,\"createWhere\":1,\"deleted\":1,\"deptId\":\"1331121875856035841\",\"deptName\":\"初中部\",\"email\":\"\",\"id\":\"1361664651475431425\",\"major\":\"\",\"password\":\"f8041de2d853b990d859e469cf50da81\",\"phone\":\"\",\"qualificationImg\":\"\",\"realName\":\"张无忌\",\"salt\":\"104ac9a892a64eab9dcf\",\"sex\":2,\"status\":1,\"university\":\"\",\"updateId\":\"1\",\"updateTime\":1613481126101,\"username\":\"lx012\"}]', '192.168.0.103', '2021-02-16 21:12:07');
INSERT INTO `sys_log` VALUES ('1361664653736161281', '1', 'admin', '用户管理-分页获取用户列表', '30', 'com.company.project.controller.UserController.pageInfo()', '[{\"deptNo\":\"D000002\",\"username\":\"\"}]', '192.168.0.103', '2021-02-16 21:12:07');
INSERT INTO `sys_log` VALUES ('1361664662175100930', '1', 'admin', '用户管理-赋予角色-获取所有角色接口', '4', 'com.company.project.controller.UserController.getUserOwnRole()', '[\"1361664651475431425\"]', '192.168.0.103', '2021-02-16 21:12:09');
INSERT INTO `sys_log` VALUES ('1361664672119795713', '1', 'admin', '用户管理-赋予角色-用户赋予角色接口', '36', 'com.company.project.controller.UserController.setUserOwnRole()', '[\"1361664651475431425\",[\"1331087516021194754\"]]', '192.168.0.103', '2021-02-16 21:12:11');
INSERT INTO `sys_log` VALUES ('1361664672430174210', '1', 'admin', '用户管理-分页获取用户列表', '41', 'com.company.project.controller.UserController.pageInfo()', '[{\"deptNo\":\"D000002\",\"username\":\"\"}]', '192.168.0.103', '2021-02-16 21:12:11');
INSERT INTO `sys_log` VALUES ('1361664758635704322', '1', 'admin', '用户管理-新增用户', '44', 'com.company.project.controller.UserController.addUser()', '[{\"createId\":\"1\",\"createTime\":1613481151576,\"createWhere\":1,\"deleted\":1,\"deptId\":\"1331121875856035841\",\"deptName\":\"初中部\",\"email\":\"\",\"id\":\"1361664758438572034\",\"major\":\"\",\"password\":\"26ef59f99587ba1130443ddeee8bcc71\",\"phone\":\"\",\"qualificationImg\":\"\",\"realName\":\"杨不悔\",\"salt\":\"7fba38599a2a4ef19371\",\"sex\":2,\"status\":1,\"university\":\"\",\"updateId\":\"1\",\"updateTime\":1613481151576,\"username\":\"lx013\"}]', '192.168.0.103', '2021-02-16 21:12:32');
INSERT INTO `sys_log` VALUES ('1361664758933499905', '1', 'admin', '用户管理-分页获取用户列表', '30', 'com.company.project.controller.UserController.pageInfo()', '[{\"deptNo\":\"D000002\",\"username\":\"\"}]', '192.168.0.103', '2021-02-16 21:12:32');
INSERT INTO `sys_log` VALUES ('1361664822032609281', '1', 'admin', '用户管理-新增用户', '39', 'com.company.project.controller.UserController.addUser()', '[{\"createId\":\"1\",\"createTime\":1613481166697,\"createWhere\":1,\"deleted\":1,\"deptId\":\"1331121875856035841\",\"deptName\":\"初中部\",\"email\":\"\",\"id\":\"1361664821860642817\",\"major\":\"\",\"password\":\"e079737b357b796ec29df8feb09e7703\",\"phone\":\"\",\"qualificationImg\":\"\",\"realName\":\"阳顶天\",\"salt\":\"a09a0686a7d8497681ee\",\"sex\":2,\"status\":1,\"university\":\"\",\"updateId\":\"1\",\"updateTime\":1613481166697,\"username\":\"lx014\"}]', '192.168.0.103', '2021-02-16 21:12:47');
INSERT INTO `sys_log` VALUES ('1361664822347182082', '1', 'admin', '用户管理-分页获取用户列表', '34', 'com.company.project.controller.UserController.pageInfo()', '[{\"deptNo\":\"D000002\",\"username\":\"\"}]', '192.168.0.103', '2021-02-16 21:12:47');
INSERT INTO `sys_log` VALUES ('1361664828709941249', '1', 'admin', '用户管理-赋予角色-获取所有角色接口', '5', 'com.company.project.controller.UserController.getUserOwnRole()', '[\"1361664821860642817\"]', '192.168.0.103', '2021-02-16 21:12:48');
INSERT INTO `sys_log` VALUES ('1361664839514468354', '1', 'admin', '用户管理-赋予角色-用户赋予角色接口', '43', 'com.company.project.controller.UserController.setUserOwnRole()', '[\"1361664821860642817\",[\"1331087516021194754\"]]', '192.168.0.103', '2021-02-16 21:12:51');
INSERT INTO `sys_log` VALUES ('1361664839816458242', '1', 'admin', '用户管理-分页获取用户列表', '39', 'com.company.project.controller.UserController.pageInfo()', '[{\"deptNo\":\"D000002\",\"username\":\"\"}]', '192.168.0.103', '2021-02-16 21:12:51');
INSERT INTO `sys_log` VALUES ('1361664844019150850', '1', 'admin', '用户管理-赋予角色-获取所有角色接口', '3', 'com.company.project.controller.UserController.getUserOwnRole()', '[\"1361664758438572034\"]', '192.168.0.103', '2021-02-16 21:12:52');
INSERT INTO `sys_log` VALUES ('1361664853645078529', '1', 'admin', '用户管理-赋予角色-用户赋予角色接口', '43', 'com.company.project.controller.UserController.setUserOwnRole()', '[\"1361664758438572034\",[\"1331087516021194754\"]]', '192.168.0.103', '2021-02-16 21:12:54');
INSERT INTO `sys_log` VALUES ('1361664853913513986', '1', 'admin', '用户管理-分页获取用户列表', '34', 'com.company.project.controller.UserController.pageInfo()', '[{\"deptNo\":\"D000002\",\"username\":\"\"}]', '192.168.0.103', '2021-02-16 21:12:54');
INSERT INTO `sys_log` VALUES ('1361664933823393793', '1', 'admin', '用户管理-新增用户', '45', 'com.company.project.controller.UserController.addUser()', '[{\"createId\":\"1\",\"createTime\":1613481193342,\"createWhere\":1,\"deleted\":1,\"deptId\":\"1331121875856035841\",\"deptName\":\"初中部\",\"email\":\"\",\"id\":\"1361664933613678594\",\"major\":\"\",\"password\":\"b7564923ae8f1ff36adf85e5d667e9db\",\"phone\":\"\",\"qualificationImg\":\"\",\"realName\":\"姜子牙\",\"salt\":\"a10ea1f3deba420b960a\",\"sex\":2,\"status\":1,\"university\":\"\",\"updateId\":\"1\",\"updateTime\":1613481193342,\"username\":\"lx015\"}]', '192.168.0.103', '2021-02-16 21:13:13');
INSERT INTO `sys_log` VALUES ('1361664934163132418', '1', 'admin', '用户管理-分页获取用户列表', '37', 'com.company.project.controller.UserController.pageInfo()', '[{\"deptNo\":\"D000002\",\"username\":\"\"}]', '192.168.0.103', '2021-02-16 21:13:13');
INSERT INTO `sys_log` VALUES ('1361665014395973634', '1', 'admin', '用户管理-新增用户', '41', 'com.company.project.controller.UserController.addUser()', '[{\"createId\":\"1\",\"createTime\":1613481212558,\"createWhere\":1,\"deleted\":1,\"deptId\":\"1331121875856035841\",\"deptName\":\"初中部\",\"email\":\"\",\"id\":\"1361665014207229953\",\"major\":\"\",\"password\":\"8611c0632aacf01d950139d302ff1385\",\"phone\":\"\",\"qualificationImg\":\"\",\"realName\":\"杨戬\",\"salt\":\"190add6d48ba4feab657\",\"sex\":2,\"status\":1,\"university\":\"\",\"updateId\":\"1\",\"updateTime\":1613481212558,\"username\":\"lx016\"}]', '192.168.0.103', '2021-02-16 21:13:33');
INSERT INTO `sys_log` VALUES ('1361665014752489473', '1', 'admin', '用户管理-分页获取用户列表', '42', 'com.company.project.controller.UserController.pageInfo()', '[{\"deptNo\":\"D000002\",\"username\":\"\"}]', '192.168.0.103', '2021-02-16 21:13:33');
INSERT INTO `sys_log` VALUES ('1361665022646169601', '1', 'admin', '用户管理-赋予角色-获取所有角色接口', '3', 'com.company.project.controller.UserController.getUserOwnRole()', '[\"1361664933613678594\"]', '192.168.0.103', '2021-02-16 21:13:35');
INSERT INTO `sys_log` VALUES ('1361665032083353601', '1', 'admin', '用户管理-赋予角色-用户赋予角色接口', '40', 'com.company.project.controller.UserController.setUserOwnRole()', '[\"1361664933613678594\",[\"1331087516021194754\"]]', '192.168.0.103', '2021-02-16 21:13:37');
INSERT INTO `sys_log` VALUES ('1361665032393732097', '1', 'admin', '用户管理-分页获取用户列表', '41', 'com.company.project.controller.UserController.pageInfo()', '[{\"deptNo\":\"D000002\",\"username\":\"\"}]', '192.168.0.103', '2021-02-16 21:13:37');
INSERT INTO `sys_log` VALUES ('1361665035895975938', '1', 'admin', '用户管理-赋予角色-获取所有角色接口', '3', 'com.company.project.controller.UserController.getUserOwnRole()', '[\"1361665014207229953\"]', '192.168.0.103', '2021-02-16 21:13:38');
INSERT INTO `sys_log` VALUES ('1361665045282828289', '1', 'admin', '用户管理-赋予角色-用户赋予角色接口', '43', 'com.company.project.controller.UserController.setUserOwnRole()', '[\"1361665014207229953\",[\"1331087516021194754\"]]', '192.168.0.103', '2021-02-16 21:13:40');
INSERT INTO `sys_log` VALUES ('1361665045626761218', '1', 'admin', '用户管理-分页获取用户列表', '42', 'com.company.project.controller.UserController.pageInfo()', '[{\"deptNo\":\"D000002\",\"username\":\"\"}]', '192.168.0.103', '2021-02-16 21:13:40');
INSERT INTO `sys_log` VALUES ('1361665123900862465', '1', 'admin', '用户管理-新增用户', '44', 'com.company.project.controller.UserController.addUser()', '[{\"createId\":\"1\",\"createTime\":1613481238664,\"createWhere\":1,\"deleted\":1,\"deptId\":\"1331121875856035841\",\"deptName\":\"初中部\",\"email\":\"\",\"id\":\"1361665123712118786\",\"major\":\"\",\"password\":\"939e1fc5d64c7f9bc9ae61abbe6327be\",\"phone\":\"\",\"qualificationImg\":\"\",\"realName\":\"哪吒\",\"salt\":\"ac90ac18adf4495da02c\",\"sex\":2,\"status\":1,\"university\":\"\",\"updateId\":\"1\",\"updateTime\":1613481238664,\"username\":\"lx017\"}]', '192.168.0.103', '2021-02-16 21:13:59');
INSERT INTO `sys_log` VALUES ('1361665124286738434', '1', 'admin', '用户管理-分页获取用户列表', '47', 'com.company.project.controller.UserController.pageInfo()', '[{\"deptNo\":\"D000002\",\"username\":\"\"}]', '192.168.0.103', '2021-02-16 21:13:59');
INSERT INTO `sys_log` VALUES ('1361665132109115394', '1', 'admin', '用户管理-赋予角色-获取所有角色接口', '4', 'com.company.project.controller.UserController.getUserOwnRole()', '[\"1361665123712118786\"]', '192.168.0.103', '2021-02-16 21:14:01');
INSERT INTO `sys_log` VALUES ('1361665141806346242', '1', 'admin', '用户管理-赋予角色-用户赋予角色接口', '40', 'com.company.project.controller.UserController.setUserOwnRole()', '[\"1361665123712118786\",[\"1331087516021194754\"]]', '192.168.0.103', '2021-02-16 21:14:03');
INSERT INTO `sys_log` VALUES ('1361665142141890562', '1', 'admin', '用户管理-分页获取用户列表', '51', 'com.company.project.controller.UserController.pageInfo()', '[{\"deptNo\":\"D000002\",\"username\":\"\"}]', '192.168.0.103', '2021-02-16 21:14:03');
INSERT INTO `sys_log` VALUES ('1361665255316795394', '1', 'admin', '用户管理-新增用户', '69', 'com.company.project.controller.UserController.addUser()', '[{\"createId\":\"1\",\"createTime\":1613481269967,\"createWhere\":1,\"deleted\":1,\"deptId\":\"1331121875856035841\",\"deptName\":\"\",\"email\":\"\",\"id\":\"1361665255002222593\",\"major\":\"\",\"password\":\"07aa0e287f9499f0fffc3c6e5efa85da\",\"phone\":\"\",\"qualificationImg\":\"\",\"realName\":\"王朝\",\"salt\":\"31dc23c257b949e69310\",\"sex\":2,\"status\":1,\"university\":\"\",\"updateId\":\"1\",\"updateTime\":1613481269967,\"username\":\"lx019\"}]', '192.168.0.103', '2021-02-16 21:14:30');
INSERT INTO `sys_log` VALUES ('1361665255748808705', '1', 'admin', '用户管理-分页获取用户列表', '57', 'com.company.project.controller.UserController.pageInfo()', '[{\"deptNo\":\"D000002\",\"username\":\"\"}]', '192.168.0.103', '2021-02-16 21:14:30');
INSERT INTO `sys_log` VALUES ('1361665264766562306', '1', 'admin', '用户管理-赋予角色-获取所有角色接口', '2', 'com.company.project.controller.UserController.getUserOwnRole()', '[\"1361665255002222593\"]', '192.168.0.103', '2021-02-16 21:14:32');
INSERT INTO `sys_log` VALUES ('1361665274107277314', '1', 'admin', '用户管理-赋予角色-用户赋予角色接口', '50', 'com.company.project.controller.UserController.setUserOwnRole()', '[\"1361665255002222593\",[\"1331087516021194754\"]]', '192.168.0.103', '2021-02-16 21:14:35');
INSERT INTO `sys_log` VALUES ('1361665274467987458', '1', 'admin', '用户管理-分页获取用户列表', '52', 'com.company.project.controller.UserController.pageInfo()', '[{\"deptNo\":\"D000002\",\"username\":\"\"}]', '192.168.0.103', '2021-02-16 21:14:35');
INSERT INTO `sys_log` VALUES ('1361665323981746178', '1', 'admin', '用户管理-新增用户', '41', 'com.company.project.controller.UserController.addUser()', '[{\"createId\":\"1\",\"createTime\":1613481286369,\"createWhere\":1,\"deleted\":1,\"deptId\":\"1331121875856035841\",\"deptName\":\"\",\"email\":\"\",\"id\":\"1361665323801391105\",\"major\":\"\",\"password\":\"265482718a5911bc86fca45ca801bfb5\",\"phone\":\"\",\"qualificationImg\":\"\",\"realName\":\"马汉\",\"salt\":\"c9cbd1d8dec2441d8819\",\"sex\":2,\"status\":1,\"university\":\"\",\"updateId\":\"1\",\"updateTime\":1613481286369,\"username\":\"lx020\"}]', '192.168.0.103', '2021-02-16 21:14:46');
INSERT INTO `sys_log` VALUES ('1361665324409565186', '1', 'admin', '用户管理-分页获取用户列表', '50', 'com.company.project.controller.UserController.pageInfo()', '[{\"deptNo\":\"D000002\",\"username\":\"\"}]', '192.168.0.103', '2021-02-16 21:14:47');
INSERT INTO `sys_log` VALUES ('1361665330625523714', '1', 'admin', '用户管理-赋予角色-获取所有角色接口', '3', 'com.company.project.controller.UserController.getUserOwnRole()', '[\"1361665323801391105\"]', '192.168.0.103', '2021-02-16 21:14:48');
INSERT INTO `sys_log` VALUES ('1361665341283250178', '1', 'admin', '用户管理-赋予角色-用户赋予角色接口', '41', 'com.company.project.controller.UserController.setUserOwnRole()', '[\"1361665323801391105\",[\"1331087516021194754\"]]', '192.168.0.103', '2021-02-16 21:14:51');
INSERT INTO `sys_log` VALUES ('1361665341639766017', '1', 'admin', '用户管理-分页获取用户列表', '51', 'com.company.project.controller.UserController.pageInfo()', '[{\"deptNo\":\"D000002\",\"username\":\"\"}]', '192.168.0.103', '2021-02-16 21:14:51');
INSERT INTO `sys_log` VALUES ('1361665450658115585', '1', 'admin', '用户管理-新增用户', '51', 'com.company.project.controller.UserController.addUser()', '[{\"createId\":\"1\",\"createTime\":1613481316560,\"createWhere\":1,\"deleted\":1,\"deptId\":\"1331121875856035841\",\"deptName\":\"\",\"email\":\"\",\"id\":\"1361665450431623169\",\"major\":\"\",\"password\":\"656a25cac167d227a69e552a6b9a30e9\",\"phone\":\"\",\"qualificationImg\":\"\",\"realName\":\"展昭\",\"salt\":\"bc7cb4f536f84bb6ac5e\",\"sex\":2,\"status\":1,\"university\":\"\",\"updateId\":\"1\",\"updateTime\":1613481316560,\"username\":\"lx021\"}]', '192.168.0.103', '2021-02-16 21:15:17');
INSERT INTO `sys_log` VALUES ('1361665451077545985', '1', 'admin', '用户管理-分页获取用户列表', '50', 'com.company.project.controller.UserController.pageInfo()', '[{\"deptNo\":\"D000002\",\"username\":\"\"}]', '192.168.0.103', '2021-02-16 21:15:17');
INSERT INTO `sys_log` VALUES ('1361665457519996929', '1', 'admin', '用户管理-赋予角色-获取所有角色接口', '7', 'com.company.project.controller.UserController.getUserOwnRole()', '[\"1361665450431623169\"]', '192.168.0.103', '2021-02-16 21:15:18');
INSERT INTO `sys_log` VALUES ('1361665466894266369', '1', 'admin', '用户管理-赋予角色-用户赋予角色接口', '43', 'com.company.project.controller.UserController.setUserOwnRole()', '[\"1361665450431623169\",[\"1331087516021194754\"]]', '192.168.0.103', '2021-02-16 21:15:20');
INSERT INTO `sys_log` VALUES ('1361665467238199298', '1', 'admin', '用户管理-分页获取用户列表', '53', 'com.company.project.controller.UserController.pageInfo()', '[{\"deptNo\":\"D000002\",\"username\":\"\"}]', '192.168.0.103', '2021-02-16 21:15:21');
INSERT INTO `sys_log` VALUES ('1361665546145640449', '1', 'admin', '用户管理-新增用户', '52', 'com.company.project.controller.UserController.addUser()', '[{\"createId\":\"1\",\"createTime\":1613481339328,\"createWhere\":1,\"deleted\":1,\"deptId\":\"1331121875856035841\",\"deptName\":\"\",\"email\":\"\",\"id\":\"1361665545919148034\",\"major\":\"\",\"password\":\"77f1d2b432e9a5a598faca3903f47741\",\"phone\":\"\",\"qualificationImg\":\"\",\"realName\":\"杨过\",\"salt\":\"1e6404fd1b4d43628ebf\",\"sex\":2,\"status\":1,\"university\":\"\",\"updateId\":\"1\",\"updateTime\":1613481339328,\"username\":\"lx022\"}]', '192.168.0.103', '2021-02-16 21:15:39');
INSERT INTO `sys_log` VALUES ('1361665546560876545', '1', 'admin', '用户管理-分页获取用户列表', '46', 'com.company.project.controller.UserController.pageInfo()', '[{\"deptNo\":\"D000002\",\"username\":\"\"}]', '192.168.0.103', '2021-02-16 21:15:39');
INSERT INTO `sys_log` VALUES ('1361665551652761602', '1', 'admin', '用户管理-赋予角色-获取所有角色接口', '4', 'com.company.project.controller.UserController.getUserOwnRole()', '[\"1361665545919148034\"]', '192.168.0.103', '2021-02-16 21:15:41');
INSERT INTO `sys_log` VALUES ('1361665559760351233', '1', 'admin', '用户管理-赋予角色-用户赋予角色接口', '41', 'com.company.project.controller.UserController.setUserOwnRole()', '[\"1361665545919148034\",[\"1331087516021194754\"]]', '192.168.0.103', '2021-02-16 21:15:43');
INSERT INTO `sys_log` VALUES ('1361665560121061377', '1', 'admin', '用户管理-分页获取用户列表', '54', 'com.company.project.controller.UserController.pageInfo()', '[{\"deptNo\":\"D000002\",\"username\":\"\"}]', '192.168.0.103', '2021-02-16 21:15:43');
INSERT INTO `sys_log` VALUES ('1361665610167496705', '1', 'admin', '用户管理-新增用户', '51', 'com.company.project.controller.UserController.addUser()', '[{\"createId\":\"1\",\"createTime\":1613481354590,\"createWhere\":1,\"deleted\":1,\"deptId\":\"1331121875856035841\",\"deptName\":\"\",\"email\":\"\",\"id\":\"1361665609941004290\",\"major\":\"\",\"password\":\"9ac83275c9bc46b23aa48599dbb3e876\",\"phone\":\"\",\"qualificationImg\":\"\",\"realName\":\"小龙女\",\"salt\":\"024363c03d5041129d9c\",\"sex\":2,\"status\":1,\"university\":\"\",\"updateId\":\"1\",\"updateTime\":1613481354590,\"username\":\"lx023\"}]', '192.168.0.103', '2021-02-16 21:15:55');
INSERT INTO `sys_log` VALUES ('1361665610612092929', '1', 'admin', '用户管理-分页获取用户列表', '57', 'com.company.project.controller.UserController.pageInfo()', '[{\"deptNo\":\"D000002\",\"username\":\"\"}]', '192.168.0.103', '2021-02-16 21:15:55');
INSERT INTO `sys_log` VALUES ('1361665614944808961', '1', 'admin', '用户管理-赋予角色-获取所有角色接口', '4', 'com.company.project.controller.UserController.getUserOwnRole()', '[\"1361665609941004290\"]', '192.168.0.103', '2021-02-16 21:15:56');
INSERT INTO `sys_log` VALUES ('1361665625476706305', '1', 'admin', '用户管理-赋予角色-用户赋予角色接口', '47', 'com.company.project.controller.UserController.setUserOwnRole()', '[\"1361665609941004290\",[\"1331087516021194754\"]]', '192.168.0.103', '2021-02-16 21:15:58');
INSERT INTO `sys_log` VALUES ('1361665625841610753', '1', 'admin', '用户管理-分页获取用户列表', '59', 'com.company.project.controller.UserController.pageInfo()', '[{\"deptNo\":\"D000002\",\"username\":\"\"}]', '192.168.0.103', '2021-02-16 21:15:58');
INSERT INTO `sys_log` VALUES ('1361665692321329153', '1', 'admin', '用户管理-新增用户', '54', 'com.company.project.controller.UserController.addUser()', '[{\"createId\":\"1\",\"createTime\":1613481374174,\"createWhere\":1,\"deleted\":1,\"deptId\":\"1331121875856035841\",\"deptName\":\"\",\"email\":\"\",\"id\":\"1361665692078059522\",\"major\":\"\",\"password\":\"c0754f93bfb6c806254a17c2fad946f8\",\"phone\":\"\",\"qualificationImg\":\"\",\"realName\":\"周伯通\",\"salt\":\"e66a243ee01748a38d47\",\"sex\":2,\"status\":1,\"university\":\"\",\"updateId\":\"1\",\"updateTime\":1613481374174,\"username\":\"lx024\"}]', '192.168.0.103', '2021-02-16 21:16:14');
INSERT INTO `sys_log` VALUES ('1361665692770119682', '1', 'admin', '用户管理-分页获取用户列表', '58', 'com.company.project.controller.UserController.pageInfo()', '[{\"deptNo\":\"D000002\",\"username\":\"\"}]', '192.168.0.103', '2021-02-16 21:16:14');
INSERT INTO `sys_log` VALUES ('1361665699543920641', '1', 'admin', '用户管理-赋予角色-获取所有角色接口', '5', 'com.company.project.controller.UserController.getUserOwnRole()', '[\"1361665692078059522\"]', '192.168.0.103', '2021-02-16 21:16:16');
INSERT INTO `sys_log` VALUES ('1361665708129660930', '1', 'admin', '用户管理-赋予角色-用户赋予角色接口', '47', 'com.company.project.controller.UserController.setUserOwnRole()', '[\"1361665692078059522\",[\"1331087516021194754\"]]', '192.168.0.103', '2021-02-16 21:16:18');
INSERT INTO `sys_log` VALUES ('1361665708477788161', '1', 'admin', '用户管理-分页获取用户列表', '53', 'com.company.project.controller.UserController.pageInfo()', '[{\"deptNo\":\"D000002\",\"username\":\"\"}]', '192.168.0.103', '2021-02-16 21:16:18');
INSERT INTO `sys_log` VALUES ('1361665760940142594', '1', 'admin', '用户管理-新增用户', '52', 'com.company.project.controller.UserController.addUser()', '[{\"createId\":\"1\",\"createTime\":1613481390537,\"createWhere\":1,\"deleted\":1,\"deptId\":\"1331121875856035841\",\"deptName\":\"\",\"email\":\"\",\"id\":\"1361665760709455874\",\"major\":\"\",\"password\":\"048403e9a9e8299e877bedd6529f7952\",\"phone\":\"\",\"qualificationImg\":\"\",\"realName\":\"洪七公\",\"salt\":\"6e08b010653c45bf8a42\",\"sex\":2,\"status\":1,\"university\":\"\",\"updateId\":\"1\",\"updateTime\":1613481390537,\"username\":\"lx025\"}]', '192.168.0.103', '2021-02-16 21:16:31');
INSERT INTO `sys_log` VALUES ('1361665761342795778', '1', 'admin', '用户管理-分页获取用户列表', '49', 'com.company.project.controller.UserController.pageInfo()', '[{\"deptNo\":\"D000002\",\"username\":\"\"}]', '192.168.0.103', '2021-02-16 21:16:31');
INSERT INTO `sys_log` VALUES ('1361665775360159746', '1', 'admin', '用户管理-赋予角色-获取所有角色接口', '3', 'com.company.project.controller.UserController.getUserOwnRole()', '[\"1361665760709455874\"]', '192.168.0.103', '2021-02-16 21:16:34');
INSERT INTO `sys_log` VALUES ('1361665788530274305', '1', 'admin', '用户管理-赋予角色-用户赋予角色接口', '76', 'com.company.project.controller.UserController.setUserOwnRole()', '[\"1361665760709455874\",[\"1331087516021194754\"]]', '192.168.0.103', '2021-02-16 21:16:37');
INSERT INTO `sys_log` VALUES ('1361665789079728129', '1', 'admin', '用户管理-分页获取用户列表', '69', 'com.company.project.controller.UserController.pageInfo()', '[{\"deptNo\":\"D000002\",\"username\":\"\"}]', '192.168.0.103', '2021-02-16 21:16:37');
INSERT INTO `sys_log` VALUES ('1361665829458292738', '1', 'admin', '用户管理-新增用户', '54', 'com.company.project.controller.UserController.addUser()', '[{\"createId\":\"1\",\"createTime\":1613481406871,\"createWhere\":1,\"deleted\":1,\"deptId\":\"1331121875856035841\",\"deptName\":\"\",\"email\":\"\",\"id\":\"1361665829219217409\",\"major\":\"\",\"password\":\"ab3afee0ead4e4b81c53b0555b7f1885\",\"phone\":\"\",\"qualificationImg\":\"\",\"realName\":\"金庸\",\"salt\":\"4aec4d992dfa474cb2d4\",\"sex\":2,\"status\":1,\"university\":\"\",\"updateId\":\"1\",\"updateTime\":1613481406871,\"username\":\"lx026\"}]', '192.168.0.103', '2021-02-16 21:16:47');
INSERT INTO `sys_log` VALUES ('1361665830037106690', '1', 'admin', '用户管理-分页获取用户列表', '60', 'com.company.project.controller.UserController.pageInfo()', '[{\"deptNo\":\"D000002\",\"username\":\"\"}]', '192.168.0.103', '2021-02-16 21:16:47');
INSERT INTO `sys_log` VALUES ('1361665834734727170', '1', 'admin', '用户管理-赋予角色-获取所有角色接口', '4', 'com.company.project.controller.UserController.getUserOwnRole()', '[\"1361665829219217409\"]', '192.168.0.103', '2021-02-16 21:16:48');
INSERT INTO `sys_log` VALUES ('1361665843270135809', '1', 'admin', '用户管理-赋予角色-用户赋予角色接口', '60', 'com.company.project.controller.UserController.setUserOwnRole()', '[\"1361665829219217409\",[\"1331087516021194754\"]]', '192.168.0.103', '2021-02-16 21:16:50');
INSERT INTO `sys_log` VALUES ('1361665843630845953', '1', 'admin', '用户管理-分页获取用户列表', '52', 'com.company.project.controller.UserController.pageInfo()', '[{\"deptNo\":\"D000002\",\"username\":\"\"}]', '192.168.0.103', '2021-02-16 21:16:50');
INSERT INTO `sys_log` VALUES ('1361665953081208833', '1', 'admin', '用户管理-新增用户', '49', 'com.company.project.controller.UserController.addUser()', '[{\"createId\":\"1\",\"createTime\":1613481436350,\"createWhere\":1,\"deleted\":1,\"deptId\":\"1331121875856035841\",\"deptName\":\"\",\"email\":\"\",\"id\":\"1361665952867299329\",\"major\":\"\",\"password\":\"b987c9a5cb77d288430913867b0895d5\",\"phone\":\"\",\"qualificationImg\":\"\",\"realName\":\"张翠山\",\"salt\":\"9c6de5ba727b4ae1a606\",\"sex\":2,\"status\":1,\"university\":\"\",\"updateId\":\"1\",\"updateTime\":1613481436350,\"username\":\"lx027\"}]', '192.168.0.103', '2021-02-16 21:17:16');
INSERT INTO `sys_log` VALUES ('1361665953538387969', '1', 'admin', '用户管理-分页获取用户列表', '59', 'com.company.project.controller.UserController.pageInfo()', '[{\"deptNo\":\"D000002\",\"username\":\"\"}]', '192.168.0.103', '2021-02-16 21:17:17');
INSERT INTO `sys_log` VALUES ('1361665959947284481', '1', 'admin', '用户管理-赋予角色-获取所有角色接口', '11', 'com.company.project.controller.UserController.getUserOwnRole()', '[\"1361665952867299329\"]', '192.168.0.103', '2021-02-16 21:17:18');
INSERT INTO `sys_log` VALUES ('1361665969908756481', '1', 'admin', '用户管理-赋予角色-用户赋予角色接口', '50', 'com.company.project.controller.UserController.setUserOwnRole()', '[\"1361665952867299329\",[\"1331087516021194754\"]]', '192.168.0.103', '2021-02-16 21:17:20');
INSERT INTO `sys_log` VALUES ('1361665970391101441', '1', 'admin', '用户管理-分页获取用户列表', '84', 'com.company.project.controller.UserController.pageInfo()', '[{\"deptNo\":\"D000002\",\"username\":\"\"}]', '192.168.0.103', '2021-02-16 21:17:21');
INSERT INTO `sys_log` VALUES ('1361666022480162817', '1', 'admin', '用户管理-新增用户', '54', 'com.company.project.controller.UserController.addUser()', '[{\"createId\":\"1\",\"createTime\":1613481452889,\"createWhere\":1,\"deleted\":1,\"deptId\":\"1331121875856035841\",\"deptName\":\"\",\"email\":\"\",\"id\":\"1361666022236893186\",\"major\":\"\",\"password\":\"539e87a864d8ee583d965ddcbb96fdb2\",\"phone\":\"\",\"qualificationImg\":\"\",\"realName\":\"张三丰\",\"salt\":\"1298f8c0b75740f7af50\",\"sex\":2,\"status\":1,\"university\":\"\",\"updateId\":\"1\",\"updateTime\":1613481452889,\"username\":\"lx028\"}]', '192.168.0.103', '2021-02-16 21:17:33');
INSERT INTO `sys_log` VALUES ('1361666022920564737', '1', 'admin', '用户管理-分页获取用户列表', '54', 'com.company.project.controller.UserController.pageInfo()', '[{\"deptNo\":\"D000002\",\"username\":\"\"}]', '192.168.0.103', '2021-02-16 21:17:33');
INSERT INTO `sys_log` VALUES ('1361666028981334017', '1', 'admin', '用户管理-赋予角色-获取所有角色接口', '4', 'com.company.project.controller.UserController.getUserOwnRole()', '[\"1361666022236893186\"]', '192.168.0.103', '2021-02-16 21:17:34');
INSERT INTO `sys_log` VALUES ('1361666037814538241', '1', 'admin', '用户管理-赋予角色-用户赋予角色接口', '46', 'com.company.project.controller.UserController.setUserOwnRole()', '[\"1361666022236893186\",[\"1331087516021194754\"]]', '192.168.0.103', '2021-02-16 21:17:37');
INSERT INTO `sys_log` VALUES ('1361666038175248386', '1', 'admin', '用户管理-分页获取用户列表', '54', 'com.company.project.controller.UserController.pageInfo()', '[{\"deptNo\":\"D000002\",\"username\":\"\"}]', '192.168.0.103', '2021-02-16 21:17:37');
INSERT INTO `sys_log` VALUES ('1361666113152626689', '1', 'admin', '用户管理-新增用户', '51', 'com.company.project.controller.UserController.addUser()', '[{\"createId\":\"1\",\"createTime\":1613481474510,\"createWhere\":1,\"deleted\":1,\"deptId\":\"1331121875856035841\",\"deptName\":\"\",\"email\":\"\",\"id\":\"1361666112917745666\",\"major\":\"\",\"password\":\"ab12c1f4c7b739d85746d71a6ea826d9\",\"phone\":\"\",\"qualificationImg\":\"\",\"realName\":\"赵丽颖\",\"salt\":\"b93de2e27c784c818fe2\",\"sex\":2,\"status\":1,\"university\":\"\",\"updateId\":\"1\",\"updateTime\":1613481474510,\"username\":\"lx029\"}]', '192.168.0.103', '2021-02-16 21:17:55');
INSERT INTO `sys_log` VALUES ('1361666113576251394', '1', 'admin', '用户管理-分页获取用户列表', '51', 'com.company.project.controller.UserController.pageInfo()', '[{\"deptNo\":\"D000002\",\"username\":\"\"}]', '192.168.0.103', '2021-02-16 21:17:55');
INSERT INTO `sys_log` VALUES ('1361666155112443905', '1', 'admin', '用户管理-新增用户', '53', 'com.company.project.controller.UserController.addUser()', '[{\"createId\":\"1\",\"createTime\":1613481484513,\"createWhere\":1,\"deleted\":1,\"deptId\":\"1331121875856035841\",\"deptName\":\"\",\"email\":\"\",\"id\":\"1361666154869174273\",\"major\":\"\",\"password\":\"fd73e0de0f1249bf5cc94d42b77ee82a\",\"phone\":\"\",\"qualificationImg\":\"\",\"realName\":\"张靓颖\",\"salt\":\"d52eaaf17c81423e8fbe\",\"sex\":2,\"status\":1,\"university\":\"\",\"updateId\":\"1\",\"updateTime\":1613481484513,\"username\":\"lx030\"}]', '192.168.0.103', '2021-02-16 21:18:05');
INSERT INTO `sys_log` VALUES ('1361666155515097090', '1', 'admin', '用户管理-分页获取用户列表', '48', 'com.company.project.controller.UserController.pageInfo()', '[{\"deptNo\":\"D000002\",\"username\":\"\"}]', '192.168.0.103', '2021-02-16 21:18:05');
INSERT INTO `sys_log` VALUES ('1361666211643273218', '1', 'admin', '用户管理-新增用户', '57', 'com.company.project.controller.UserController.addUser()', '[{\"createId\":\"1\",\"createTime\":1613481497991,\"createWhere\":1,\"deleted\":1,\"deptId\":\"1331121875856035841\",\"deptName\":\"\",\"email\":\"\",\"id\":\"1361666211404197889\",\"major\":\"\",\"password\":\"07462af8f2a5bf1095b33806d28e2758\",\"phone\":\"\",\"qualificationImg\":\"\",\"realName\":\"董子健\",\"salt\":\"aff0a85be67c409596d0\",\"sex\":2,\"status\":1,\"university\":\"\",\"updateId\":\"1\",\"updateTime\":1613481497991,\"username\":\"lx031\"}]', '192.168.0.103', '2021-02-16 21:18:18');
INSERT INTO `sys_log` VALUES ('1361666212066897921', '1', 'admin', '用户管理-分页获取用户列表', '48', 'com.company.project.controller.UserController.pageInfo()', '[{\"deptNo\":\"D000002\",\"username\":\"\"}]', '192.168.0.103', '2021-02-16 21:18:18');
INSERT INTO `sys_log` VALUES ('1361666288269012993', '1', 'admin', '用户管理-新增用户', '52', 'com.company.project.controller.UserController.addUser()', '[{\"createId\":\"1\",\"createTime\":1613481516263,\"createWhere\":1,\"deleted\":1,\"deptId\":\"1331121875856035841\",\"deptName\":\"\",\"email\":\"\",\"id\":\"1361666288046714882\",\"major\":\"\",\"password\":\"68e002edabd9fce27698427e84b27ac9\",\"phone\":\"\",\"qualificationImg\":\"\",\"realName\":\"周笔畅\",\"salt\":\"90c9be13a9af43a8ab3e\",\"sex\":2,\"status\":1,\"university\":\"\",\"updateId\":\"1\",\"updateTime\":1613481516263,\"username\":\"lx032\"}]', '192.168.0.103', '2021-02-16 21:18:36');
INSERT INTO `sys_log` VALUES ('1361666288726192129', '1', 'admin', '用户管理-分页获取用户列表', '57', 'com.company.project.controller.UserController.pageInfo()', '[{\"deptNo\":\"D000002\",\"username\":\"\"}]', '192.168.0.103', '2021-02-16 21:18:36');
INSERT INTO `sys_log` VALUES ('1361666331638116353', '1', 'admin', '用户管理-新增用户', '59', 'com.company.project.controller.UserController.addUser()', '[{\"createId\":\"1\",\"createTime\":1613481526593,\"createWhere\":1,\"deleted\":1,\"deptId\":\"1331121875856035841\",\"deptName\":\"\",\"email\":\"\",\"id\":\"1361666331373875201\",\"major\":\"\",\"password\":\"e8b73a7c63840eb71891a42add9cddbc\",\"phone\":\"\",\"qualificationImg\":\"\",\"realName\":\"李宇春\",\"salt\":\"c54772cfb98d41b0810f\",\"sex\":2,\"status\":1,\"university\":\"\",\"updateId\":\"1\",\"updateTime\":1613481526593,\"username\":\"lx033\"}]', '192.168.0.103', '2021-02-16 21:18:47');
INSERT INTO `sys_log` VALUES ('1361666332049158145', '1', 'admin', '用户管理-分页获取用户列表', '45', 'com.company.project.controller.UserController.pageInfo()', '[{\"deptNo\":\"D000002\",\"username\":\"\"}]', '192.168.0.103', '2021-02-16 21:18:47');
INSERT INTO `sys_log` VALUES ('1361666422734204930', '1', 'admin', '用户管理-新增用户', '55', 'com.company.project.controller.UserController.addUser()', '[{\"createId\":\"1\",\"createTime\":1613481548317,\"createWhere\":1,\"deleted\":1,\"deptId\":\"1331121875856035841\",\"deptName\":\"\",\"email\":\"\",\"id\":\"1361666422490935298\",\"major\":\"\",\"password\":\"9a181efb178ed391e6fabb61ce01e930\",\"phone\":\"\",\"qualificationImg\":\"\",\"realName\":\"何洁\",\"salt\":\"f67ac6683efd49dfad84\",\"sex\":2,\"status\":1,\"university\":\"\",\"updateId\":\"1\",\"updateTime\":1613481548317,\"username\":\"lx034\"}]', '192.168.0.103', '2021-02-16 21:19:08');
INSERT INTO `sys_log` VALUES ('1361666423120080897', '1', 'admin', '用户管理-分页获取用户列表', '41', 'com.company.project.controller.UserController.pageInfo()', '[{\"deptNo\":\"D000002\",\"username\":\"\"}]', '192.168.0.103', '2021-02-16 21:19:08');
INSERT INTO `sys_log` VALUES ('1361666524072783874', '1', 'admin', '用户管理-新增用户', '56', 'com.company.project.controller.UserController.addUser()', '[{\"createId\":\"1\",\"createTime\":1613481572477,\"createWhere\":1,\"deleted\":1,\"deptId\":\"1331121875856035841\",\"deptName\":\"\",\"email\":\"\",\"id\":\"1361666523825319938\",\"major\":\"\",\"password\":\"9d076022da3cb8c5b4807ec92eb9ce6a\",\"phone\":\"\",\"qualificationImg\":\"\",\"realName\":\"王子怡\",\"salt\":\"189eb5c71d7d44399cc7\",\"sex\":2,\"status\":1,\"university\":\"\",\"updateId\":\"1\",\"updateTime\":1613481572477,\"username\":\"lx035\"}]', '192.168.0.103', '2021-02-16 21:19:33');
INSERT INTO `sys_log` VALUES ('1361666524467048449', '1', 'admin', '用户管理-分页获取用户列表', '42', 'com.company.project.controller.UserController.pageInfo()', '[{\"deptNo\":\"D000002\",\"username\":\"\"}]', '192.168.0.103', '2021-02-16 21:19:33');
INSERT INTO `sys_log` VALUES ('1361666531177934850', '1', 'admin', '用户管理-赋予角色-获取所有角色接口', '4', 'com.company.project.controller.UserController.getUserOwnRole()', '[\"1361666523825319938\"]', '192.168.0.103', '2021-02-16 21:19:34');
INSERT INTO `sys_log` VALUES ('1361666539574931458', '1', 'admin', '用户管理-赋予角色-用户赋予角色接口', '54', 'com.company.project.controller.UserController.setUserOwnRole()', '[\"1361666523825319938\",[\"1331087516021194754\"]]', '192.168.0.103', '2021-02-16 21:19:36');
INSERT INTO `sys_log` VALUES ('1361666539889504257', '1', 'admin', '用户管理-分页获取用户列表', '46', 'com.company.project.controller.UserController.pageInfo()', '[{\"deptNo\":\"D000002\",\"username\":\"\"}]', '192.168.0.103', '2021-02-16 21:19:36');
INSERT INTO `sys_log` VALUES ('1361666542812934146', '1', 'admin', '用户管理-赋予角色-获取所有角色接口', '3', 'com.company.project.controller.UserController.getUserOwnRole()', '[\"1361666422490935298\"]', '192.168.0.103', '2021-02-16 21:19:37');
INSERT INTO `sys_log` VALUES ('1361666550853414913', '1', 'admin', '用户管理-赋予角色-用户赋予角色接口', '57', 'com.company.project.controller.UserController.setUserOwnRole()', '[\"1361666422490935298\",[\"1331087516021194754\"]]', '192.168.0.103', '2021-02-16 21:19:39');
INSERT INTO `sys_log` VALUES ('1361666551188959233', '1', 'admin', '用户管理-分页获取用户列表', '46', 'com.company.project.controller.UserController.pageInfo()', '[{\"deptNo\":\"D000002\",\"username\":\"\"}]', '192.168.0.103', '2021-02-16 21:19:39');
INSERT INTO `sys_log` VALUES ('1361666554200469505', '1', 'admin', '用户管理-赋予角色-获取所有角色接口', '3', 'com.company.project.controller.UserController.getUserOwnRole()', '[\"1361666331373875201\"]', '192.168.0.103', '2021-02-16 21:19:40');
INSERT INTO `sys_log` VALUES ('1361666562949787650', '1', 'admin', '用户管理-赋予角色-用户赋予角色接口', '59', 'com.company.project.controller.UserController.setUserOwnRole()', '[\"1361666331373875201\",[\"1331087516021194754\"]]', '192.168.0.103', '2021-02-16 21:19:42');
INSERT INTO `sys_log` VALUES ('1361666563323080706', '1', 'admin', '用户管理-分页获取用户列表', '52', 'com.company.project.controller.UserController.pageInfo()', '[{\"deptNo\":\"D000002\",\"username\":\"\"}]', '192.168.0.103', '2021-02-16 21:19:42');
INSERT INTO `sys_log` VALUES ('1361666567244754946', '1', 'admin', '用户管理-赋予角色-获取所有角色接口', '4', 'com.company.project.controller.UserController.getUserOwnRole()', '[\"1361666288046714882\"]', '192.168.0.103', '2021-02-16 21:19:43');
INSERT INTO `sys_log` VALUES ('1361666576694521858', '1', 'admin', '用户管理-赋予角色-用户赋予角色接口', '57', 'com.company.project.controller.UserController.setUserOwnRole()', '[\"1361666288046714882\",[\"1331087516021194754\"]]', '192.168.0.103', '2021-02-16 21:19:45');
INSERT INTO `sys_log` VALUES ('1361666577030066177', '1', 'admin', '用户管理-分页获取用户列表', '49', 'com.company.project.controller.UserController.pageInfo()', '[{\"deptNo\":\"D000002\",\"username\":\"\"}]', '192.168.0.103', '2021-02-16 21:19:45');
INSERT INTO `sys_log` VALUES ('1361666581341810689', '1', 'admin', '用户管理-赋予角色-获取所有角色接口', '4', 'com.company.project.controller.UserController.getUserOwnRole()', '[\"1361666211404197889\"]', '192.168.0.103', '2021-02-16 21:19:46');
INSERT INTO `sys_log` VALUES ('1361666589453594626', '1', 'admin', '用户管理-赋予角色-用户赋予角色接口', '58', 'com.company.project.controller.UserController.setUserOwnRole()', '[\"1361666211404197889\",[\"1331087516021194754\"]]', '192.168.0.103', '2021-02-16 21:19:48');
INSERT INTO `sys_log` VALUES ('1361666589797527554', '1', 'admin', '用户管理-分页获取用户列表', '50', 'com.company.project.controller.UserController.pageInfo()', '[{\"deptNo\":\"D000002\",\"username\":\"\"}]', '192.168.0.103', '2021-02-16 21:19:48');
INSERT INTO `sys_log` VALUES ('1361666593379463169', '1', 'admin', '用户管理-赋予角色-获取所有角色接口', '3', 'com.company.project.controller.UserController.getUserOwnRole()', '[\"1361666154869174273\"]', '192.168.0.103', '2021-02-16 21:19:49');
INSERT INTO `sys_log` VALUES ('1361666601679990786', '1', 'admin', '用户管理-赋予角色-用户赋予角色接口', '62', 'com.company.project.controller.UserController.setUserOwnRole()', '[\"1361666154869174273\",[\"1331087516021194754\"]]', '192.168.0.103', '2021-02-16 21:19:51');
INSERT INTO `sys_log` VALUES ('1361666602028118018', '1', 'admin', '用户管理-分页获取用户列表', '50', 'com.company.project.controller.UserController.pageInfo()', '[{\"deptNo\":\"D000002\",\"username\":\"\"}]', '192.168.0.103', '2021-02-16 21:19:51');
INSERT INTO `sys_log` VALUES ('1361666605794603010', '1', 'admin', '用户管理-赋予角色-获取所有角色接口', '4', 'com.company.project.controller.UserController.getUserOwnRole()', '[\"1361666112917745666\"]', '192.168.0.103', '2021-02-16 21:19:52');
INSERT INTO `sys_log` VALUES ('1361666616263585794', '1', 'admin', '用户管理-赋予角色-用户赋予角色接口', '54', 'com.company.project.controller.UserController.setUserOwnRole()', '[\"1361666112917745666\",[\"1331087516021194754\"]]', '192.168.0.103', '2021-02-16 21:19:55');
INSERT INTO `sys_log` VALUES ('1361666616611713025', '1', 'admin', '用户管理-分页获取用户列表', '53', 'com.company.project.controller.UserController.pageInfo()', '[{\"deptNo\":\"D000002\",\"username\":\"\"}]', '192.168.0.103', '2021-02-16 21:19:55');
INSERT INTO `sys_log` VALUES ('1361931379451269121', '1', 'admin', '机构管理-树型组织列表', '38', 'com.company.project.controller.DeptController.getTree()', '[null]', '192.168.0.104', '2021-02-17 14:51:59');
INSERT INTO `sys_log` VALUES ('1361931380353044481', '1', 'admin', '用户管理-分页获取用户列表', '266', 'com.company.project.controller.UserController.pageInfo()', '[{}]', '192.168.0.104', '2021-02-17 14:51:59');
INSERT INTO `sys_log` VALUES ('1361933700126117889', '1', 'admin', '用户管理-分页获取用户列表', '132', 'com.company.project.controller.UserController.pageInfo()', '[{\"realName\":\"\",\"username\":\"\"}]', '192.168.0.104', '2021-02-17 15:01:12');
INSERT INTO `sys_log` VALUES ('1362371858319945730', '1', 'admin', '系统操作日志管理-分页查询系统操作日志', '125', 'com.company.project.controller.SysLogController.pageInfo()', '[{}]', '192.168.0.104', '2021-02-18 20:02:17');
INSERT INTO `sys_log` VALUES ('1362371910195097602', '1', 'admin', '系统操作日志管理-分页查询系统操作日志', '44', 'com.company.project.controller.SysLogController.pageInfo()', '[{}]', '192.168.0.104', '2021-02-18 20:02:30');
INSERT INTO `sys_log` VALUES ('1362371922035617793', '1', 'admin', '系统操作日志管理-分页查询系统操作日志', '28', 'com.company.project.controller.SysLogController.pageInfo()', '[{}]', '192.168.0.104', '2021-02-18 20:02:33');
INSERT INTO `sys_log` VALUES ('1362371928440320001', '1', 'admin', '系统操作日志管理-分页查询系统操作日志', '33', 'com.company.project.controller.SysLogController.pageInfo()', '[{}]', '192.168.0.104', '2021-02-18 20:02:34');
INSERT INTO `sys_log` VALUES ('1362371937864921090', '1', 'admin', '系统操作日志管理-分页查询系统操作日志', '36', 'com.company.project.controller.SysLogController.pageInfo()', '[{}]', '192.168.0.104', '2021-02-18 20:02:36');
INSERT INTO `sys_log` VALUES ('1362371948036108290', '1', 'admin', '系统操作日志管理-分页查询系统操作日志', '30', 'com.company.project.controller.SysLogController.pageInfo()', '[{}]', '192.168.0.104', '2021-02-18 20:02:39');
INSERT INTO `sys_log` VALUES ('1362371956730900481', '1', 'admin', '系统操作日志管理-分页查询系统操作日志', '33', 'com.company.project.controller.SysLogController.pageInfo()', '[{}]', '192.168.0.104', '2021-02-18 20:02:41');
INSERT INTO `sys_log` VALUES ('1362371960837124097', '1', 'admin', '系统操作日志管理-分页查询系统操作日志', '32', 'com.company.project.controller.SysLogController.pageInfo()', '[{}]', '192.168.0.104', '2021-02-18 20:02:42');
INSERT INTO `sys_log` VALUES ('1362371968168767489', '1', 'admin', '系统操作日志管理-分页查询系统操作日志', '365', 'com.company.project.controller.SysLogController.pageInfo()', '[{}]', '192.168.0.104', '2021-02-18 20:02:44');
INSERT INTO `sys_log` VALUES ('1362371973290012674', '1', 'admin', '系统操作日志管理-分页查询系统操作日志', '32', 'com.company.project.controller.SysLogController.pageInfo()', '[{}]', '192.168.0.104', '2021-02-18 20:02:45');
INSERT INTO `sys_log` VALUES ('1362371985579323394', '1', 'admin', '系统操作日志管理-分页查询系统操作日志', '24', 'com.company.project.controller.SysLogController.pageInfo()', '[{}]', '192.168.0.104', '2021-02-18 20:02:48');
INSERT INTO `sys_log` VALUES ('1362371990557962241', '1', 'admin', '系统操作日志管理-分页查询系统操作日志', '30', 'com.company.project.controller.SysLogController.pageInfo()', '[{}]', '192.168.0.104', '2021-02-18 20:02:49');
INSERT INTO `sys_log` VALUES ('1362371993460420610', '1', 'admin', '系统操作日志管理-分页查询系统操作日志', '29', 'com.company.project.controller.SysLogController.pageInfo()', '[{}]', '192.168.0.104', '2021-02-18 20:02:50');
INSERT INTO `sys_log` VALUES ('1362371995867951105', '1', 'admin', '系统操作日志管理-分页查询系统操作日志', '35', 'com.company.project.controller.SysLogController.pageInfo()', '[{}]', '192.168.0.104', '2021-02-18 20:02:50');
INSERT INTO `sys_log` VALUES ('1362371998216761346', '1', 'admin', '系统操作日志管理-分页查询系统操作日志', '32', 'com.company.project.controller.SysLogController.pageInfo()', '[{}]', '192.168.0.104', '2021-02-18 20:02:51');
INSERT INTO `sys_log` VALUES ('1362372000209055745', '1', 'admin', '系统操作日志管理-分页查询系统操作日志', '30', 'com.company.project.controller.SysLogController.pageInfo()', '[{}]', '192.168.0.104', '2021-02-18 20:02:51');
INSERT INTO `sys_log` VALUES ('1362372072997007362', '1', 'admin', '系统操作日志管理-分页查询系统操作日志', '18', 'com.company.project.controller.SysLogController.pageInfo()', '[{\"operation\":\"TestTask\",\"username\":\"\"}]', '192.168.0.104', '2021-02-18 20:03:09');
INSERT INTO `sys_log` VALUES ('1362386865644515330', '1', 'admin', '获取运行时间-', '3', 'com.company.project.controller.SysJobController.getRecentTriggerTime()', '[\"* * * * * ? *\"]', '192.168.0.104', '2021-02-18 21:01:55');
INSERT INTO `sys_log` VALUES ('1362386926839410690', '1', 'admin', '获取运行时间-', '1', 'com.company.project.controller.SysJobController.getRecentTriggerTime()', '[\"* * * * * ? *\"]', '192.168.0.104', '2021-02-18 21:02:10');
INSERT INTO `sys_log` VALUES ('1362392436653305858', '1', 'admin', '新增-', '4', 'com.company.project.controller.SysJobController.add()', '[{\"beanName\":\"schoolNextTermTask\",\"cronExpression\":\"0 0 3 1 2 ? 2020-2099\",\"id\":\"\",\"params\":\"1\",\"remark\":\"\"}]', '192.168.0.104', '2021-02-18 21:24:04');
INSERT INTO `sys_log` VALUES ('1362392733207408642', '1', 'admin', '新增-', '44', 'com.company.project.controller.SysJobController.add()', '[{\"beanName\":\"schoolNextTermTask\",\"createTime\":1613654714226,\"cronExpression\":\"0 0 3 1 2 ? 2020-2099\",\"id\":\"1362392732943167490\",\"params\":\"1\",\"remark\":\"\",\"status\":1}]', '192.168.0.104', '2021-02-18 21:25:14');
INSERT INTO `sys_log` VALUES ('1362394432043147266', '1', 'admin', '新增-', '36', 'com.company.project.controller.SysJobController.add()', '[{\"beanName\":\"schoolLastTermTask\",\"createTime\":1613655119272,\"cronExpression\":\"0 0 3 20 8 ? 2020-2099\",\"id\":\"1362394431837626369\",\"jobName\":\"下学期调度任务\",\"params\":\"1\",\"remark\":\"\",\"status\":1}]', '192.168.0.104', '2021-02-18 21:31:59');
INSERT INTO `sys_log` VALUES ('1362394492340461569', '1', 'admin', '更新-', '26', 'com.company.project.controller.SysJobController.update()', '[{\"beanName\":\"schoolLastTermTask\",\"cronExpression\":\"0 0 3 20 8 ? 2020-2099\",\"id\":\"1362394431837626369\",\"jobName\":\"上学期调度任务\",\"params\":\"1\",\"remark\":\"\",\"status\":1}]', '192.168.0.104', '2021-02-18 21:32:14');
INSERT INTO `sys_log` VALUES ('1362394506114555905', '1', 'admin', '恢复定时任务-', '28', 'com.company.project.controller.SysJobController.resume()', '[[\"1362392732943167490\"]]', '192.168.0.104', '2021-02-18 21:32:17');
INSERT INTO `sys_log` VALUES ('1362394511617482753', '1', 'admin', '恢复定时任务-', '11', 'com.company.project.controller.SysJobController.resume()', '[[\"1362394431837626369\"]]', '192.168.0.104', '2021-02-18 21:32:18');
INSERT INTO `sys_log` VALUES ('1362394563756875777', '1', 'admin', '更新-', '14', 'com.company.project.controller.SysJobController.update()', '[{\"beanName\":\"schoolNextTermTask\",\"cronExpression\":\"0 0 3 20 2 ? 2020-2099\",\"id\":\"1362392732943167490\",\"jobName\":\"上学期调度任务\",\"params\":\"1\",\"remark\":\"\",\"status\":0}]', '192.168.0.104', '2021-02-18 21:32:31');
INSERT INTO `sys_log` VALUES ('1362395418849632257', '1', 'admin', '系统操作日志管理-分页查询系统操作日志', '35', 'com.company.project.controller.SysLogController.pageInfo()', '[{}]', '192.168.0.104', '2021-02-18 21:35:55');
INSERT INTO `sys_log` VALUES ('1362396312899084290', '1', 'admin', '清空-', '18', 'com.company.project.controller.SysJobLogController.delete()', null, '192.168.0.104', '2021-02-18 21:39:28');
INSERT INTO `sys_log` VALUES ('1362396401830912001', '1', 'admin', '系统操作日志管理-分页查询系统操作日志', '17', 'com.company.project.controller.SysLogController.pageInfo()', '[{}]', '192.168.0.104', '2021-02-18 21:39:49');
INSERT INTO `sys_log` VALUES ('1362396491257667585', '1', 'admin', '恢复定时任务-', '14', 'com.company.project.controller.SysJobController.resume()', '[[\"1252884495040782337\"]]', '192.168.0.104', '2021-02-18 21:40:10');
INSERT INTO `sys_log` VALUES ('1362621037569314817', null, null, '用户管理-退出', '0', 'com.company.project.controller.UserController.logout()', null, '117.172.89.59', '2021-02-19 12:32:26');
INSERT INTO `sys_log` VALUES ('1362621609974370305', '1', 'admin', '机构管理-树型组织列表', '16', 'com.company.project.controller.DeptController.getTree()', '[null]', '117.172.89.59', '2021-02-19 12:34:42');
INSERT INTO `sys_log` VALUES ('1362621611413016577', '1', 'admin', '用户管理-分页获取用户列表', '297', 'com.company.project.controller.UserController.pageInfo()', '[{}]', '117.172.89.59', '2021-02-19 12:34:43');
INSERT INTO `sys_log` VALUES ('1362621677083234306', '1', 'admin', '用户管理-新增用户', '734', 'com.company.project.controller.UserController.addUser()', '[{\"createId\":\"1\",\"createTime\":1613709298010,\"createWhere\":1,\"deleted\":1,\"deptId\":\"1\",\"deptName\":\"立信中学\",\"email\":\"\",\"id\":\"1362621673870397441\",\"major\":\"\",\"password\":\"720204e42a027bb3630eb59d666687b6\",\"phone\":\"\",\"qualificationImg\":\"\",\"realName\":\"\",\"salt\":\"3f062ff3fffc4d288855\",\"sex\":2,\"status\":1,\"university\":\"\",\"updateId\":\"1\",\"updateTime\":1613709298010,\"username\":\"test\"}]', '117.172.89.59', '2021-02-19 12:34:58');
INSERT INTO `sys_log` VALUES ('1362621678786121730', '1', 'admin', '用户管理-分页获取用户列表', '234', 'com.company.project.controller.UserController.pageInfo()', '[{\"username\":\"\"}]', '117.172.89.59', '2021-02-19 12:34:59');
INSERT INTO `sys_log` VALUES ('1362621685996130305', '1', 'admin', '用户管理-赋予角色-获取所有角色接口', '16', 'com.company.project.controller.UserController.getUserOwnRole()', '[\"1362621673870397441\"]', '117.172.89.59', '2021-02-19 12:35:00');
INSERT INTO `sys_log` VALUES ('1362621711669465089', '1', 'admin', '角色管理-分页获取角色信息', '290', 'com.company.project.controller.RoleController.pageInfo()', '[{}]', '117.172.89.59', '2021-02-19 12:35:07');
INSERT INTO `sys_log` VALUES ('1362621725888155649', '1', 'admin', '菜单权限管理-获取所有目录菜单树', '2530', 'com.company.project.controller.PermissionController.getAllPermissionTree()', null, '117.172.89.59', '2021-02-19 12:35:10');
INSERT INTO `sys_log` VALUES ('1362622007586000898', '1', 'admin', '角色管理-新增角色', '859', 'com.company.project.controller.RoleController.addRole()', '[{\"createTime\":1613709376714,\"deleted\":1,\"description\":\"\",\"id\":\"1362622003983093761\",\"name\":\"管理员\",\"permissions\":[\"1334806348645957634\",\"784480084756004864\",\"784480084756004865\",\"784480084756004866\",\"784480084756004867\",\"784480084756004868\",\"784480084814725120\",\"784480084814725121\",\"784480084814725122\",\"784480084814725123\",\"784480084814725124\",\"1334806894995996673\",\"24\",\"10\",\"23\",\"25\",\"1334807138768945153\",\"784480085049606144\",\"784480085049606145\",\"784480085049606146\",\"784480085049606147\",\"784480085049606148\",\"789437171000934400\",\"789437171000934401\",\"789437171000934402\",\"789437171000934403\",\"789437171000934404\",\"784480084118470656\",\"1346636399928680450\",\"1347504949065211906\",\"1346636197545123842\",\"1346999702114848769\",\"784480084118470660\",\"784480084118470657\",\"784480084118470658\",\"784480084118470659\",\"796792186363445250\",\"796792186363445252\",\"1334808090397802498\",\"784480084189773824\",\"784480084189773825\",\"784480084189773826\",\"784480084189773827\",\"784480084189773828\",\"784480083837452289\",\"784480083837452290\",\"784480083837452291\",\"784480083837452292\",\"793103294946869249\",\"793103294946869250\",\"793103294946869251\",\"793103294946869252\",\"1344644834154868738\",\"784480084034584577\",\"784480084034584578\",\"784480084034584579\",\"784480084034584580\",\"784480084319797249\",\"784480084319797250\",\"784480084319797251\",\"784480084319797252\",\"784480084256882688\",\"784480084256882689\",\"784480084256882690\",\"784480084256882691\",\"784480084256882692\",\"1346239294743543809\",\"1346451957448769537\",\"1334808707124068353\",\"784480084634370048\",\"784480084634370049\",\"784480084634370050\",\"784480084634370051\",\"784480084634370052\",\"801109371802091520\",\"801109371802091521\",\"801109371802091522\",\"801109371802091523\",\"801109371802091524\",\"801820889640337409\",\"801820889640337410\",\"801820889640337411\",\"801820889640337412\",\"801109371525267457\",\"801109371525267458\",\"801109371525267459\",\"801109371525267460\",\"1358249691529498626\",\"1361134000829521922\",\"1358222664411832321\",\"807924900420386816\",\"807924900420386817\",\"807924900420386818\",\"807924900420386819\",\"807924900420386820\",\"1334822791945027585\",\"784480084491763712\",\"784480084491763713\",\"784480084491763714\",\"784480084491763715\",\"784480084491763716\",\"1339549078235017217\",\"784480084932165632\",\"784480084932165633\",\"784480084932165634\",\"784480084932165635\",\"784480084932165636\",\"1335060861890002945\",\"784480084986691584\",\"784480084986691585\",\"784480084986691586\",\"784480084986691587\",\"784480084986691588\",\"784480085104132096\",\"784480085104132097\",\"784480085104132098\",\"784480085104132099\",\"784480085104132100\",\"796380986987249664\",\"796380986987249665\",\"796380986987249666\",\"796380986987249667\",\"796380986987249668\",\"54\",\"45\",\"46\",\"1339410383213309953\",\"59\",\"60\",\"8\",\"7\"],\"status\":1,\"updateTime\":1613709376714}]', '117.172.89.59', '2021-02-19 12:36:17');
INSERT INTO `sys_log` VALUES ('1362622008701685761', '1', 'admin', '角色管理-分页获取角色信息', '31', 'com.company.project.controller.RoleController.pageInfo()', '[{\"name\":\"\"}]', '117.172.89.59', '2021-02-19 12:36:17');
INSERT INTO `sys_log` VALUES ('1362622024954613761', '1', 'admin', '机构管理-树型组织列表', '15', 'com.company.project.controller.DeptController.getTree()', '[null]', '117.172.89.59', '2021-02-19 12:36:21');
INSERT INTO `sys_log` VALUES ('1362622026263236610', '1', 'admin', '用户管理-分页获取用户列表', '250', 'com.company.project.controller.UserController.pageInfo()', '[{}]', '117.172.89.59', '2021-02-19 12:36:22');
INSERT INTO `sys_log` VALUES ('1362622038321860610', '1', 'admin', '用户管理-赋予角色-获取所有角色接口', '15', 'com.company.project.controller.UserController.getUserOwnRole()', '[\"1362621673870397441\"]', '117.172.89.59', '2021-02-19 12:36:24');
INSERT INTO `sys_log` VALUES ('1362622055560450049', '1', 'admin', '用户管理-赋予角色-用户赋予角色接口', '735', 'com.company.project.controller.UserController.setUserOwnRole()', '[\"1362621673870397441\",[\"1362622003983093761\"]]', '117.172.89.59', '2021-02-19 12:36:29');
INSERT INTO `sys_log` VALUES ('1362622057527578625', '1', 'admin', '用户管理-分页获取用户列表', '297', 'com.company.project.controller.UserController.pageInfo()', '[{\"username\":\"\"}]', '117.172.89.59', '2021-02-19 12:36:29');
INSERT INTO `sys_log` VALUES ('1362622122866446337', '1', 'admin', '用户管理-更新用户信息', '640', 'com.company.project.controller.UserController.updateUserInfo()', '[{\"deptId\":\"1\",\"deptName\":\"立信中学\",\"email\":\"\",\"id\":\"1362621673870397441\",\"major\":\"\",\"phone\":\"\",\"qualificationImg\":\"\",\"realName\":\"测试\",\"status\":1,\"university\":\"\",\"updateId\":\"1\",\"updateTime\":1613709404449,\"username\":\"test\"}]', '117.172.89.59', '2021-02-19 12:36:45');
INSERT INTO `sys_log` VALUES ('1362622124770660354', '1', 'admin', '用户管理-分页获取用户列表', '296', 'com.company.project.controller.UserController.pageInfo()', '[{\"username\":\"\"}]', '117.172.89.59', '2021-02-19 12:36:45');
INSERT INTO `sys_log` VALUES ('1362928366501273601', '1', 'admin', '暂停定时任务-', '21', 'com.company.project.controller.SysJobController.pause()', '[[\"1252884495040782337\"]]', '192.168.0.100', '2021-02-20 08:53:39');
INSERT INTO `sys_log` VALUES ('1363303690204401665', '1', 'admin', '机构管理-树型组织列表', '12', 'com.company.project.controller.DeptController.getTree()', '[null]', '192.168.0.100', '2021-02-21 09:45:03');
INSERT INTO `sys_log` VALUES ('1363303690481225729', '1', 'admin', '用户管理-分页获取用户列表', '73', 'com.company.project.controller.UserController.pageInfo()', '[{}]', '192.168.0.100', '2021-02-21 09:45:03');
INSERT INTO `sys_log` VALUES ('1363303708634173442', '1', 'admin', '用户管理-分页获取用户列表', '49', 'com.company.project.controller.UserController.pageInfo()', '[{}]', '192.168.0.100', '2021-02-21 09:45:07');
INSERT INTO `sys_log` VALUES ('1363303718557896706', '1', 'admin', '用户管理-分页获取用户列表', '75', 'com.company.project.controller.UserController.pageInfo()', '[{}]', '192.168.0.100', '2021-02-21 09:45:10');
INSERT INTO `sys_log` VALUES ('1363303735817457665', '1', 'admin', '用户管理-分页获取用户列表', '35', 'com.company.project.controller.UserController.pageInfo()', '[{}]', '192.168.0.100', '2021-02-21 09:45:14');
INSERT INTO `sys_log` VALUES ('1363305170604969986', '1', 'admin', '机构管理-树型组织列表', '2', 'com.company.project.controller.DeptController.getTree()', '[null]', '192.168.0.100', '2021-02-21 09:50:56');
INSERT INTO `sys_log` VALUES ('1363305170831462402', '1', 'admin', '用户管理-分页获取用户列表', '50', 'com.company.project.controller.UserController.pageInfo()', '[{}]', '192.168.0.100', '2021-02-21 09:50:56');
INSERT INTO `sys_log` VALUES ('1363305190716657665', '1', 'admin', '用户管理-更新用户信息', '67', 'com.company.project.controller.UserController.updateUserInfo()', '[{\"deptId\":\"1331121875856035841\",\"deptName\":\"初中部\",\"email\":\"\",\"id\":\"1361666288046714882\",\"major\":\"\",\"phone\":\"\",\"qualificationImg\":\"\",\"realName\":\"周笔畅\",\"status\":1,\"university\":\"\",\"updateId\":\"1\",\"updateTime\":1613872261045,\"username\":\"lx032\"}]', '192.168.0.100', '2021-02-21 09:51:01');
INSERT INTO `sys_log` VALUES ('1363305195196174337', '1', 'admin', '用户管理-分页获取用户列表', '46', 'com.company.project.controller.UserController.pageInfo()', '[{\"username\":\"\"}]', '192.168.0.100', '2021-02-21 09:51:02');
INSERT INTO `sys_log` VALUES ('1363350493033414658', '1', 'admin', '菜单权限管理-获取所有菜单权限', '190', 'com.company.project.controller.PermissionController.getAllMenusPermission()', null, '192.168.0.100', '2021-02-21 12:51:02');
INSERT INTO `sys_log` VALUES ('1363350540185780226', '1', 'admin', '菜单权限管理-获取所有目录菜单树', '156', 'com.company.project.controller.PermissionController.getAllMenusPermissionTree()', '[\"813029778847170560\"]', '192.168.0.100', '2021-02-21 12:51:13');
INSERT INTO `sys_log` VALUES ('1363350694980763649', '1', 'admin', '菜单权限管理-更新菜单权限', '8', 'com.company.project.controller.PermissionController.updatePermission()', '[{\"icon\":\"\",\"id\":\"813029778847170560\",\"name\":\"dlArrGrade\",\"orderNum\":10,\"perms\":\"\",\"pid\":\"1334808707124068353\",\"pidName\":\"课程管理\",\"status\":1,\"target\":\"_self\",\"type\":2,\"updateTime\":1613883110163,\"url\":\"/index/dlArrGrade\"}]', '192.168.0.100', '2021-02-21 12:51:50');
INSERT INTO `sys_log` VALUES ('1363350695718961154', '1', 'admin', '菜单权限管理-获取所有菜单权限', '162', 'com.company.project.controller.PermissionController.getAllMenusPermission()', null, '192.168.0.100', '2021-02-21 12:51:50');
INSERT INTO `sys_log` VALUES ('1363351588161994753', '1', 'admin', '菜单权限管理-获取所有菜单权限', '150', 'com.company.project.controller.PermissionController.getAllMenusPermission()', null, '192.168.0.100', '2021-02-21 12:55:23');
INSERT INTO `sys_log` VALUES ('1363351983915548673', '1', 'admin', '菜单权限管理-获取所有菜单权限', '154', 'com.company.project.controller.PermissionController.getAllMenusPermission()', null, '192.168.0.100', '2021-02-21 12:56:57');
INSERT INTO `sys_log` VALUES ('1363352158084022274', '1', 'admin', '菜单权限管理-获取所有菜单权限', '152', 'com.company.project.controller.PermissionController.getAllMenusPermission()', null, '192.168.0.100', '2021-02-21 12:57:39');
INSERT INTO `sys_log` VALUES ('1363373432306962434', '1', 'admin', '菜单权限管理-获取所有菜单权限', '345', 'com.company.project.controller.PermissionController.getAllMenusPermission()', null, '192.168.0.100', '2021-02-21 14:22:11');
INSERT INTO `sys_log` VALUES ('1363373440326471681', '1', 'admin', '角色管理-分页获取角色信息', '13', 'com.company.project.controller.RoleController.pageInfo()', '[{}]', '192.168.0.100', '2021-02-21 14:22:13');
INSERT INTO `sys_log` VALUES ('1363373454121537537', '1', 'admin', '角色管理-查询角色详情', '282', 'com.company.project.controller.RoleController.detailInfo()', '[\"1\"]', '192.168.0.100', '2021-02-21 14:22:16');
INSERT INTO `sys_log` VALUES ('1363373500762198017', '1', 'admin', '角色管理-更新角色信息', '117', 'com.company.project.controller.RoleController.updateDept()', '[{\"description\":\"拥有所有权限-不能删除\",\"id\":\"1\",\"name\":\"超级管理员\",\"permissions\":[\"51\",\"11\",\"17\",\"26\",\"40\",\"43\",\"44\",\"53\",\"3\",\"19\",\"36\",\"1311115974068449281\",\"13\",\"39\",\"41\",\"5\",\"9\",\"12\",\"22\",\"38\",\"1334806348645957634\",\"784480084756004864\",\"784480084756004865\",\"784480084756004866\",\"784480084756004867\",\"784480084756004868\",\"784480084814725120\",\"784480084814725121\",\"784480084814725122\",\"784480084814725123\",\"784480084814725124\",\"1334806894995996673\",\"24\",\"10\",\"23\",\"25\",\"42\",\"52\",\"56\",\"57\",\"1334807138768945153\",\"784480084567261184\",\"784480084567261185\",\"784480084567261186\",\"784480084567261187\",\"784480084567261188\",\"784480084693090304\",\"784480084693090305\",\"784480084693090306\",\"784480084693090307\",\"784480084693090308\",\"784480084877639680\",\"784480084877639681\",\"784480084877639682\",\"784480084877639683\",\"784480084877639684\",\"784480085049606144\",\"784480085049606145\",\"784480085049606146\",\"784480085049606147\",\"784480085049606148\",\"789437171000934400\",\"789437171000934401\",\"789437171000934402\",\"789437171000934403\",\"789437171000934404\",\"784480084118470656\",\"1346636399928680450\",\"1347504949065211906\",\"1346636197545123842\",\"1346999702114848769\",\"784480084118470660\",\"784480084118470657\",\"784480084118470658\",\"784480084118470659\",\"796792186363445250\",\"796792186363445252\",\"1334808090397802498\",\"784480084189773824\",\"784480084189773825\",\"784480084189773826\",\"784480084189773827\",\"784480084189773828\",\"784480083837452289\",\"784480083837452290\",\"784480083837452291\",\"784480083837452292\",\"793103294946869249\",\"793103294946869250\",\"793103294946869251\",\"793103294946869252\",\"1344644834154868738\",\"784480084034584577\",\"784480084034584578\",\"784480084034584579\",\"784480084034584580\",\"784480084319797249\",\"784480084319797250\",\"784480084319797251\",\"784480084319797252\",\"784480084256882688\",\"784480084256882689\",\"784480084256882690\",\"784480084256882691\",\"784480084256882692\",\"1346239294743543809\",\"1346451957448769537\",\"1334808707124068353\",\"784480084634370048\",\"784480084634370049\",\"784480084634370050\",\"784480084634370051\",\"784480084634370052\",\"801109371802091520\",\"801109371802091521\",\"801109371802091522\",\"801109371802091523\",\"801109371802091524\",\"801820889640337409\",\"801820889640337410\",\"801820889640337411\",\"801820889640337412\",\"813029778847170561\",\"813029778847170562\",\"813029778847170563\",\"813029778847170564\",\"801109371525267457\",\"801109371525267458\",\"801109371525267459\",\"801109371525267460\",\"1358249691529498626\",\"1361134000829521922\",\"1358222664411832321\",\"807924900420386816\",\"807924900420386817\",\"807924900420386818\",\"807924900420386819\",\"807924900420386820\",\"1334822791945027585\",\"784480084491763712\",\"784480084491763713\",\"784480084491763714\",\"784480084491763715\",\"784480084491763716\",\"1339549078235017217\",\"784480084932165632\",\"784480084932165633\",\"784480084932165634\",\"784480084932165635\",\"784480084932165636\",\"1335060861890002945\",\"784480084986691584\",\"784480084986691585\",\"784480084986691586\",\"784480084986691587\",\"784480084986691588\",\"784480085104132096\",\"784480085104132097\",\"784480085104132098\",\"784480085104132099\",\"784480085104132100\",\"796380986987249664\",\"796380986987249665\",\"796380986987249666\",\"796380986987249667\",\"796380986987249668\",\"54\",\"15\",\"1\",\"4\",\"16\",\"20\",\"27\",\"28\",\"29\",\"30\",\"31\",\"32\",\"33\",\"34\",\"35\",\"45\",\"46\",\"47\",\"48\",\"49\",\"1339410383213309953\",\"59\",\"60\",\"61\",\"62\",\"63\",\"55\",\"18\",\"14\",\"8\",\"7\",\"58\",\"21\",\"50\",\"2\",\"6\"],\"status\":1,\"updateTime\":1613888547382}]', '192.168.0.100', '2021-02-21 14:22:27');
INSERT INTO `sys_log` VALUES ('1363373501085159425', '1', 'admin', '角色管理-分页获取角色信息', '4', 'com.company.project.controller.RoleController.pageInfo()', '[{\"name\":\"\"}]', '192.168.0.100', '2021-02-21 14:22:27');
INSERT INTO `sys_log` VALUES ('1363852106193993730', '1', 'admin', '菜单权限管理-获取所有菜单权限', '388', 'com.company.project.controller.PermissionController.getAllMenusPermission()', null, '192.168.0.103', '2021-02-22 22:04:15');
INSERT INTO `sys_log` VALUES ('1363852262494732289', '1', 'admin', '菜单权限管理-获取所有菜单权限', '256', 'com.company.project.controller.PermissionController.getAllMenusPermission()', null, '192.168.0.103', '2021-02-22 22:04:53');
INSERT INTO `sys_log` VALUES ('1363852307747078146', '1', 'admin', '菜单权限管理-获取所有目录菜单树', '242', 'com.company.project.controller.PermissionController.getAllMenusPermissionTree()', '[\"1334808707124068353\"]', '192.168.0.103', '2021-02-22 22:05:03');
INSERT INTO `sys_log` VALUES ('1363852354043805697', '1', 'admin', '菜单权限管理-获取所有目录菜单树', '217', 'com.company.project.controller.PermissionController.getAllMenusPermissionTree()', '[\"1334808090397802498\"]', '192.168.0.103', '2021-02-22 22:05:15');
INSERT INTO `sys_log` VALUES ('1363852367012593666', '1', 'admin', '菜单权限管理-更新菜单权限', '17', 'com.company.project.controller.PermissionController.updatePermission()', '[{\"icon\":\"layui-icon-edit\",\"id\":\"1334808090397802498\",\"name\":\"考试管理\",\"orderNum\":5,\"perms\":\"\",\"pid\":\"0\",\"pidName\":\"\",\"status\":1,\"target\":\"_self\",\"type\":1,\"updateTime\":1614002718088,\"url\":\"\"}]', '192.168.0.103', '2021-02-22 22:05:18');
INSERT INTO `sys_log` VALUES ('1363852367931146242', '1', 'admin', '菜单权限管理-获取所有菜单权限', '199', 'com.company.project.controller.PermissionController.getAllMenusPermission()', null, '192.168.0.103', '2021-02-22 22:05:18');
INSERT INTO `sys_log` VALUES ('1363852432858972162', '1', 'admin', '菜单权限管理-获取所有目录菜单树', '191', 'com.company.project.controller.PermissionController.getAllMenusPermissionTree()', '[\"1334808707124068353\"]', '192.168.0.103', '2021-02-22 22:05:33');
INSERT INTO `sys_log` VALUES ('1363852487779188737', '1', 'admin', '菜单权限管理-获取所有目录菜单树', '166', 'com.company.project.controller.PermissionController.getAllMenusPermissionTree()', '[\"\"]', '192.168.0.103', '2021-02-22 22:05:46');
INSERT INTO `sys_log` VALUES ('1363852848401252353', '1', 'admin', '菜单权限管理-新增菜单权限', '7', 'com.company.project.controller.PermissionController.addPermission()', '[{\"createTime\":1614002832870,\"deleted\":1,\"icon\":\"layui-icon-table\",\"id\":\"1363852848371892225\",\"name\":\"排课管理\",\"orderNum\":5,\"perms\":\"\",\"pid\":\"0\",\"pidName\":\"默认顶级菜单\",\"status\":1,\"target\":\"_self\",\"type\":1,\"updateTime\":1614002832870,\"url\":\"\"}]', '192.168.0.103', '2021-02-22 22:07:12');
INSERT INTO `sys_log` VALUES ('1363852849189781506', '1', 'admin', '菜单权限管理-获取所有菜单权限', '173', 'com.company.project.controller.PermissionController.getAllMenusPermission()', null, '192.168.0.103', '2021-02-22 22:07:13');
INSERT INTO `sys_log` VALUES ('1363852969595666433', '1', 'admin', '菜单权限管理-删除菜单权限', '29', 'com.company.project.controller.PermissionController.deleted()', '[\"1363852848371892225\"]', '192.168.0.103', '2021-02-22 22:07:41');
INSERT INTO `sys_log` VALUES ('1363852970342252545', '1', 'admin', '菜单权限管理-获取所有菜单权限', '156', 'com.company.project.controller.PermissionController.getAllMenusPermission()', null, '192.168.0.103', '2021-02-22 22:07:41');
INSERT INTO `sys_log` VALUES ('1363853043532857346', '1', 'admin', '菜单权限管理-获取所有目录菜单树', '150', 'com.company.project.controller.PermissionController.getAllMenusPermissionTree()', '[\"1334808707124068353\"]', '192.168.0.103', '2021-02-22 22:07:59');
INSERT INTO `sys_log` VALUES ('1363853067998232577', '1', 'admin', '菜单权限管理-更新菜单权限', '7', 'com.company.project.controller.PermissionController.updatePermission()', '[{\"icon\":\"layui-icon-table\",\"id\":\"1334808707124068353\",\"name\":\"排课管理\",\"orderNum\":7,\"perms\":\"\",\"pid\":\"0\",\"pidName\":\"\",\"status\":1,\"target\":\"_self\",\"type\":1,\"updateTime\":1614002885221,\"url\":\"\"}]', '192.168.0.103', '2021-02-22 22:08:05');
INSERT INTO `sys_log` VALUES ('1363853068669321218', '1', 'admin', '菜单权限管理-获取所有菜单权限', '144', 'com.company.project.controller.PermissionController.getAllMenusPermission()', null, '192.168.0.103', '2021-02-22 22:08:05');
INSERT INTO `sys_log` VALUES ('1363853260936216578', '1', 'admin', '菜单权限管理-获取所有目录菜单树', '145', 'com.company.project.controller.PermissionController.getAllMenusPermissionTree()', '[\"1358222664411832321\"]', '192.168.0.103', '2021-02-22 22:08:51');
INSERT INTO `sys_log` VALUES ('1363853274387349506', '1', 'admin', '菜单权限管理-获取所有目录菜单树', '161', 'com.company.project.controller.PermissionController.getAllMenusPermissionTree()', '[\"\"]', '192.168.0.103', '2021-02-22 22:08:54');
INSERT INTO `sys_log` VALUES ('1363853306146619393', '1', 'admin', '菜单权限管理-获取所有目录菜单树', '136', 'com.company.project.controller.PermissionController.getAllMenusPermissionTree()', '[\"\"]', '192.168.0.103', '2021-02-22 22:09:02');
INSERT INTO `sys_log` VALUES ('1363853392184377346', '1', 'admin', '菜单权限管理-获取所有目录菜单树', '190', 'com.company.project.controller.PermissionController.getAllMenusPermissionTree()', '[\"\"]', '192.168.0.103', '2021-02-22 22:09:22');
INSERT INTO `sys_log` VALUES ('1363853476502470657', '1', 'admin', '菜单权限管理-新增菜单权限', '6', 'com.company.project.controller.PermissionController.addPermission()', '[{\"createTime\":1614002982620,\"deleted\":1,\"icon\":\"\",\"id\":\"1363853476443750402\",\"name\":\"新增\",\"orderNum\":1,\"perms\":\"dlCourseTable:add\",\"pid\":\"1358222664411832321\",\"pidName\":\"班级课表\",\"status\":1,\"target\":\"_self\",\"type\":3,\"updateTime\":1614002982620,\"url\":\"dlCourseTable/add\"}]', '192.168.0.103', '2021-02-22 22:09:42');
INSERT INTO `sys_log` VALUES ('1363853477148393473', '1', 'admin', '菜单权限管理-获取所有菜单权限', '140', 'com.company.project.controller.PermissionController.getAllMenusPermission()', null, '192.168.0.103', '2021-02-22 22:09:42');
INSERT INTO `sys_log` VALUES ('1363853491245449218', '1', 'admin', '菜单权限管理-获取所有目录菜单树', '120', 'com.company.project.controller.PermissionController.getAllMenusPermissionTree()', '[\"\"]', '192.168.0.103', '2021-02-22 22:09:46');
INSERT INTO `sys_log` VALUES ('1363853600788086786', '1', 'admin', '菜单权限管理-获取所有目录菜单树', '142', 'com.company.project.controller.PermissionController.getAllMenusPermissionTree()', '[\"\"]', '192.168.0.103', '2021-02-22 22:10:12');
INSERT INTO `sys_log` VALUES ('1363853679485812737', '1', 'admin', '菜单权限管理-新增菜单权限', '10', 'com.company.project.controller.PermissionController.addPermission()', '[{\"createTime\":1614003031011,\"deleted\":1,\"icon\":\"\",\"id\":\"1363853679435481089\",\"name\":\"修改\",\"orderNum\":2,\"perms\":\"dlCourseTable:update\",\"pid\":\"1358222664411832321\",\"pidName\":\"班级课表\",\"status\":1,\"target\":\"_self\",\"type\":3,\"updateTime\":1614003031011,\"url\":\"dlCourseTable/update\"}]', '192.168.0.103', '2021-02-22 22:10:31');
INSERT INTO `sys_log` VALUES ('1363853680177872898', '1', 'admin', '菜单权限管理-获取所有菜单权限', '150', 'com.company.project.controller.PermissionController.getAllMenusPermission()', null, '192.168.0.103', '2021-02-22 22:10:31');
INSERT INTO `sys_log` VALUES ('1363853768568635393', '1', 'admin', '菜单权限管理-获取所有目录菜单树', '141', 'com.company.project.controller.PermissionController.getAllMenusPermissionTree()', '[\"\"]', '192.168.0.103', '2021-02-22 22:10:52');
INSERT INTO `sys_log` VALUES ('1363853836604440577', '1', 'admin', '菜单权限管理-新增菜单权限', '6', 'com.company.project.controller.PermissionController.addPermission()', '[{\"createTime\":1614003068474,\"deleted\":1,\"icon\":\"\",\"id\":\"1363853836570886146\",\"name\":\"删除\",\"orderNum\":3,\"perms\":\"dlCourseTable:delete\",\"pid\":\"1358222664411832321\",\"pidName\":\"班级课表\",\"status\":1,\"target\":\"_self\",\"type\":3,\"updateTime\":1614003068474,\"url\":\"dlCourseTable/delete\"}]', '192.168.0.103', '2021-02-22 22:11:08');
INSERT INTO `sys_log` VALUES ('1363853837229391873', '1', 'admin', '菜单权限管理-获取所有菜单权限', '134', 'com.company.project.controller.PermissionController.getAllMenusPermission()', null, '192.168.0.103', '2021-02-22 22:11:08');
INSERT INTO `sys_log` VALUES ('1363853846603661314', '1', 'admin', '菜单权限管理-获取所有目录菜单树', '138', 'com.company.project.controller.PermissionController.getAllMenusPermissionTree()', '[\"\"]', '192.168.0.103', '2021-02-22 22:11:10');
INSERT INTO `sys_log` VALUES ('1363853954254667777', '1', 'admin', '菜单权限管理-新增菜单权限', '6', 'com.company.project.controller.PermissionController.addPermission()', '[{\"createTime\":1614003096523,\"deleted\":1,\"icon\":\"\",\"id\":\"1363853954212724738\",\"name\":\"列表\",\"orderNum\":4,\"perms\":\"dlCourseTable:list\",\"pid\":\"1358222664411832321\",\"pidName\":\"班级课表\",\"status\":1,\"target\":\"_self\",\"type\":3,\"updateTime\":1614003096523,\"url\":\"dlCourseTable/listPage\"}]', '192.168.0.103', '2021-02-22 22:11:36');
INSERT INTO `sys_log` VALUES ('1363853954858647554', '1', 'admin', '菜单权限管理-获取所有菜单权限', '132', 'com.company.project.controller.PermissionController.getAllMenusPermission()', null, '192.168.0.103', '2021-02-22 22:11:36');
INSERT INTO `sys_log` VALUES ('1363854059997265922', '1', 'admin', '菜单权限管理-获取所有目录菜单树', '139', 'com.company.project.controller.PermissionController.getAllMenusPermissionTree()', '[\"1363853954212724738\"]', '192.168.0.103', '2021-02-22 22:12:01');
INSERT INTO `sys_log` VALUES ('1363854092532482050', '1', 'admin', '菜单权限管理-更新菜单权限', '10', 'com.company.project.controller.PermissionController.updatePermission()', '[{\"icon\":\"\",\"id\":\"1363853954212724738\",\"name\":\"列表\",\"orderNum\":4,\"perms\":\"dlCourseTable:list\",\"pid\":\"1358222664411832321\",\"pidName\":\"班级课表\",\"status\":1,\"target\":\"_self\",\"type\":3,\"updateTime\":1614003129489,\"url\":\"dlCourseTable/listByPage\"}]', '192.168.0.103', '2021-02-22 22:12:09');
INSERT INTO `sys_log` VALUES ('1363854093207764994', '1', 'admin', '菜单权限管理-获取所有菜单权限', '148', 'com.company.project.controller.PermissionController.getAllMenusPermission()', null, '192.168.0.103', '2021-02-22 22:12:09');
INSERT INTO `sys_log` VALUES ('1363854187608965122', '1', 'admin', '菜单权限管理-获取所有目录菜单树', '143', 'com.company.project.controller.PermissionController.getAllMenusPermissionTree()', '[\"784480084634370048\"]', '192.168.0.103', '2021-02-22 22:12:32');
INSERT INTO `sys_log` VALUES ('1363854257217634305', '1', 'admin', '菜单权限管理-更新菜单权限', '11', 'com.company.project.controller.PermissionController.updatePermission()', '[{\"icon\":\"\",\"id\":\"784480084634370048\",\"name\":\"班级课程设置\",\"orderNum\":1,\"perms\":\"\",\"pid\":\"1334822791945027585\",\"pidName\":\"教务管理\",\"status\":1,\"target\":\"_self\",\"type\":2,\"updateTime\":1614003168751,\"url\":\"/index/dlClassTeacher\"}]', '192.168.0.103', '2021-02-22 22:12:48');
INSERT INTO `sys_log` VALUES ('1363854257863557121', '1', 'admin', '菜单权限管理-获取所有菜单权限', '143', 'com.company.project.controller.PermissionController.getAllMenusPermission()', null, '192.168.0.103', '2021-02-22 22:12:48');
INSERT INTO `sys_log` VALUES ('1363854358463938561', '1', 'admin', '菜单权限管理-获取所有目录菜单树', '133', 'com.company.project.controller.PermissionController.getAllMenusPermissionTree()', '[\"\"]', '192.168.0.103', '2021-02-22 22:13:12');
INSERT INTO `sys_log` VALUES ('1363854667751915521', '1', 'admin', '菜单权限管理-新增菜单权限', '13', 'com.company.project.controller.PermissionController.addPermission()', '[{\"createTime\":1614003266632,\"deleted\":1,\"icon\":\"\",\"id\":\"1363854667705778178\",\"name\":\"调课管理\",\"orderNum\":4,\"perms\":\"\",\"pid\":\"1334808707124068353\",\"pidName\":\"排课管理\",\"status\":1,\"target\":\"_self\",\"type\":2,\"updateTime\":1614003266632,\"url\":\"/index/dlCourseTable\"}]', '192.168.0.103', '2021-02-22 22:14:26');
INSERT INTO `sys_log` VALUES ('1363854668423004162', '1', 'admin', '菜单权限管理-获取所有菜单权限', '145', 'com.company.project.controller.PermissionController.getAllMenusPermission()', null, '192.168.0.103', '2021-02-22 22:14:26');
INSERT INTO `sys_log` VALUES ('1363854680615845889', '1', 'admin', '角色管理-分页获取角色信息', '53', 'com.company.project.controller.RoleController.pageInfo()', '[{}]', '192.168.0.103', '2021-02-22 22:14:29');
INSERT INTO `sys_log` VALUES ('1363854692657692673', '1', 'admin', '角色管理-查询角色详情', '148', 'com.company.project.controller.RoleController.detailInfo()', '[\"1\"]', '192.168.0.103', '2021-02-22 22:14:32');
INSERT INTO `sys_log` VALUES ('1363854812992274434', '1', 'admin', '角色管理-更新角色信息', '90', 'com.company.project.controller.RoleController.updateDept()', '[{\"description\":\"拥有所有权限-不能删除\",\"id\":\"1\",\"name\":\"超级管理员\",\"permissions\":[\"51\",\"11\",\"17\",\"26\",\"40\",\"43\",\"44\",\"53\",\"3\",\"19\",\"36\",\"1311115974068449281\",\"13\",\"39\",\"41\",\"5\",\"9\",\"12\",\"22\",\"38\",\"1334806348645957634\",\"784480084756004864\",\"784480084756004865\",\"784480084756004866\",\"784480084756004867\",\"784480084756004868\",\"784480084814725120\",\"784480084814725121\",\"784480084814725122\",\"784480084814725123\",\"784480084814725124\",\"1334806894995996673\",\"24\",\"10\",\"23\",\"25\",\"42\",\"52\",\"56\",\"57\",\"1334807138768945153\",\"784480084567261184\",\"784480084567261185\",\"784480084567261186\",\"784480084567261187\",\"784480084567261188\",\"784480084693090304\",\"784480084693090305\",\"784480084693090306\",\"784480084693090307\",\"784480084693090308\",\"784480084877639680\",\"784480084877639681\",\"784480084877639682\",\"784480084877639683\",\"784480084877639684\",\"784480085049606144\",\"784480085049606145\",\"784480085049606146\",\"784480085049606147\",\"784480085049606148\",\"789437171000934400\",\"789437171000934401\",\"789437171000934402\",\"789437171000934403\",\"789437171000934404\",\"1334808090397802498\",\"784480084189773824\",\"784480084189773825\",\"784480084189773826\",\"784480084189773827\",\"784480084189773828\",\"784480083837452289\",\"784480083837452290\",\"784480083837452291\",\"784480083837452292\",\"793103294946869249\",\"793103294946869250\",\"793103294946869251\",\"793103294946869252\",\"1344644834154868738\",\"784480084034584577\",\"784480084034584578\",\"784480084034584579\",\"784480084034584580\",\"784480084319797249\",\"784480084319797250\",\"784480084319797251\",\"784480084319797252\",\"784480084256882688\",\"784480084256882689\",\"784480084256882690\",\"784480084256882691\",\"784480084256882692\",\"1346239294743543809\",\"1346451957448769537\",\"784480084118470656\",\"1346636399928680450\",\"1347504949065211906\",\"1346636197545123842\",\"1346999702114848769\",\"784480084118470660\",\"784480084118470657\",\"784480084118470658\",\"784480084118470659\",\"796792186363445250\",\"796792186363445252\",\"1334808707124068353\",\"801109371802091520\",\"801109371802091521\",\"801109371802091522\",\"801109371802091523\",\"801109371802091524\",\"801820889640337409\",\"801820889640337410\",\"801820889640337411\",\"801820889640337412\",\"813029778847170561\",\"813029778847170562\",\"813029778847170563\",\"813029778847170564\",\"801109371525267457\",\"801109371525267458\",\"801109371525267459\",\"801109371525267460\",\"1358249691529498626\",\"1361134000829521922\",\"1358222664411832321\",\"1363853476443750402\",\"1363853679435481089\",\"1363853836570886146\",\"1363853954212724738\",\"1363854667705778178\",\"807924900420386816\",\"807924900420386817\",\"807924900420386818\",\"807924900420386819\",\"807924900420386820\",\"1334822791945027585\",\"784480084634370048\",\"784480084634370049\",\"784480084634370050\",\"784480084634370051\",\"784480084634370052\",\"784480084491763712\",\"784480084491763713\",\"784480084491763714\",\"784480084491763715\",\"784480084491763716\",\"1339549078235017217\",\"784480084932165632\",\"784480084932165633\",\"784480084932165634\",\"784480084932165635\",\"784480084932165636\",\"1335060861890002945\",\"784480084986691584\",\"784480084986691585\",\"784480084986691586\",\"784480084986691587\",\"784480084986691588\",\"784480085104132096\",\"784480085104132097\",\"784480085104132098\",\"784480085104132099\",\"784480085104132100\",\"796380986987249664\",\"796380986987249665\",\"796380986987249666\",\"796380986987249667\",\"796380986987249668\",\"54\",\"15\",\"1\",\"4\",\"16\",\"20\",\"27\",\"28\",\"29\",\"30\",\"31\",\"32\",\"33\",\"34\",\"35\",\"45\",\"46\",\"47\",\"48\",\"49\",\"1339410383213309953\",\"59\",\"60\",\"61\",\"62\",\"63\",\"55\",\"18\",\"14\",\"8\",\"7\",\"58\",\"21\",\"50\",\"2\",\"6\"],\"status\":1,\"updateTime\":1614003301180}]', '192.168.0.103', '2021-02-22 22:15:01');
INSERT INTO `sys_log` VALUES ('1363854813294264321', '1', 'admin', '角色管理-分页获取角色信息', '3', 'com.company.project.controller.RoleController.pageInfo()', '[{\"name\":\"\"}]', '192.168.0.103', '2021-02-22 22:15:01');
INSERT INTO `sys_log` VALUES ('1363854980697325570', '1', 'admin', '菜单权限管理-获取所有目录菜单树', '193', 'com.company.project.controller.PermissionController.getAllMenusPermissionTree()', '[\"\"]', '192.168.0.103', '2021-02-22 22:15:41');
INSERT INTO `sys_log` VALUES ('1363855111115014145', '1', 'admin', '菜单权限管理-新增菜单权限', '10', 'com.company.project.controller.PermissionController.addPermission()', '[{\"createTime\":1614003372337,\"deleted\":1,\"icon\":\"\",\"id\":\"1363855111060488194\",\"name\":\"调课\",\"orderNum\":1,\"perms\":\"dlCourseTable:exchange\",\"pid\":\"1363854667705778178\",\"pidName\":\"调课管理\",\"status\":1,\"target\":\"_self\",\"type\":3,\"updateTime\":1614003372337,\"url\":\"dlCourseTable/exchange\"}]', '192.168.0.103', '2021-02-22 22:16:12');
INSERT INTO `sys_log` VALUES ('1363855111765131266', '1', 'admin', '菜单权限管理-获取所有菜单权限', '145', 'com.company.project.controller.PermissionController.getAllMenusPermission()', null, '192.168.0.103', '2021-02-22 22:16:12');
INSERT INTO `sys_log` VALUES ('1363855124180271105', '1', 'admin', '菜单权限管理-获取所有目录菜单树', '147', 'com.company.project.controller.PermissionController.getAllMenusPermissionTree()', '[\"\"]', '192.168.0.103', '2021-02-22 22:16:15');
INSERT INTO `sys_log` VALUES ('1363855345048125441', '1', 'admin', '菜单权限管理-新增菜单权限', '6', 'com.company.project.controller.PermissionController.addPermission()', '[{\"createTime\":1614003428114,\"deleted\":1,\"icon\":\"\",\"id\":\"1363855345006182401\",\"name\":\"列表\",\"orderNum\":2,\"perms\":\"dlCourseTable:list\",\"pid\":\"1363854667705778178\",\"pidName\":\"调课管理\",\"status\":1,\"target\":\"_self\",\"type\":3,\"updateTime\":1614003428114,\"url\":\"dlCourseTable/table\"}]', '192.168.0.103', '2021-02-22 22:17:08');
INSERT INTO `sys_log` VALUES ('1363855345756962817', '1', 'admin', '菜单权限管理-获取所有菜单权限', '158', 'com.company.project.controller.PermissionController.getAllMenusPermission()', null, '192.168.0.103', '2021-02-22 22:17:08');
INSERT INTO `sys_log` VALUES ('1363855417697665025', '1', 'admin', '角色管理-分页获取角色信息', '4', 'com.company.project.controller.RoleController.pageInfo()', '[{}]', '192.168.0.103', '2021-02-22 22:17:25');
INSERT INTO `sys_log` VALUES ('1363855428514775042', '1', 'admin', '角色管理-查询角色详情', '170', 'com.company.project.controller.RoleController.detailInfo()', '[\"1\"]', '192.168.0.103', '2021-02-22 22:17:28');
INSERT INTO `sys_log` VALUES ('1363855474866028546', '1', 'admin', '角色管理-更新角色信息', '58', 'com.company.project.controller.RoleController.updateDept()', '[{\"description\":\"拥有所有权限-不能删除\",\"id\":\"1\",\"name\":\"超级管理员\",\"permissions\":[\"51\",\"11\",\"17\",\"26\",\"40\",\"43\",\"44\",\"53\",\"3\",\"19\",\"36\",\"1311115974068449281\",\"13\",\"39\",\"41\",\"5\",\"9\",\"12\",\"22\",\"38\",\"1334806348645957634\",\"784480084756004864\",\"784480084756004865\",\"784480084756004866\",\"784480084756004867\",\"784480084756004868\",\"784480084814725120\",\"784480084814725121\",\"784480084814725122\",\"784480084814725123\",\"784480084814725124\",\"1334806894995996673\",\"24\",\"10\",\"23\",\"25\",\"42\",\"52\",\"56\",\"57\",\"1334807138768945153\",\"784480084567261184\",\"784480084567261185\",\"784480084567261186\",\"784480084567261187\",\"784480084567261188\",\"784480084693090304\",\"784480084693090305\",\"784480084693090306\",\"784480084693090307\",\"784480084693090308\",\"784480084877639680\",\"784480084877639681\",\"784480084877639682\",\"784480084877639683\",\"784480084877639684\",\"784480085049606144\",\"784480085049606145\",\"784480085049606146\",\"784480085049606147\",\"784480085049606148\",\"789437171000934400\",\"789437171000934401\",\"789437171000934402\",\"789437171000934403\",\"789437171000934404\",\"1334808090397802498\",\"784480084189773824\",\"784480084189773825\",\"784480084189773826\",\"784480084189773827\",\"784480084189773828\",\"784480083837452289\",\"784480083837452290\",\"784480083837452291\",\"784480083837452292\",\"793103294946869249\",\"793103294946869250\",\"793103294946869251\",\"793103294946869252\",\"1344644834154868738\",\"784480084034584577\",\"784480084034584578\",\"784480084034584579\",\"784480084034584580\",\"784480084319797249\",\"784480084319797250\",\"784480084319797251\",\"784480084319797252\",\"784480084256882688\",\"784480084256882689\",\"784480084256882690\",\"784480084256882691\",\"784480084256882692\",\"1346239294743543809\",\"1346451957448769537\",\"784480084118470656\",\"1346636399928680450\",\"1347504949065211906\",\"1346636197545123842\",\"1346999702114848769\",\"784480084118470660\",\"784480084118470657\",\"784480084118470658\",\"784480084118470659\",\"796792186363445250\",\"796792186363445252\",\"1334808707124068353\",\"801109371802091520\",\"801109371802091521\",\"801109371802091522\",\"801109371802091523\",\"801109371802091524\",\"801820889640337409\",\"801820889640337410\",\"801820889640337411\",\"801820889640337412\",\"813029778847170561\",\"813029778847170562\",\"813029778847170563\",\"813029778847170564\",\"801109371525267457\",\"801109371525267458\",\"801109371525267459\",\"801109371525267460\",\"1358249691529498626\",\"1361134000829521922\",\"1358222664411832321\",\"1363853476443750402\",\"1363853679435481089\",\"1363853836570886146\",\"1363853954212724738\",\"1363854667705778178\",\"1363855111060488194\",\"1363855345006182401\",\"807924900420386816\",\"807924900420386817\",\"807924900420386818\",\"807924900420386819\",\"807924900420386820\",\"1334822791945027585\",\"784480084634370048\",\"784480084634370049\",\"784480084634370050\",\"784480084634370051\",\"784480084634370052\",\"784480084491763712\",\"784480084491763713\",\"784480084491763714\",\"784480084491763715\",\"784480084491763716\",\"1339549078235017217\",\"784480084932165632\",\"784480084932165633\",\"784480084932165634\",\"784480084932165635\",\"784480084932165636\",\"1335060861890002945\",\"784480084986691584\",\"784480084986691585\",\"784480084986691586\",\"784480084986691587\",\"784480084986691588\",\"784480085104132096\",\"784480085104132097\",\"784480085104132098\",\"784480085104132099\",\"784480085104132100\",\"796380986987249664\",\"796380986987249665\",\"796380986987249666\",\"796380986987249667\",\"796380986987249668\",\"54\",\"15\",\"1\",\"4\",\"16\",\"20\",\"27\",\"28\",\"29\",\"30\",\"31\",\"32\",\"33\",\"34\",\"35\",\"45\",\"46\",\"47\",\"48\",\"49\",\"1339410383213309953\",\"59\",\"60\",\"61\",\"62\",\"63\",\"55\",\"18\",\"14\",\"8\",\"7\",\"58\",\"21\",\"50\",\"2\",\"6\"],\"status\":1,\"updateTime\":1614003459013}]', '192.168.0.103', '2021-02-22 22:17:39');
INSERT INTO `sys_log` VALUES ('1363855475130269698', '1', 'admin', '角色管理-分页获取角色信息', '3', 'com.company.project.controller.RoleController.pageInfo()', '[{\"name\":\"\"}]', '192.168.0.103', '2021-02-22 22:17:39');
INSERT INTO `sys_log` VALUES ('1363855522341355521', '1', 'admin', '菜单权限管理-获取所有菜单权限', '173', 'com.company.project.controller.PermissionController.getAllMenusPermission()', null, '192.168.0.103', '2021-02-22 22:17:50');
INSERT INTO `sys_log` VALUES ('1363855604344193025', '1', 'admin', '菜单权限管理-获取所有目录菜单树', '149', 'com.company.project.controller.PermissionController.getAllMenusPermissionTree()', '[\"807924900420386816\"]', '192.168.0.103', '2021-02-22 22:18:09');
INSERT INTO `sys_log` VALUES ('1363855614309859330', '1', 'admin', '菜单权限管理-更新菜单权限', '5', 'com.company.project.controller.PermissionController.updatePermission()', '[{\"icon\":\"\",\"id\":\"807924900420386816\",\"name\":\"教师课表\",\"orderNum\":3,\"perms\":\"\",\"pid\":\"1334808707124068353\",\"pidName\":\"排课管理\",\"status\":1,\"target\":\"_self\",\"type\":2,\"updateTime\":1614003492312,\"url\":\"/index/teacherTable\"}]', '192.168.0.103', '2021-02-22 22:18:12');
INSERT INTO `sys_log` VALUES ('1363855614905450498', '1', 'admin', '菜单权限管理-获取所有菜单权限', '131', 'com.company.project.controller.PermissionController.getAllMenusPermission()', null, '192.168.0.103', '2021-02-22 22:18:12');
INSERT INTO `sys_log` VALUES ('1364041410069446657', '1', 'admin', '菜单权限管理-获取所有菜单权限', '314', 'com.company.project.controller.PermissionController.getAllMenusPermission()', null, '192.168.0.103', '2021-02-23 10:36:29');
INSERT INTO `sys_log` VALUES ('1364508985417007105', '1', 'admin', '菜单权限管理-获取所有菜单权限', '344', 'com.company.project.controller.PermissionController.getAllMenusPermission()', null, '192.168.0.104', '2021-02-24 17:34:28');
INSERT INTO `sys_log` VALUES ('1364509019709636609', '1', 'admin', '菜单权限管理-获取所有菜单权限', '261', 'com.company.project.controller.PermissionController.getAllMenusPermission()', null, '192.168.0.104', '2021-02-24 17:34:36');
INSERT INTO `sys_log` VALUES ('1364509049250119681', '1', 'admin', '菜单权限管理-获取所有目录菜单树', '240', 'com.company.project.controller.PermissionController.getAllMenusPermissionTree()', '[\"1334806894995996673\"]', '192.168.0.104', '2021-02-24 17:34:43');
INSERT INTO `sys_log` VALUES ('1364509083639218177', '1', 'admin', '菜单权限管理-更新菜单权限', '15', 'com.company.project.controller.PermissionController.updatePermission()', '[{\"icon\":\"layui-icon-friends\",\"id\":\"1334806894995996673\",\"name\":\"职工管理\",\"orderNum\":3,\"perms\":\"\",\"pid\":\"0\",\"pidName\":\"\",\"status\":1,\"target\":\"_self\",\"type\":1,\"updateTime\":1614159291533,\"url\":\"\"}]', '192.168.0.104', '2021-02-24 17:34:51');
INSERT INTO `sys_log` VALUES ('1364509084574547970', '1', 'admin', '菜单权限管理-获取所有菜单权限', '199', 'com.company.project.controller.PermissionController.getAllMenusPermission()', null, '192.168.0.104', '2021-02-24 17:34:51');
INSERT INTO `sys_log` VALUES ('1364509118229643266', '1', 'admin', '机构管理-树型组织列表', '14', 'com.company.project.controller.DeptController.getTree()', '[null]', '192.168.0.104', '2021-02-24 17:34:59');
INSERT INTO `sys_log` VALUES ('1364509118653267969', '1', 'admin', '用户管理-分页获取用户列表', '103', 'com.company.project.controller.UserController.pageInfo()', '[{}]', '192.168.0.104', '2021-02-24 17:34:59');
INSERT INTO `sys_log` VALUES ('1364557174904033282', '1', 'admin', '菜单权限管理-获取所有菜单权限', '265', 'com.company.project.controller.PermissionController.getAllMenusPermission()', null, '192.168.0.104', '2021-02-24 20:45:57');
INSERT INTO `sys_log` VALUES ('1364557208064200706', '1', 'admin', '菜单权限管理-获取所有目录菜单树', '238', 'com.company.project.controller.PermissionController.getAllMenusPermissionTree()', '[\"1334808707124068353\"]', '192.168.0.104', '2021-02-24 20:46:05');
INSERT INTO `sys_log` VALUES ('1364557231439056898', '1', 'admin', '菜单权限管理-更新菜单权限', '21', 'com.company.project.controller.PermissionController.updatePermission()', '[{\"icon\":\"layui-icon-table\",\"id\":\"1334808707124068353\",\"name\":\"课表管理\",\"orderNum\":7,\"perms\":\"\",\"pid\":\"0\",\"pidName\":\"\",\"status\":1,\"target\":\"_self\",\"type\":1,\"updateTime\":1614170770861,\"url\":\"\"}]', '192.168.0.104', '2021-02-24 20:46:10');
INSERT INTO `sys_log` VALUES ('1364557232475049985', '1', 'admin', '菜单权限管理-获取所有菜单权限', '232', 'com.company.project.controller.PermissionController.getAllMenusPermission()', null, '192.168.0.104', '2021-02-24 20:46:11');
INSERT INTO `sys_log` VALUES ('1364557307007832066', '1', 'admin', '菜单权限管理-获取所有菜单权限', '220', 'com.company.project.controller.PermissionController.getAllMenusPermission()', null, '192.168.0.104', '2021-02-24 20:46:28');
INSERT INTO `sys_log` VALUES ('1364557331934580737', '1', 'admin', '菜单权限管理-获取所有目录菜单树', '193', 'com.company.project.controller.PermissionController.getAllMenusPermissionTree()', '[\"784480084756004864\"]', '192.168.0.104', '2021-02-24 20:46:34');
INSERT INTO `sys_log` VALUES ('1364557386397618177', '1', 'admin', '菜单权限管理-更新菜单权限', '9', 'com.company.project.controller.PermissionController.updatePermission()', '[{\"icon\":\"\",\"id\":\"784480084756004864\",\"name\":\"班级管理\",\"orderNum\":2,\"perms\":\"\",\"pid\":\"1334822791945027585\",\"pidName\":\"教务管理\",\"status\":1,\"target\":\"_self\",\"type\":2,\"updateTime\":1614170807814,\"url\":\"/index/dlClass\"}]', '192.168.0.104', '2021-02-24 20:46:47');
INSERT INTO `sys_log` VALUES ('1364557387098066945', '1', 'admin', '菜单权限管理-获取所有菜单权限', '156', 'com.company.project.controller.PermissionController.getAllMenusPermission()', null, '192.168.0.104', '2021-02-24 20:46:47');
INSERT INTO `sys_log` VALUES ('1364557411311783937', '1', 'admin', '菜单权限管理-获取所有目录菜单树', '131', 'com.company.project.controller.PermissionController.getAllMenusPermissionTree()', '[\"784480084814725120\"]', '192.168.0.104', '2021-02-24 20:46:53');
INSERT INTO `sys_log` VALUES ('1364557443561787393', '1', 'admin', '菜单权限管理-更新菜单权限', '6', 'com.company.project.controller.PermissionController.updatePermission()', '[{\"icon\":\"\",\"id\":\"784480084814725120\",\"name\":\"学生管理\",\"orderNum\":2,\"perms\":\"\",\"pid\":\"1334822791945027585\",\"pidName\":\"教务管理\",\"status\":1,\"target\":\"_self\",\"type\":2,\"updateTime\":1614170821446,\"url\":\"/index/dlStudent\"}]', '192.168.0.104', '2021-02-24 20:47:01');
INSERT INTO `sys_log` VALUES ('1364557444211904513', '1', 'admin', '菜单权限管理-获取所有菜单权限', '141', 'com.company.project.controller.PermissionController.getAllMenusPermission()', null, '192.168.0.104', '2021-02-24 20:47:01');
INSERT INTO `sys_log` VALUES ('1364557478886215681', '1', 'admin', '菜单权限管理-删除菜单权限', '26', 'com.company.project.controller.PermissionController.deleted()', '[\"1334806348645957634\"]', '192.168.0.104', '2021-02-24 20:47:09');
INSERT INTO `sys_log` VALUES ('1364557479624413185', '1', 'admin', '菜单权限管理-获取所有菜单权限', '151', 'com.company.project.controller.PermissionController.getAllMenusPermission()', null, '192.168.0.104', '2021-02-24 20:47:10');
INSERT INTO `sys_log` VALUES ('1364559298933133313', '1', 'admin', '系统操作日志管理-分页查询系统操作日志', '19', 'com.company.project.controller.SysLogController.pageInfo()', '[{}]', '192.168.0.104', '2021-02-24 20:54:23');
INSERT INTO `sys_log` VALUES ('1364560213761167362', '1', 'admin', '用户管理-查询用户详情', '6', 'com.company.project.controller.UserController.youSelfInfo()', null, '192.168.0.104', '2021-02-24 20:58:01');
INSERT INTO `sys_log` VALUES ('1364571043596632065', '1', 'admin', '机构管理-获取所有组织机构', '12', 'com.company.project.controller.DeptController.getDeptAll()', null, '192.168.0.104', '2021-02-24 21:41:03');
INSERT INTO `sys_log` VALUES ('1364571068720513026', '1', 'admin', '用户管理-查询用户详情', '11', 'com.company.project.controller.UserController.youSelfInfo()', null, '192.168.0.104', '2021-02-24 21:41:09');
INSERT INTO `sys_log` VALUES ('1364571079436959745', '1', 'admin', '机构管理-获取所有组织机构', '8', 'com.company.project.controller.DeptController.getDeptAll()', null, '192.168.0.104', '2021-02-24 21:41:12');
INSERT INTO `sys_log` VALUES ('1364571148613615617', '1', 'admin', '机构管理-获取所有组织机构', '7', 'com.company.project.controller.DeptController.getDeptAll()', null, '192.168.0.104', '2021-02-24 21:41:28');
INSERT INTO `sys_log` VALUES ('1364571151084060673', '1', 'admin', '机构管理-获取所有组织机构', '4', 'com.company.project.controller.DeptController.getDeptAll()', null, '192.168.0.104', '2021-02-24 21:41:29');
INSERT INTO `sys_log` VALUES ('1364571152971497474', '1', 'admin', '机构管理-获取所有组织机构', '5', 'com.company.project.controller.DeptController.getDeptAll()', null, '192.168.0.104', '2021-02-24 21:41:30');
INSERT INTO `sys_log` VALUES ('1364571154011684866', '1', 'admin', '机构管理-获取所有组织机构', '15', 'com.company.project.controller.DeptController.getDeptAll()', null, '192.168.0.104', '2021-02-24 21:41:30');
INSERT INTO `sys_log` VALUES ('1364571154770853889', '1', 'admin', '机构管理-获取所有组织机构', '9', 'com.company.project.controller.DeptController.getDeptAll()', null, '192.168.0.104', '2021-02-24 21:41:30');
INSERT INTO `sys_log` VALUES ('1364571156582793218', '1', 'admin', '机构管理-获取所有组织机构', '5', 'com.company.project.controller.DeptController.getDeptAll()', null, '192.168.0.104', '2021-02-24 21:41:30');
INSERT INTO `sys_log` VALUES ('1364571158147268610', '1', 'admin', '机构管理-获取所有组织机构', '4', 'com.company.project.controller.DeptController.getDeptAll()', null, '192.168.0.104', '2021-02-24 21:41:31');
INSERT INTO `sys_log` VALUES ('1364571158986129409', '1', 'admin', '机构管理-获取所有组织机构', '5', 'com.company.project.controller.DeptController.getDeptAll()', null, '192.168.0.104', '2021-02-24 21:41:31');
INSERT INTO `sys_log` VALUES ('1364571159694966786', '1', 'admin', '机构管理-获取所有组织机构', '6', 'com.company.project.controller.DeptController.getDeptAll()', null, '192.168.0.104', '2021-02-24 21:41:31');
INSERT INTO `sys_log` VALUES ('1364571160542216194', '1', 'admin', '机构管理-获取所有组织机构', '6', 'com.company.project.controller.DeptController.getDeptAll()', null, '192.168.0.104', '2021-02-24 21:41:31');
INSERT INTO `sys_log` VALUES ('1364571161230082050', '1', 'admin', '机构管理-获取所有组织机构', '5', 'com.company.project.controller.DeptController.getDeptAll()', null, '192.168.0.104', '2021-02-24 21:41:32');
INSERT INTO `sys_log` VALUES ('1364571161964085250', '1', 'admin', '机构管理-获取所有组织机构', '5', 'com.company.project.controller.DeptController.getDeptAll()', null, '192.168.0.104', '2021-02-24 21:41:32');
INSERT INTO `sys_log` VALUES ('1365231442293743617', '1', 'admin', '用户管理-分页获取用户列表', '57', 'com.company.project.controller.UserController.pageInfo()', '[{\"realName\":\"\",\"username\":\"\"}]', '0:0:0:0:0:0:0:1', '2021-02-26 17:25:15');
INSERT INTO `sys_log` VALUES ('1365233807239434242', '1', 'admin', '用户管理-分页获取用户列表', '62', 'com.company.project.controller.UserController.pageInfo()', '[{\"realName\":\"\",\"username\":\"\"}]', '192.168.0.105', '2021-02-26 17:34:39');
INSERT INTO `sys_log` VALUES ('1365542143256186882', '1', 'admin', '角色管理-分页获取角色信息', '14', 'com.company.project.controller.RoleController.pageInfo()', '[{}]', '192.168.0.105', '2021-02-27 13:59:52');
INSERT INTO `sys_log` VALUES ('1365542329332289538', '1', 'admin', '角色管理-分页获取角色信息', '5', 'com.company.project.controller.RoleController.pageInfo()', '[{}]', '192.168.0.105', '2021-02-27 14:00:36');
INSERT INTO `sys_log` VALUES ('1365542414808010753', '1', 'admin', '角色管理-分页获取角色信息', '4', 'com.company.project.controller.RoleController.pageInfo()', '[{}]', '192.168.0.105', '2021-02-27 14:00:56');
INSERT INTO `sys_log` VALUES ('1365542592034131969', '1', 'admin', '机构管理-获取所有组织机构', '12', 'com.company.project.controller.DeptController.getDeptAll()', null, '192.168.0.105', '2021-02-27 14:01:39');
INSERT INTO `sys_log` VALUES ('1365542688624758785', '1', 'admin', '角色管理-分页获取角色信息', '7', 'com.company.project.controller.RoleController.pageInfo()', '[{}]', '192.168.0.105', '2021-02-27 14:02:02');
INSERT INTO `sys_log` VALUES ('1365542695172067329', '1', 'admin', '机构管理-获取所有组织机构', '6', 'com.company.project.controller.DeptController.getDeptAll()', null, '192.168.0.105', '2021-02-27 14:02:03');
INSERT INTO `sys_log` VALUES ('1365542722695090178', '1', 'admin', '机构管理-树型组织列表', '9', 'com.company.project.controller.DeptController.getTree()', '[null]', '192.168.0.105', '2021-02-27 14:02:10');
INSERT INTO `sys_log` VALUES ('1365542722913193986', '1', 'admin', '用户管理-分页获取用户列表', '54', 'com.company.project.controller.UserController.pageInfo()', '[{}]', '192.168.0.105', '2021-02-27 14:02:10');
INSERT INTO `sys_log` VALUES ('1365542739644272642', '1', 'admin', '角色管理-分页获取角色信息', '5', 'com.company.project.controller.RoleController.pageInfo()', '[{}]', '192.168.0.105', '2021-02-27 14:02:14');
INSERT INTO `sys_log` VALUES ('1365542744874569730', '1', 'admin', '菜单权限管理-获取所有菜单权限', '234', 'com.company.project.controller.PermissionController.getAllMenusPermission()', null, '192.168.0.105', '2021-02-27 14:02:15');
INSERT INTO `sys_log` VALUES ('1365546638396641281', '1', 'admin', '角色管理-分页获取角色信息', '5', 'com.company.project.controller.RoleController.pageInfo()', '[{}]', '192.168.0.105', '2021-02-27 14:17:43');
INSERT INTO `sys_log` VALUES ('1366379433582977026', '1', 'admin', '机构管理-树型组织列表', '13', 'com.company.project.controller.DeptController.getTree()', '[null]', '192.168.0.105', '2021-03-01 21:26:57');
INSERT INTO `sys_log` VALUES ('1366379433788497921', '1', 'admin', '用户管理-分页获取用户列表', '66', 'com.company.project.controller.UserController.pageInfo()', '[{}]', '192.168.0.105', '2021-03-01 21:26:57');
INSERT INTO `sys_log` VALUES ('1366379983380733953', '1', 'admin', '用户管理-分页获取用户列表', '67', 'com.company.project.controller.UserController.pageInfo()', '[{\"deptNo\":\"D000003\",\"username\":\"\"}]', '192.168.0.105', '2021-03-01 21:29:08');
INSERT INTO `sys_log` VALUES ('1366380083029008385', '1', 'admin', '用户管理-更新用户信息', '73', 'com.company.project.controller.UserController.updateUserInfo()', '[{\"deptId\":\"1331121936392425474\",\"deptName\":\"小学部\",\"email\":\"\",\"id\":\"1361663771472703489\",\"major\":\"\",\"phone\":\"\",\"qualificationImg\":\"\",\"realName\":\"陈雪莲\",\"status\":1,\"university\":\"\",\"updateId\":\"1\",\"updateTime\":1614605372495,\"username\":\"lx009\"}]', '192.168.0.105', '2021-03-01 21:29:32');
INSERT INTO `sys_log` VALUES ('1366380083452633089', '1', 'admin', '用户管理-分页获取用户列表', '53', 'com.company.project.controller.UserController.pageInfo()', '[{\"deptNo\":\"D000003\",\"username\":\"\"}]', '192.168.0.105', '2021-03-01 21:29:32');
INSERT INTO `sys_log` VALUES ('1366380169419087874', '1', 'admin', '用户管理-更新用户信息', '53', 'com.company.project.controller.UserController.updateUserInfo()', '[{\"deptId\":\"1331121936392425474\",\"deptName\":\"小学部\",\"email\":\"\",\"id\":\"1361663636822962178\",\"major\":\"\",\"phone\":\"\",\"qualificationImg\":\"\",\"realName\":\"梁金梅\",\"status\":1,\"university\":\"\",\"updateId\":\"1\",\"updateTime\":1614605393107,\"username\":\"lx008\"}]', '192.168.0.105', '2021-03-01 21:29:53');
INSERT INTO `sys_log` VALUES ('1366380169842712577', '1', 'admin', '用户管理-分页获取用户列表', '53', 'com.company.project.controller.UserController.pageInfo()', '[{\"deptNo\":\"D000003\",\"username\":\"\"}]', '192.168.0.105', '2021-03-01 21:29:53');
INSERT INTO `sys_log` VALUES ('1366380221524926466', '1', 'admin', '用户管理-更新用户信息', '45', 'com.company.project.controller.UserController.updateUserInfo()', '[{\"deptId\":\"1331121936392425474\",\"deptName\":\"小学部\",\"email\":\"\",\"id\":\"1361663469436678145\",\"major\":\"\",\"phone\":\"\",\"qualificationImg\":\"\",\"realName\":\"罗娜\",\"status\":1,\"university\":\"\",\"updateId\":\"1\",\"updateTime\":1614605405544,\"username\":\"lx007\"}]', '192.168.0.105', '2021-03-01 21:30:05');
INSERT INTO `sys_log` VALUES ('1366380221952745474', '1', 'admin', '用户管理-分页获取用户列表', '52', 'com.company.project.controller.UserController.pageInfo()', '[{\"deptNo\":\"D000003\",\"username\":\"\"}]', '192.168.0.105', '2021-03-01 21:30:05');
INSERT INTO `sys_log` VALUES ('1366380321689100290', '1', 'admin', '用户管理-更新用户信息', '43', 'com.company.project.controller.UserController.updateUserInfo()', '[{\"deptId\":\"1331121936392425474\",\"deptName\":\"小学部\",\"email\":\"\",\"id\":\"1361659512253460482\",\"major\":\"\",\"phone\":\"\",\"qualificationImg\":\"\",\"realName\":\"张峻榕\",\"status\":1,\"university\":\"\",\"updateId\":\"1\",\"updateTime\":1614605429424,\"username\":\"lx006\"}]', '192.168.0.105', '2021-03-01 21:30:29');
INSERT INTO `sys_log` VALUES ('1366380322028838913', '1', 'admin', '用户管理-分页获取用户列表', '45', 'com.company.project.controller.UserController.pageInfo()', '[{\"deptNo\":\"D000003\",\"username\":\"\"}]', '192.168.0.105', '2021-03-01 21:30:29');
INSERT INTO `sys_log` VALUES ('1366380390077227010', '1', 'admin', '用户管理-更新用户信息', '30', 'com.company.project.controller.UserController.updateUserInfo()', '[{\"deptId\":\"1331121936392425474\",\"deptName\":\"小学部\",\"email\":\"\",\"id\":\"1361659438731505666\",\"major\":\"\",\"phone\":\"\",\"qualificationImg\":\"\",\"realName\":\"胡小辉\",\"status\":1,\"university\":\"\",\"updateId\":\"1\",\"updateTime\":1614605445743,\"username\":\"lx005\"}]', '192.168.0.105', '2021-03-01 21:30:45');
INSERT INTO `sys_log` VALUES ('1366380390416965633', '1', 'admin', '用户管理-分页获取用户列表', '41', 'com.company.project.controller.UserController.pageInfo()', '[{\"deptNo\":\"D000003\",\"username\":\"\"}]', '192.168.0.105', '2021-03-01 21:30:45');
INSERT INTO `sys_log` VALUES ('1366380445463011329', '1', 'admin', '用户管理-更新用户信息', '36', 'com.company.project.controller.UserController.updateUserInfo()', '[{\"deptId\":\"1331121936392425474\",\"deptName\":\"小学部\",\"email\":\"\",\"id\":\"1361659221915348994\",\"major\":\"\",\"phone\":\"\",\"qualificationImg\":\"\",\"realName\":\"梅宝琳\",\"status\":1,\"university\":\"\",\"updateId\":\"1\",\"updateTime\":1614605458940,\"username\":\"lx004\"}]', '192.168.0.105', '2021-03-01 21:30:58');
INSERT INTO `sys_log` VALUES ('1366380445798555650', '1', 'admin', '用户管理-分页获取用户列表', '41', 'com.company.project.controller.UserController.pageInfo()', '[{\"deptNo\":\"D000003\",\"username\":\"\"}]', '192.168.0.105', '2021-03-01 21:30:59');
INSERT INTO `sys_log` VALUES ('1366380489356402689', '1', 'admin', '用户管理-更新用户信息', '34', 'com.company.project.controller.UserController.updateUserInfo()', '[{\"deptId\":\"1331121936392425474\",\"deptName\":\"小学部\",\"email\":\"\",\"id\":\"1361659072786870273\",\"major\":\"\",\"phone\":\"\",\"qualificationImg\":\"\",\"realName\":\"黄莎\",\"status\":1,\"university\":\"\",\"updateId\":\"1\",\"updateTime\":1614605469407,\"username\":\"lx003\"}]', '192.168.0.105', '2021-03-01 21:31:09');
INSERT INTO `sys_log` VALUES ('1366380489700335618', '1', 'admin', '用户管理-分页获取用户列表', '42', 'com.company.project.controller.UserController.pageInfo()', '[{\"deptNo\":\"D000003\",\"username\":\"\"}]', '192.168.0.105', '2021-03-01 21:31:09');
INSERT INTO `sys_log` VALUES ('1366380546239553538', '1', 'admin', '用户管理-更新用户信息', '37', 'com.company.project.controller.UserController.updateUserInfo()', '[{\"deptId\":\"1331121936392425474\",\"deptName\":\"小学部\",\"email\":\"\",\"id\":\"1361657051421749249\",\"major\":\"\",\"phone\":\"\",\"qualificationImg\":\"\",\"realName\":\"黎蔓\",\"status\":1,\"university\":\"\",\"updateId\":\"1\",\"updateTime\":1614605482964,\"username\":\"lx002\"}]', '192.168.0.105', '2021-03-01 21:31:23');
INSERT INTO `sys_log` VALUES ('1366380546579292162', '1', 'admin', '用户管理-分页获取用户列表', '42', 'com.company.project.controller.UserController.pageInfo()', '[{\"deptNo\":\"D000003\",\"username\":\"\"}]', '192.168.0.105', '2021-03-01 21:31:23');
INSERT INTO `sys_log` VALUES ('1366380601461760001', '1', 'admin', '用户管理-更新用户信息', '31', 'com.company.project.controller.UserController.updateUserInfo()', '[{\"deptId\":\"1331121936392425474\",\"deptName\":\"小学部\",\"email\":\"\",\"id\":\"1361656875160317953\",\"major\":\"\",\"phone\":\"\",\"qualificationImg\":\"\",\"realName\":\"刘娱\",\"status\":1,\"university\":\"\",\"updateId\":\"1\",\"updateTime\":1614605496136,\"username\":\"lx001\"}]', '192.168.0.105', '2021-03-01 21:31:36');
INSERT INTO `sys_log` VALUES ('1366380601784721409', '1', 'admin', '用户管理-分页获取用户列表', '36', 'com.company.project.controller.UserController.pageInfo()', '[{\"deptNo\":\"D000003\",\"username\":\"\"}]', '192.168.0.105', '2021-03-01 21:31:36');
INSERT INTO `sys_log` VALUES ('1366380660802772993', '1', 'admin', '用户管理-更新用户信息', '31', 'com.company.project.controller.UserController.updateUserInfo()', '[{\"deptId\":\"1331121936392425474\",\"deptName\":\"小学部\",\"email\":\"\",\"id\":\"1347029907218923522\",\"major\":\"\",\"phone\":\"\",\"qualificationImg\":\"\",\"realName\":\"孙东梅\",\"status\":1,\"university\":\"\",\"updateId\":\"1\",\"updateTime\":1614605510284,\"username\":\"10107\"}]', '192.168.0.105', '2021-03-01 21:31:50');
INSERT INTO `sys_log` VALUES ('1366380661092179969', '1', 'admin', '用户管理-分页获取用户列表', '32', 'com.company.project.controller.UserController.pageInfo()', '[{\"deptNo\":\"D000003\",\"username\":\"\"}]', '192.168.0.105', '2021-03-01 21:31:50');
INSERT INTO `sys_log` VALUES ('1366380672509075457', '1', 'admin', '用户管理-分页获取用户列表', '23', 'com.company.project.controller.UserController.pageInfo()', '[{\"deptNo\":\"D000003\",\"username\":\"\"}]', '192.168.0.105', '2021-03-01 21:31:53');
INSERT INTO `sys_log` VALUES ('1366380716352135170', '1', 'admin', '用户管理-更新用户信息', '31', 'com.company.project.controller.UserController.updateUserInfo()', '[{\"deptId\":\"1331121936392425474\",\"deptName\":\"小学部\",\"email\":\"\",\"id\":\"1347029758249828353\",\"major\":\"\",\"phone\":\"\",\"qualificationImg\":\"\",\"realName\":\"周敏\",\"status\":1,\"university\":\"\",\"updateId\":\"1\",\"updateTime\":1614605523529,\"username\":\"10106\"}]', '192.168.0.105', '2021-03-01 21:32:03');
INSERT INTO `sys_log` VALUES ('1366380716616376322', '1', 'admin', '用户管理-分页获取用户列表', '33', 'com.company.project.controller.UserController.pageInfo()', '[{\"deptNo\":\"D000003\",\"username\":\"\"}]', '192.168.0.105', '2021-03-01 21:32:03');
INSERT INTO `sys_log` VALUES ('1366380730268835842', '1', 'admin', '用户管理-分页获取用户列表', '23', 'com.company.project.controller.UserController.pageInfo()', '[{\"deptNo\":\"D000003\",\"username\":\"\"}]', '192.168.0.105', '2021-03-01 21:32:06');
INSERT INTO `sys_log` VALUES ('1366380775626039298', '1', 'admin', '用户管理-更新用户信息', '38', 'com.company.project.controller.UserController.updateUserInfo()', '[{\"deptId\":\"1331121936392425474\",\"deptName\":\"小学部\",\"email\":\"\",\"id\":\"1347029691988213762\",\"major\":\"\",\"phone\":\"\",\"qualificationImg\":\"\",\"realName\":\"杨萍\",\"sex\":1,\"status\":1,\"university\":\"\",\"updateId\":\"1\",\"updateTime\":1614605537658,\"username\":\"10105\"}]', '192.168.0.105', '2021-03-01 21:32:17');
INSERT INTO `sys_log` VALUES ('1366380775949000705', '1', 'admin', '用户管理-分页获取用户列表', '33', 'com.company.project.controller.UserController.pageInfo()', '[{\"deptNo\":\"D000003\",\"username\":\"\"}]', '192.168.0.105', '2021-03-01 21:32:17');
INSERT INTO `sys_log` VALUES ('1366380783171592193', '1', 'admin', '用户管理-分页获取用户列表', '26', 'com.company.project.controller.UserController.pageInfo()', '[{\"deptNo\":\"D000003\",\"username\":\"\"}]', '192.168.0.105', '2021-03-01 21:32:19');
INSERT INTO `sys_log` VALUES ('1366380864767582209', '1', 'admin', '用户管理-更新用户信息', '31', 'com.company.project.controller.UserController.updateUserInfo()', '[{\"deptId\":\"1331121936392425474\",\"deptName\":\"小学部\",\"email\":\"\",\"id\":\"1347029568935723009\",\"major\":\"\",\"phone\":\"\",\"qualificationImg\":\"\",\"realName\":\"陈蕾伊\",\"sex\":1,\"status\":1,\"university\":\"\",\"updateId\":\"1\",\"updateTime\":1614605558922,\"username\":\"10104\"}]', '192.168.0.105', '2021-03-01 21:32:38');
INSERT INTO `sys_log` VALUES ('1366380865052794882', '1', 'admin', '用户管理-分页获取用户列表', '30', 'com.company.project.controller.UserController.pageInfo()', '[{\"deptNo\":\"D000003\",\"username\":\"\"}]', '192.168.0.105', '2021-03-01 21:32:39');
INSERT INTO `sys_log` VALUES ('1366380872787091457', '1', 'admin', '用户管理-分页获取用户列表', '26', 'com.company.project.controller.UserController.pageInfo()', '[{\"deptNo\":\"D000003\",\"username\":\"\"}]', '192.168.0.105', '2021-03-01 21:32:40');
INSERT INTO `sys_log` VALUES ('1366381048218050562', '1', 'admin', '用户管理-更新用户信息', '26', 'com.company.project.controller.UserController.updateUserInfo()', '[{\"deptId\":\"1331121936392425474\",\"deptName\":\"小学部\",\"email\":\"\",\"id\":\"1347029461406351361\",\"major\":\"\",\"phone\":\"\",\"qualificationImg\":\"\",\"realName\":\"孙堰婷\",\"status\":1,\"university\":\"\",\"updateId\":\"1\",\"updateTime\":1614605602659,\"username\":\"10103\"}]', '192.168.0.105', '2021-03-01 21:33:22');
INSERT INTO `sys_log` VALUES ('1366381048503263234', '1', 'admin', '用户管理-分页获取用户列表', '35', 'com.company.project.controller.UserController.pageInfo()', '[{\"deptNo\":\"D000003\",\"username\":\"\"}]', '192.168.0.105', '2021-03-01 21:33:22');
INSERT INTO `sys_log` VALUES ('1366381062097002498', '1', 'admin', '用户管理-分页获取用户列表', '24', 'com.company.project.controller.UserController.pageInfo()', '[{\"deptNo\":\"D000003\",\"username\":\"\"}]', '192.168.0.105', '2021-03-01 21:33:25');
INSERT INTO `sys_log` VALUES ('1366381126089498626', '1', 'admin', '用户管理-更新用户信息', '35', 'com.company.project.controller.UserController.updateUserInfo()', '[{\"deptId\":\"1331121936392425474\",\"deptName\":\"小学部\",\"email\":\"\",\"id\":\"1347029397187362817\",\"major\":\"\",\"phone\":\"\",\"qualificationImg\":\"\",\"realName\":\"郑丹\",\"status\":1,\"university\":\"\",\"updateId\":\"1\",\"updateTime\":1614605621216,\"username\":\"10102\"}]', '192.168.0.105', '2021-03-01 21:33:41');
INSERT INTO `sys_log` VALUES ('1366381126336962562', '1', 'admin', '用户管理-分页获取用户列表', '32', 'com.company.project.controller.UserController.pageInfo()', '[{\"deptNo\":\"D000003\",\"username\":\"\"}]', '192.168.0.105', '2021-03-01 21:33:41');
INSERT INTO `sys_log` VALUES ('1366381133622468609', '1', 'admin', '用户管理-分页获取用户列表', '28', 'com.company.project.controller.UserController.pageInfo()', '[{\"deptNo\":\"D000003\",\"username\":\"\"}]', '192.168.0.105', '2021-03-01 21:33:43');
INSERT INTO `sys_log` VALUES ('1366381205089214466', '1', 'admin', '用户管理-更新用户信息', '29', 'com.company.project.controller.UserController.updateUserInfo()', '[{\"deptId\":\"1331121936392425474\",\"deptName\":\"小学部\",\"email\":\"\",\"id\":\"1347029303025238018\",\"major\":\"\",\"phone\":\"\",\"qualificationImg\":\"\",\"realName\":\"阳廷\",\"status\":1,\"university\":\"\",\"updateId\":\"1\",\"updateTime\":1614605640056,\"username\":\"10101\"}]', '192.168.0.105', '2021-03-01 21:34:00');
INSERT INTO `sys_log` VALUES ('1366381205340872706', '1', 'admin', '用户管理-分页获取用户列表', '31', 'com.company.project.controller.UserController.pageInfo()', '[{\"deptNo\":\"D000003\",\"username\":\"\"}]', '192.168.0.105', '2021-03-01 21:34:00');
INSERT INTO `sys_log` VALUES ('1366381213528154114', '1', 'admin', '用户管理-分页获取用户列表', '25', 'com.company.project.controller.UserController.pageInfo()', '[{\"deptNo\":\"D000003\",\"username\":\"\"}]', '192.168.0.105', '2021-03-01 21:34:02');
INSERT INTO `sys_log` VALUES ('1366381309246365698', '1', 'admin', '用户管理-更新用户信息', '34', 'com.company.project.controller.UserController.updateUserInfo()', '[{\"deptId\":\"1331121936392425474\",\"deptName\":\"小学部\",\"email\":\"\",\"id\":\"1341347778094989313\",\"major\":\"\",\"phone\":\"1235861231\",\"qualificationImg\":\"\",\"realName\":\"胥娜娜\",\"status\":1,\"university\":\"西华大学\",\"updateId\":\"1\",\"updateTime\":1614605664883,\"username\":\"1003\"}]', '192.168.0.105', '2021-03-01 21:34:24');
INSERT INTO `sys_log` VALUES ('1366381309514801153', '1', 'admin', '用户管理-分页获取用户列表', '34', 'com.company.project.controller.UserController.pageInfo()', '[{\"deptNo\":\"D000003\",\"username\":\"\"}]', '192.168.0.105', '2021-03-01 21:34:24');
INSERT INTO `sys_log` VALUES ('1366381316561231874', '1', 'admin', '用户管理-分页获取用户列表', '27', 'com.company.project.controller.UserController.pageInfo()', '[{\"deptNo\":\"D000003\",\"username\":\"\"}]', '192.168.0.105', '2021-03-01 21:34:26');
INSERT INTO `sys_log` VALUES ('1366381449793298433', '1', 'admin', '用户管理-更新用户信息', '52', 'com.company.project.controller.UserController.updateUserInfo()', '[{\"deptId\":\"1331121936392425474\",\"deptName\":\"小学部\",\"education\":3,\"email\":\"\",\"id\":\"1339193680802070530\",\"major\":\"软件工程\",\"phone\":\"18288029217\",\"qualificationImg\":\"http://localhost:8080/files/20201216/7be5986753d049ef95ded71f2da1df56.png\",\"realName\":\"任思毓\",\"sex\":1,\"status\":1,\"university\":\"西华大学\",\"updateId\":\"1\",\"updateTime\":1614605698376,\"username\":\"LX0001\"}]', '192.168.0.105', '2021-03-01 21:34:58');
INSERT INTO `sys_log` VALUES ('1366381450070122497', '1', 'admin', '用户管理-分页获取用户列表', '31', 'com.company.project.controller.UserController.pageInfo()', '[{\"deptNo\":\"D000003\",\"username\":\"\"}]', '192.168.0.105', '2021-03-01 21:34:58');
INSERT INTO `sys_log` VALUES ('1366381595352424449', '1', 'admin', '用户管理-新增用户', '34', 'com.company.project.controller.UserController.addUser()', '[{\"createId\":\"1\",\"createTime\":1614605733099,\"createWhere\":1,\"deleted\":1,\"deptId\":\"1331121936392425474\",\"deptName\":\"\",\"email\":\"\",\"id\":\"1366381595218206722\",\"major\":\"\",\"password\":\"07c760a76bf97cbfacd0f2842ff206fe\",\"phone\":\"\",\"qualificationImg\":\"\",\"realName\":\"邵云霞\",\"salt\":\"691e937ac2624b2ba071\",\"sex\":2,\"status\":1,\"university\":\"\",\"updateId\":\"1\",\"updateTime\":1614605733099,\"username\":\"lx202001\"}]', '192.168.0.105', '2021-03-01 21:35:33');
INSERT INTO `sys_log` VALUES ('1366381595650220033', '1', 'admin', '用户管理-分页获取用户列表', '31', 'com.company.project.controller.UserController.pageInfo()', '[{\"deptNo\":\"D000003\",\"username\":\"\"}]', '192.168.0.105', '2021-03-01 21:35:33');
INSERT INTO `sys_log` VALUES ('1366381749979635714', '1', 'admin', '用户管理-新增用户', '26', 'com.company.project.controller.UserController.addUser()', '[{\"createId\":\"1\",\"createTime\":1614605769969,\"createWhere\":1,\"deleted\":1,\"deptId\":\"1331121936392425474\",\"deptName\":\"\",\"email\":\"\",\"id\":\"1366381749862195202\",\"major\":\"\",\"password\":\"db0eca65c4fef089020fdcf1f258191e\",\"phone\":\"\",\"qualificationImg\":\"\",\"realName\":\"杨倩玉\",\"salt\":\"8741d98d45234a33bb69\",\"sex\":2,\"status\":1,\"university\":\"\",\"updateId\":\"1\",\"updateTime\":1614605769969,\"username\":\"lx2020002\"}]', '192.168.0.105', '2021-03-01 21:36:09');
INSERT INTO `sys_log` VALUES ('1366381750248071170', '1', 'admin', '用户管理-分页获取用户列表', '30', 'com.company.project.controller.UserController.pageInfo()', '[{\"deptNo\":\"D000003\",\"username\":\"\"}]', '192.168.0.105', '2021-03-01 21:36:10');
INSERT INTO `sys_log` VALUES ('1366381857030856705', '1', 'admin', '用户管理-新增用户', '31', 'com.company.project.controller.UserController.addUser()', '[{\"createId\":\"1\",\"createTime\":1614605795487,\"createWhere\":1,\"deleted\":1,\"deptId\":\"1331121936392425474\",\"deptName\":\"\",\"email\":\"\",\"id\":\"1366381856884056066\",\"major\":\"\",\"password\":\"7b9d6b0c4df6e063bc70d2c039abaf46\",\"phone\":\"\",\"qualificationImg\":\"\",\"realName\":\"骆文莉\",\"salt\":\"455d989197ad45339b41\",\"sex\":2,\"status\":1,\"university\":\"\",\"updateId\":\"1\",\"updateTime\":1614605795487,\"username\":\"lx2020003\"}]', '192.168.0.105', '2021-03-01 21:36:35');
INSERT INTO `sys_log` VALUES ('1366381857290903554', '1', 'admin', '用户管理-分页获取用户列表', '27', 'com.company.project.controller.UserController.pageInfo()', '[{\"deptNo\":\"D000003\",\"username\":\"\"}]', '192.168.0.105', '2021-03-01 21:36:35');
INSERT INTO `sys_log` VALUES ('1366381978091053057', '1', 'admin', '用户管理-新增用户', '32', 'com.company.project.controller.UserController.addUser()', '[{\"createId\":\"1\",\"createTime\":1614605824350,\"createWhere\":1,\"deleted\":1,\"deptId\":\"1331121936392425474\",\"deptName\":\"\",\"email\":\"\",\"id\":\"1366381977948446721\",\"major\":\"\",\"password\":\"2e50119aaa86fd4877f3fc860938e7d9\",\"phone\":\"\",\"qualificationImg\":\"\",\"realName\":\"杨杨\",\"salt\":\"31c2cf40f1f44c278cd9\",\"sex\":2,\"status\":1,\"university\":\"\",\"updateId\":\"1\",\"updateTime\":1614605824350,\"username\":\"lx2020004\"}]', '192.168.0.105', '2021-03-01 21:37:04');
INSERT INTO `sys_log` VALUES ('1366381978359488514', '1', 'admin', '用户管理-分页获取用户列表', '27', 'com.company.project.controller.UserController.pageInfo()', '[{\"deptNo\":\"D000003\",\"username\":\"\"}]', '192.168.0.105', '2021-03-01 21:37:04');
INSERT INTO `sys_log` VALUES ('1366382068335697922', '1', 'admin', '用户管理-新增用户', '37', 'com.company.project.controller.UserController.addUser()', '[{\"createId\":\"1\",\"createTime\":1614605845861,\"createWhere\":1,\"deleted\":1,\"deptId\":\"1331121936392425474\",\"deptName\":\"\",\"email\":\"\",\"id\":\"1366382068172120066\",\"major\":\"\",\"password\":\"3097c8579d9df0f295cb9d7270668658\",\"phone\":\"\",\"qualificationImg\":\"\",\"realName\":\"黄鹏\",\"salt\":\"cd50501f3c2541ef8956\",\"sex\":2,\"status\":1,\"university\":\"\",\"updateId\":\"1\",\"updateTime\":1614605845861,\"username\":\"lx2020005\"}]', '192.168.0.105', '2021-03-01 21:37:25');
INSERT INTO `sys_log` VALUES ('1366382068599939074', '1', 'admin', '用户管理-分页获取用户列表', '25', 'com.company.project.controller.UserController.pageInfo()', '[{\"deptNo\":\"D000003\",\"username\":\"\"}]', '192.168.0.105', '2021-03-01 21:37:25');
INSERT INTO `sys_log` VALUES ('1366382171813371906', '1', 'admin', '用户管理-新增用户', '29', 'com.company.project.controller.UserController.addUser()', '[{\"createId\":\"1\",\"createTime\":1614605870539,\"createWhere\":1,\"deleted\":1,\"deptId\":\"1331121936392425474\",\"deptName\":\"\",\"email\":\"\",\"id\":\"1366382171683348481\",\"major\":\"\",\"password\":\"26f58ad53f75c70c7540f3f33032a0b5\",\"phone\":\"\",\"qualificationImg\":\"\",\"realName\":\"肖璐\",\"salt\":\"690aa2a6765e4d68bd78\",\"sex\":2,\"status\":1,\"university\":\"\",\"updateId\":\"1\",\"updateTime\":1614605870539,\"username\":\"lx2020006\"}]', '192.168.0.105', '2021-03-01 21:37:50');
INSERT INTO `sys_log` VALUES ('1366382172073418753', '1', 'admin', '用户管理-分页获取用户列表', '29', 'com.company.project.controller.UserController.pageInfo()', '[{\"deptNo\":\"D000003\",\"username\":\"\"}]', '192.168.0.105', '2021-03-01 21:37:50');
INSERT INTO `sys_log` VALUES ('1366382275135856642', '1', 'admin', '用户管理-新增用户', '31', 'com.company.project.controller.UserController.addUser()', '[{\"createId\":\"1\",\"createTime\":1614605895172,\"createWhere\":1,\"deleted\":1,\"deptId\":\"1331121936392425474\",\"deptName\":\"\",\"email\":\"\",\"id\":\"1366382274997444610\",\"major\":\"\",\"password\":\"3dab4104f8a2b8ddb48eac0cf268e225\",\"phone\":\"\",\"qualificationImg\":\"\",\"realName\":\"李朝政\",\"salt\":\"6f8a5096d1ee4e0cb96f\",\"sex\":2,\"status\":1,\"university\":\"\",\"updateId\":\"1\",\"updateTime\":1614605895172,\"username\":\"lx2020007\"}]', '192.168.0.105', '2021-03-01 21:38:15');
INSERT INTO `sys_log` VALUES ('1366382275408486402', '1', 'admin', '用户管理-分页获取用户列表', '27', 'com.company.project.controller.UserController.pageInfo()', '[{\"deptNo\":\"D000003\",\"username\":\"\"}]', '192.168.0.105', '2021-03-01 21:38:15');
INSERT INTO `sys_log` VALUES ('1366382347709898754', '1', 'admin', '用户管理-新增用户', '30', 'com.company.project.controller.UserController.addUser()', '[{\"createId\":\"1\",\"createTime\":1614605912475,\"createWhere\":1,\"deleted\":1,\"deptId\":\"1331121936392425474\",\"deptName\":\"\",\"email\":\"\",\"id\":\"1366382347558903810\",\"major\":\"\",\"password\":\"5c1e8f3043ca5acf857ca507da7ecc94\",\"phone\":\"\",\"qualificationImg\":\"\",\"realName\":\"龙倩\",\"salt\":\"ccbee30d781640cd982a\",\"sex\":2,\"status\":1,\"university\":\"\",\"updateId\":\"1\",\"updateTime\":1614605912475,\"username\":\"lx2020009\"}]', '192.168.0.105', '2021-03-01 21:38:32');
INSERT INTO `sys_log` VALUES ('1366382347978334210', '1', 'admin', '用户管理-分页获取用户列表', '25', 'com.company.project.controller.UserController.pageInfo()', '[{\"deptNo\":\"D000003\",\"username\":\"\"}]', '192.168.0.105', '2021-03-01 21:38:32');
INSERT INTO `sys_log` VALUES ('1366382463325888513', '1', 'admin', '用户管理-新增用户', '30', 'com.company.project.controller.UserController.addUser()', '[{\"createId\":\"1\",\"createTime\":1614605940041,\"createWhere\":1,\"deleted\":1,\"deptId\":\"1331121936392425474\",\"deptName\":\"\",\"email\":\"\",\"id\":\"1366382463191670786\",\"major\":\"\",\"password\":\"300051b03de240703d2d020ca4ff203b\",\"phone\":\"\",\"qualificationImg\":\"\",\"realName\":\"美术老师\",\"salt\":\"71d52969ef5f4e7a81e2\",\"sex\":2,\"status\":1,\"university\":\"\",\"updateId\":\"1\",\"updateTime\":1614605940041,\"username\":\"lx2020010\"}]', '192.168.0.105', '2021-03-01 21:39:00');
INSERT INTO `sys_log` VALUES ('1366382463573352449', '1', 'admin', '用户管理-分页获取用户列表', '23', 'com.company.project.controller.UserController.pageInfo()', '[{\"deptNo\":\"D000003\",\"username\":\"\"}]', '192.168.0.105', '2021-03-01 21:39:00');
INSERT INTO `sys_log` VALUES ('1366382498293800962', '1', 'admin', '用户管理-赋予角色-获取所有角色接口', '5', 'com.company.project.controller.UserController.getUserOwnRole()', '[\"1366381595218206722\"]', '192.168.0.105', '2021-03-01 21:39:08');
INSERT INTO `sys_log` VALUES ('1366382511610716161', '1', 'admin', '用户管理-赋予角色-用户赋予角色接口', '60', 'com.company.project.controller.UserController.setUserOwnRole()', '[\"1366381595218206722\",[\"1331087516021194754\"]]', '192.168.0.105', '2021-03-01 21:39:11');
INSERT INTO `sys_log` VALUES ('1366382511807848449', '1', 'admin', '用户管理-分页获取用户列表', '24', 'com.company.project.controller.UserController.pageInfo()', '[{\"deptNo\":\"D000003\",\"username\":\"\"}]', '192.168.0.105', '2021-03-01 21:39:11');
INSERT INTO `sys_log` VALUES ('1366382521098231809', '1', 'admin', '用户管理-赋予角色-获取所有角色接口', '2', 'com.company.project.controller.UserController.getUserOwnRole()', '[\"1366381749862195202\"]', '192.168.0.105', '2021-03-01 21:39:13');
INSERT INTO `sys_log` VALUES ('1366382534180265986', '1', 'admin', '用户管理-赋予角色-用户赋予角色接口', '24', 'com.company.project.controller.UserController.setUserOwnRole()', '[\"1366381749862195202\",[\"1331087516021194754\"]]', '192.168.0.105', '2021-03-01 21:39:16');
INSERT INTO `sys_log` VALUES ('1366382534369009666', '1', 'admin', '用户管理-分页获取用户列表', '25', 'com.company.project.controller.UserController.pageInfo()', '[{\"deptNo\":\"D000003\",\"username\":\"\"}]', '192.168.0.105', '2021-03-01 21:39:17');
INSERT INTO `sys_log` VALUES ('1366382541105061890', '1', 'admin', '用户管理-赋予角色-获取所有角色接口', '2', 'com.company.project.controller.UserController.getUserOwnRole()', '[\"1366381856884056066\"]', '192.168.0.105', '2021-03-01 21:39:18');
INSERT INTO `sys_log` VALUES ('1366382549728550914', '1', 'admin', '用户管理-赋予角色-用户赋予角色接口', '24', 'com.company.project.controller.UserController.setUserOwnRole()', '[\"1366381856884056066\",[\"1331087516021194754\"]]', '192.168.0.105', '2021-03-01 21:39:20');
INSERT INTO `sys_log` VALUES ('1366382549917294594', '1', 'admin', '用户管理-分页获取用户列表', '26', 'com.company.project.controller.UserController.pageInfo()', '[{\"deptNo\":\"D000003\",\"username\":\"\"}]', '192.168.0.105', '2021-03-01 21:39:20');
INSERT INTO `sys_log` VALUES ('1366382558159101953', '1', 'admin', '用户管理-赋予角色-获取所有角色接口', '2', 'com.company.project.controller.UserController.getUserOwnRole()', '[\"1366381977948446721\"]', '192.168.0.105', '2021-03-01 21:39:22');
INSERT INTO `sys_log` VALUES ('1366382567562731521', '1', 'admin', '用户管理-赋予角色-用户赋予角色接口', '28', 'com.company.project.controller.UserController.setUserOwnRole()', '[\"1366381977948446721\",[\"1331087516021194754\"]]', '192.168.0.105', '2021-03-01 21:39:24');
INSERT INTO `sys_log` VALUES ('1366382567759863809', '1', 'admin', '用户管理-分页获取用户列表', '28', 'com.company.project.controller.UserController.pageInfo()', '[{\"deptNo\":\"D000003\",\"username\":\"\"}]', '192.168.0.105', '2021-03-01 21:39:24');
INSERT INTO `sys_log` VALUES ('1366382575519326209', '1', 'admin', '用户管理-赋予角色-获取所有角色接口', '3', 'com.company.project.controller.UserController.getUserOwnRole()', '[\"1366382068172120066\"]', '192.168.0.105', '2021-03-01 21:39:26');
INSERT INTO `sys_log` VALUES ('1366382586768449537', '1', 'admin', '用户管理-赋予角色-用户赋予角色接口', '28', 'com.company.project.controller.UserController.setUserOwnRole()', '[\"1366382068172120066\",[\"1331087516021194754\"]]', '192.168.0.105', '2021-03-01 21:39:29');
INSERT INTO `sys_log` VALUES ('1366382586957193218', '1', 'admin', '用户管理-分页获取用户列表', '24', 'com.company.project.controller.UserController.pageInfo()', '[{\"deptNo\":\"D000003\",\"username\":\"\"}]', '192.168.0.105', '2021-03-01 21:39:29');
INSERT INTO `sys_log` VALUES ('1366382592204267522', '1', 'admin', '用户管理-赋予角色-获取所有角色接口', '2', 'com.company.project.controller.UserController.getUserOwnRole()', '[\"1366382171683348481\"]', '192.168.0.105', '2021-03-01 21:39:30');
INSERT INTO `sys_log` VALUES ('1366382601368821761', '1', 'admin', '用户管理-赋予角色-用户赋予角色接口', '28', 'com.company.project.controller.UserController.setUserOwnRole()', '[\"1366382171683348481\",[\"1331087516021194754\"]]', '192.168.0.105', '2021-03-01 21:39:32');
INSERT INTO `sys_log` VALUES ('1366382601578536961', '1', 'admin', '用户管理-分页获取用户列表', '30', 'com.company.project.controller.UserController.pageInfo()', '[{\"deptNo\":\"D000003\",\"username\":\"\"}]', '192.168.0.105', '2021-03-01 21:39:33');
INSERT INTO `sys_log` VALUES ('1366382605923835906', '1', 'admin', '用户管理-赋予角色-获取所有角色接口', '3', 'com.company.project.controller.UserController.getUserOwnRole()', '[\"1366382274997444610\"]', '192.168.0.105', '2021-03-01 21:39:34');
INSERT INTO `sys_log` VALUES ('1366382615340048385', '1', 'admin', '用户管理-赋予角色-用户赋予角色接口', '38', 'com.company.project.controller.UserController.setUserOwnRole()', '[\"1366382274997444610\",[\"1331087516021194754\"]]', '192.168.0.105', '2021-03-01 21:39:36');
INSERT INTO `sys_log` VALUES ('1366382615566540802', '1', 'admin', '用户管理-分页获取用户列表', '31', 'com.company.project.controller.UserController.pageInfo()', '[{\"deptNo\":\"D000003\",\"username\":\"\"}]', '192.168.0.105', '2021-03-01 21:39:36');
INSERT INTO `sys_log` VALUES ('1366382619496603649', '1', 'admin', '用户管理-赋予角色-获取所有角色接口', '2', 'com.company.project.controller.UserController.getUserOwnRole()', '[\"1366382347558903810\"]', '192.168.0.105', '2021-03-01 21:39:37');
INSERT INTO `sys_log` VALUES ('1366382631421009921', '1', 'admin', '用户管理-赋予角色-用户赋予角色接口', '30', 'com.company.project.controller.UserController.setUserOwnRole()', '[\"1366382347558903810\",[\"1331087516021194754\"]]', '192.168.0.105', '2021-03-01 21:39:40');
INSERT INTO `sys_log` VALUES ('1366382631622336514', '1', 'admin', '用户管理-分页获取用户列表', '27', 'com.company.project.controller.UserController.pageInfo()', '[{\"deptNo\":\"D000003\",\"username\":\"\"}]', '192.168.0.105', '2021-03-01 21:39:40');
INSERT INTO `sys_log` VALUES ('1366382638115119106', '1', 'admin', '用户管理-赋予角色-获取所有角色接口', '2', 'com.company.project.controller.UserController.getUserOwnRole()', '[\"1366382463191670786\"]', '192.168.0.105', '2021-03-01 21:39:41');
INSERT INTO `sys_log` VALUES ('1366382648831565826', '1', 'admin', '用户管理-赋予角色-用户赋予角色接口', '29', 'com.company.project.controller.UserController.setUserOwnRole()', '[\"1366382463191670786\",[\"1331087516021194754\"]]', '192.168.0.105', '2021-03-01 21:39:44');
INSERT INTO `sys_log` VALUES ('1366382649037086722', '1', 'admin', '用户管理-分页获取用户列表', '28', 'com.company.project.controller.UserController.pageInfo()', '[{\"deptNo\":\"D000003\",\"username\":\"\"}]', '192.168.0.105', '2021-03-01 21:39:44');
INSERT INTO `sys_log` VALUES ('1366382857011650561', '1', 'admin', '用户管理-新增用户', '32', 'com.company.project.controller.UserController.addUser()', '[{\"createId\":\"1\",\"createTime\":1614606033902,\"createWhere\":1,\"deleted\":1,\"deptId\":\"1331121936392425474\",\"deptName\":\"\",\"email\":\"\",\"id\":\"1366382856869044226\",\"major\":\"\",\"password\":\"71edf2c9f15fda8acd5175921e05a75f\",\"phone\":\"\",\"qualificationImg\":\"\",\"realName\":\"肖得芳\",\"salt\":\"b04a7e93211d4c598439\",\"sex\":2,\"status\":1,\"university\":\"\",\"updateId\":\"1\",\"updateTime\":1614606033902,\"username\":\"lx2020011\"}]', '192.168.0.105', '2021-03-01 21:40:33');
INSERT INTO `sys_log` VALUES ('1366382857280086018', '1', 'admin', '用户管理-分页获取用户列表', '28', 'com.company.project.controller.UserController.pageInfo()', '[{\"deptNo\":\"D000003\",\"username\":\"\"}]', '192.168.0.105', '2021-03-01 21:40:33');
INSERT INTO `sys_log` VALUES ('1366382864896942081', '1', 'admin', '用户管理-赋予角色-获取所有角色接口', '2', 'com.company.project.controller.UserController.getUserOwnRole()', '[\"1366382856869044226\"]', '192.168.0.105', '2021-03-01 21:40:35');
INSERT INTO `sys_log` VALUES ('1366382878171914241', '1', 'admin', '用户管理-赋予角色-用户赋予角色接口', '31', 'com.company.project.controller.UserController.setUserOwnRole()', '[\"1366382856869044226\",[\"1331087516021194754\"]]', '192.168.0.105', '2021-03-01 21:40:38');
INSERT INTO `sys_log` VALUES ('1366382878377435137', '1', 'admin', '用户管理-分页获取用户列表', '30', 'com.company.project.controller.UserController.pageInfo()', '[{\"deptNo\":\"D000003\",\"username\":\"\"}]', '192.168.0.105', '2021-03-01 21:40:39');
INSERT INTO `sys_log` VALUES ('1366382899390898177', '1', 'admin', '用户管理-分页获取用户列表', '27', 'com.company.project.controller.UserController.pageInfo()', '[{\"deptNo\":\"D000002\",\"username\":\"\"}]', '192.168.0.105', '2021-03-01 21:40:44');
INSERT INTO `sys_log` VALUES ('1366382989207724033', '1', 'admin', '用户管理-更新用户信息', '34', 'com.company.project.controller.UserController.updateUserInfo()', '[{\"deptId\":\"1331121875856035841\",\"deptName\":\"初中部\",\"email\":\"\",\"id\":\"1361666523825319938\",\"major\":\"\",\"phone\":\"\",\"qualificationImg\":\"\",\"realName\":\"尹江雪\",\"status\":1,\"university\":\"\",\"updateId\":\"1\",\"updateTime\":1614606065420,\"username\":\"lx035\"}]', '192.168.0.105', '2021-03-01 21:41:05');
INSERT INTO `sys_log` VALUES ('1366382989509713922', '1', 'admin', '用户管理-分页获取用户列表', '31', 'com.company.project.controller.UserController.pageInfo()', '[{\"deptNo\":\"D000002\",\"username\":\"\"}]', '192.168.0.105', '2021-03-01 21:41:05');
INSERT INTO `sys_log` VALUES ('1366383034837557250', '1', 'admin', '用户管理-更新用户信息', '24', 'com.company.project.controller.UserController.updateUserInfo()', '[{\"deptId\":\"1331121875856035841\",\"deptName\":\"初中部\",\"email\":\"\",\"id\":\"1361666422490935298\",\"major\":\"\",\"phone\":\"\",\"qualificationImg\":\"\",\"realName\":\"胡青青\",\"status\":1,\"university\":\"\",\"updateId\":\"1\",\"updateTime\":1614606076307,\"username\":\"lx034\"}]', '192.168.0.105', '2021-03-01 21:41:16');
INSERT INTO `sys_log` VALUES ('1366383035110187010', '1', 'admin', '用户管理-分页获取用户列表', '29', 'com.company.project.controller.UserController.pageInfo()', '[{\"deptNo\":\"D000002\",\"username\":\"\"}]', '192.168.0.105', '2021-03-01 21:41:16');
INSERT INTO `sys_log` VALUES ('1366383077615263745', '1', 'admin', '用户管理-更新用户信息', '36', 'com.company.project.controller.UserController.updateUserInfo()', '[{\"deptId\":\"1331121875856035841\",\"deptName\":\"初中部\",\"email\":\"\",\"id\":\"1361666331373875201\",\"major\":\"\",\"phone\":\"\",\"qualificationImg\":\"\",\"realName\":\"谢清\",\"status\":1,\"university\":\"\",\"updateId\":\"1\",\"updateTime\":1614606086494,\"username\":\"lx033\"}]', '192.168.0.105', '2021-03-01 21:41:26');
INSERT INTO `sys_log` VALUES ('1366383077925642242', '1', 'admin', '用户管理-分页获取用户列表', '40', 'com.company.project.controller.UserController.pageInfo()', '[{\"deptNo\":\"D000002\",\"username\":\"\"}]', '192.168.0.105', '2021-03-01 21:41:26');
INSERT INTO `sys_log` VALUES ('1366383124729880577', '1', 'admin', '用户管理-更新用户信息', '30', 'com.company.project.controller.UserController.updateUserInfo()', '[{\"deptId\":\"1331121875856035841\",\"deptName\":\"初中部\",\"email\":\"\",\"id\":\"1361666288046714882\",\"major\":\"\",\"phone\":\"\",\"qualificationImg\":\"\",\"realName\":\"郑霞\",\"status\":1,\"university\":\"\",\"updateId\":\"1\",\"updateTime\":1614606097733,\"username\":\"lx032\"}]', '192.168.0.105', '2021-03-01 21:41:37');
INSERT INTO `sys_log` VALUES ('1366383124994121730', '1', 'admin', '用户管理-分页获取用户列表', '34', 'com.company.project.controller.UserController.pageInfo()', '[{\"deptNo\":\"D000002\",\"username\":\"\"}]', '192.168.0.105', '2021-03-01 21:41:37');
INSERT INTO `sys_log` VALUES ('1366383166358347778', '1', 'admin', '用户管理-更新用户信息', '33', 'com.company.project.controller.UserController.updateUserInfo()', '[{\"deptId\":\"1331121875856035841\",\"deptName\":\"初中部\",\"email\":\"\",\"id\":\"1361666211404197889\",\"major\":\"\",\"phone\":\"\",\"qualificationImg\":\"\",\"realName\":\"黄国林\",\"status\":1,\"university\":\"\",\"updateId\":\"1\",\"updateTime\":1614606107655,\"username\":\"lx031\"}]', '192.168.0.105', '2021-03-01 21:41:47');
INSERT INTO `sys_log` VALUES ('1366383166668726273', '1', 'admin', '用户管理-分页获取用户列表', '35', 'com.company.project.controller.UserController.pageInfo()', '[{\"deptNo\":\"D000002\",\"username\":\"\"}]', '192.168.0.105', '2021-03-01 21:41:47');
INSERT INTO `sys_log` VALUES ('1366383242212335618', '1', 'admin', '用户管理-更新用户信息', '37', 'com.company.project.controller.UserController.updateUserInfo()', '[{\"deptId\":\"1331121875856035841\",\"deptName\":\"初中部\",\"email\":\"\",\"id\":\"1361666154869174273\",\"major\":\"\",\"phone\":\"\",\"qualificationImg\":\"\",\"realName\":\"胡蒙\",\"status\":1,\"university\":\"\",\"updateId\":\"1\",\"updateTime\":1614606125737,\"username\":\"lx030\"}]', '192.168.0.105', '2021-03-01 21:42:05');
INSERT INTO `sys_log` VALUES ('1366383242489159682', '1', 'admin', '用户管理-分页获取用户列表', '31', 'com.company.project.controller.UserController.pageInfo()', '[{\"deptNo\":\"D000002\",\"username\":\"\"}]', '192.168.0.105', '2021-03-01 21:42:05');
INSERT INTO `sys_log` VALUES ('1366383278958632962', '1', 'admin', '用户管理-更新用户信息', '45', 'com.company.project.controller.UserController.updateUserInfo()', '[{\"deptId\":\"1331121875856035841\",\"deptName\":\"初中部\",\"email\":\"\",\"id\":\"1361666112917745666\",\"major\":\"\",\"phone\":\"\",\"qualificationImg\":\"\",\"realName\":\"张玉莲\",\"status\":1,\"university\":\"\",\"updateId\":\"1\",\"updateTime\":1614606134488,\"username\":\"lx029\"}]', '192.168.0.105', '2021-03-01 21:42:14');
INSERT INTO `sys_log` VALUES ('1366383279256428546', '1', 'admin', '用户管理-分页获取用户列表', '31', 'com.company.project.controller.UserController.pageInfo()', '[{\"deptNo\":\"D000002\",\"username\":\"\"}]', '192.168.0.105', '2021-03-01 21:42:14');
INSERT INTO `sys_log` VALUES ('1366383334717710337', '1', 'admin', '用户管理-更新用户信息', '30', 'com.company.project.controller.UserController.updateUserInfo()', '[{\"deptId\":\"1331121875856035841\",\"deptName\":\"初中部\",\"email\":\"\",\"id\":\"1361666022236893186\",\"major\":\"\",\"phone\":\"\",\"qualificationImg\":\"\",\"realName\":\"李游航\",\"status\":1,\"university\":\"\",\"updateId\":\"1\",\"updateTime\":1614606147799,\"username\":\"lx028\"}]', '192.168.0.105', '2021-03-01 21:42:27');
INSERT INTO `sys_log` VALUES ('1366383334981951490', '1', 'admin', '用户管理-分页获取用户列表', '28', 'com.company.project.controller.UserController.pageInfo()', '[{\"deptNo\":\"D000002\",\"username\":\"\"}]', '192.168.0.105', '2021-03-01 21:42:27');
INSERT INTO `sys_log` VALUES ('1366383401872711681', '1', 'admin', '用户管理-更新用户信息', '30', 'com.company.project.controller.UserController.updateUserInfo()', '[{\"deptId\":\"1331121875856035841\",\"deptName\":\"初中部\",\"email\":\"\",\"id\":\"1361665952867299329\",\"major\":\"\",\"phone\":\"\",\"qualificationImg\":\"\",\"realName\":\"唐金恒\",\"status\":1,\"university\":\"\",\"updateId\":\"1\",\"updateTime\":1614606163809,\"username\":\"lx027\"}]', '192.168.0.105', '2021-03-01 21:42:43');
INSERT INTO `sys_log` VALUES ('1366383402162118657', '1', 'admin', '用户管理-分页获取用户列表', '34', 'com.company.project.controller.UserController.pageInfo()', '[{\"deptNo\":\"D000002\",\"username\":\"\"}]', '192.168.0.105', '2021-03-01 21:42:43');
INSERT INTO `sys_log` VALUES ('1366383451420024833', '1', 'admin', '用户管理-更新用户信息', '35', 'com.company.project.controller.UserController.updateUserInfo()', '[{\"deptId\":\"1331121875856035841\",\"deptName\":\"初中部\",\"email\":\"\",\"id\":\"1361665829219217409\",\"major\":\"\",\"phone\":\"\",\"qualificationImg\":\"\",\"realName\":\"熊金凤\",\"status\":1,\"university\":\"\",\"updateId\":\"1\",\"updateTime\":1614606175617,\"username\":\"lx026\"}]', '192.168.0.105', '2021-03-01 21:42:55');
INSERT INTO `sys_log` VALUES ('1366383451692654594', '1', 'admin', '用户管理-分页获取用户列表', '30', 'com.company.project.controller.UserController.pageInfo()', '[{\"deptNo\":\"D000002\",\"username\":\"\"}]', '192.168.0.105', '2021-03-01 21:42:55');
INSERT INTO `sys_log` VALUES ('1366383459481477122', '1', 'admin', '用户管理-分页获取用户列表', '27', 'com.company.project.controller.UserController.pageInfo()', '[{\"deptNo\":\"D000002\",\"username\":\"\"}]', '192.168.0.105', '2021-03-01 21:42:57');
INSERT INTO `sys_log` VALUES ('1366383544831369217', '1', 'admin', '用户管理-更新用户信息', '31', 'com.company.project.controller.UserController.updateUserInfo()', '[{\"deptId\":\"1331121875856035841\",\"deptName\":\"初中部\",\"email\":\"\",\"id\":\"1361665760709455874\",\"major\":\"\",\"phone\":\"\",\"qualificationImg\":\"\",\"realName\":\"唐凌\",\"status\":1,\"university\":\"\",\"updateId\":\"1\",\"updateTime\":1614606197892,\"username\":\"lx025\"}]', '192.168.0.105', '2021-03-01 21:43:17');
INSERT INTO `sys_log` VALUES ('1366383545103998977', '1', 'admin', '用户管理-分页获取用户列表', '29', 'com.company.project.controller.UserController.pageInfo()', '[{\"deptNo\":\"D000002\",\"username\":\"\"}]', '192.168.0.105', '2021-03-01 21:43:17');
INSERT INTO `sys_log` VALUES ('1366383552062349314', '1', 'admin', '用户管理-分页获取用户列表', '33', 'com.company.project.controller.UserController.pageInfo()', '[{\"deptNo\":\"D000002\",\"username\":\"\"}]', '192.168.0.105', '2021-03-01 21:43:19');
INSERT INTO `sys_log` VALUES ('1366383597243392002', '1', 'admin', '用户管理-更新用户信息', '29', 'com.company.project.controller.UserController.updateUserInfo()', '[{\"deptId\":\"1331121875856035841\",\"deptName\":\"初中部\",\"email\":\"\",\"id\":\"1361665692078059522\",\"major\":\"\",\"phone\":\"\",\"qualificationImg\":\"\",\"realName\":\"李涛\",\"status\":1,\"university\":\"\",\"updateId\":\"1\",\"updateTime\":1614606210391,\"username\":\"lx024\"}]', '192.168.0.105', '2021-03-01 21:43:30');
INSERT INTO `sys_log` VALUES ('1366383597516021762', '1', 'admin', '用户管理-分页获取用户列表', '31', 'com.company.project.controller.UserController.pageInfo()', '[{\"deptNo\":\"D000002\",\"username\":\"\"}]', '192.168.0.105', '2021-03-01 21:43:30');
INSERT INTO `sys_log` VALUES ('1366383601722908674', '1', 'admin', '用户管理-分页获取用户列表', '30', 'com.company.project.controller.UserController.pageInfo()', '[{\"deptNo\":\"D000002\",\"username\":\"\"}]', '192.168.0.105', '2021-03-01 21:43:31');
INSERT INTO `sys_log` VALUES ('1366383654231400450', '1', 'admin', '用户管理-更新用户信息', '30', 'com.company.project.controller.UserController.updateUserInfo()', '[{\"deptId\":\"1331121875856035841\",\"deptName\":\"初中部\",\"email\":\"\",\"id\":\"1361665609941004290\",\"major\":\"\",\"phone\":\"\",\"qualificationImg\":\"\",\"realName\":\"李崇\",\"status\":1,\"university\":\"\",\"updateId\":\"1\",\"updateTime\":1614606223975,\"username\":\"lx023\"}]', '192.168.0.105', '2021-03-01 21:43:44');
INSERT INTO `sys_log` VALUES ('1366383654504030209', '1', 'admin', '用户管理-分页获取用户列表', '32', 'com.company.project.controller.UserController.pageInfo()', '[{\"deptNo\":\"D000002\",\"username\":\"\"}]', '192.168.0.105', '2021-03-01 21:43:44');
INSERT INTO `sys_log` VALUES ('1366383662108303361', '1', 'admin', '用户管理-分页获取用户列表', '29', 'com.company.project.controller.UserController.pageInfo()', '[{\"deptNo\":\"D000002\",\"username\":\"\"}]', '192.168.0.105', '2021-03-01 21:43:45');
INSERT INTO `sys_log` VALUES ('1366383710334410753', '1', 'admin', '用户管理-更新用户信息', '29', 'com.company.project.controller.UserController.updateUserInfo()', '[{\"deptId\":\"1331121875856035841\",\"deptName\":\"初中部\",\"email\":\"\",\"id\":\"1361665545919148034\",\"major\":\"\",\"phone\":\"\",\"qualificationImg\":\"\",\"realName\":\"张仁朋\",\"status\":1,\"university\":\"\",\"updateId\":\"1\",\"updateTime\":1614606237353,\"username\":\"lx022\"}]', '192.168.0.105', '2021-03-01 21:43:57');
INSERT INTO `sys_log` VALUES ('1366383710619623425', '1', 'admin', '用户管理-分页获取用户列表', '32', 'com.company.project.controller.UserController.pageInfo()', '[{\"deptNo\":\"D000002\",\"username\":\"\"}]', '192.168.0.105', '2021-03-01 21:43:57');
INSERT INTO `sys_log` VALUES ('1366383715875086338', '1', 'admin', '用户管理-分页获取用户列表', '28', 'com.company.project.controller.UserController.pageInfo()', '[{\"deptNo\":\"D000002\",\"username\":\"\"}]', '192.168.0.105', '2021-03-01 21:43:58');
INSERT INTO `sys_log` VALUES ('1366383790672109570', '1', 'admin', '用户管理-更新用户信息', '32', 'com.company.project.controller.UserController.updateUserInfo()', '[{\"deptId\":\"1331121875856035841\",\"deptName\":\"初中部\",\"email\":\"\",\"id\":\"1361665450431623169\",\"major\":\"\",\"phone\":\"\",\"qualificationImg\":\"\",\"realName\":\"伍景良\",\"status\":1,\"university\":\"\",\"updateId\":\"1\",\"updateTime\":1614606256505,\"username\":\"lx021\"}]', '192.168.0.105', '2021-03-01 21:44:16');
INSERT INTO `sys_log` VALUES ('1366383790923767810', '1', 'admin', '用户管理-分页获取用户列表', '27', 'com.company.project.controller.UserController.pageInfo()', '[{\"deptNo\":\"D000002\",\"username\":\"\"}]', '192.168.0.105', '2021-03-01 21:44:16');
INSERT INTO `sys_log` VALUES ('1366383797282332674', '1', 'admin', '用户管理-分页获取用户列表', '31', 'com.company.project.controller.UserController.pageInfo()', '[{\"deptNo\":\"D000002\",\"username\":\"\"}]', '192.168.0.105', '2021-03-01 21:44:18');
INSERT INTO `sys_log` VALUES ('1366383916920659969', '1', 'admin', '用户管理-删除用户', '30', 'com.company.project.controller.UserController.deletedUser()', '[[\"1361665323801391105\"]]', '192.168.0.105', '2021-03-01 21:44:46');
INSERT INTO `sys_log` VALUES ('1366383917117792258', '1', 'admin', '用户管理-分页获取用户列表', '24', 'com.company.project.controller.UserController.pageInfo()', '[{\"deptNo\":\"D000002\",\"username\":\"\"}]', '192.168.0.105', '2021-03-01 21:44:46');
INSERT INTO `sys_log` VALUES ('1366383925145690113', '1', 'admin', '用户管理-分页获取用户列表', '26', 'com.company.project.controller.UserController.pageInfo()', '[{\"deptNo\":\"D000002\",\"username\":\"\"}]', '192.168.0.105', '2021-03-01 21:44:48');
INSERT INTO `sys_log` VALUES ('1366383939855114241', '1', 'admin', '用户管理-删除用户', '29', 'com.company.project.controller.UserController.deletedUser()', '[[\"1361665255002222593\"]]', '192.168.0.105', '2021-03-01 21:44:52');
INSERT INTO `sys_log` VALUES ('1366383940081606657', '1', 'admin', '用户管理-分页获取用户列表', '34', 'com.company.project.controller.UserController.pageInfo()', '[{\"deptNo\":\"D000002\",\"username\":\"\"}]', '192.168.0.105', '2021-03-01 21:44:52');
INSERT INTO `sys_log` VALUES ('1366383950777081858', '1', 'admin', '用户管理-分页获取用户列表', '27', 'com.company.project.controller.UserController.pageInfo()', '[{\"deptNo\":\"D000002\",\"username\":\"\"}]', '192.168.0.105', '2021-03-01 21:44:54');
INSERT INTO `sys_log` VALUES ('1366383977905840130', '1', 'admin', '用户管理-删除用户', '28', 'com.company.project.controller.UserController.deletedUser()', '[[\"1361665123712118786\"]]', '192.168.0.105', '2021-03-01 21:45:01');
INSERT INTO `sys_log` VALUES ('1366383978115555330', '1', 'admin', '用户管理-分页获取用户列表', '32', 'com.company.project.controller.UserController.pageInfo()', '[{\"deptNo\":\"D000002\",\"username\":\"\"}]', '192.168.0.105', '2021-03-01 21:45:01');
INSERT INTO `sys_log` VALUES ('1366383983182274561', '1', 'admin', '用户管理-分页获取用户列表', '27', 'com.company.project.controller.UserController.pageInfo()', '[{\"deptNo\":\"D000002\",\"username\":\"\"}]', '192.168.0.105', '2021-03-01 21:45:02');
INSERT INTO `sys_log` VALUES ('1366384345272344578', '1', 'admin', '用户管理-删除用户', '34', 'com.company.project.controller.UserController.deletedUser()', '[[\"1361665014207229953\"]]', '192.168.0.105', '2021-03-01 21:46:28');
INSERT INTO `sys_log` VALUES ('1366384345494642689', '1', 'admin', '用户管理-分页获取用户列表', '33', 'com.company.project.controller.UserController.pageInfo()', '[{\"deptNo\":\"D000002\",\"username\":\"\"}]', '192.168.0.105', '2021-03-01 21:46:28');
INSERT INTO `sys_log` VALUES ('1366384355107987458', '1', 'admin', '用户管理-分页获取用户列表', '27', 'com.company.project.controller.UserController.pageInfo()', '[{\"deptNo\":\"D000002\",\"username\":\"\"}]', '192.168.0.105', '2021-03-01 21:46:31');
INSERT INTO `sys_log` VALUES ('1366384368408125441', '1', 'admin', '用户管理-删除用户', '31', 'com.company.project.controller.UserController.deletedUser()', '[[\"1361664933613678594\"]]', '192.168.0.105', '2021-03-01 21:46:34');
INSERT INTO `sys_log` VALUES ('1366384368638812162', '1', 'admin', '用户管理-分页获取用户列表', '33', 'com.company.project.controller.UserController.pageInfo()', '[{\"deptNo\":\"D000002\",\"username\":\"\"}]', '192.168.0.105', '2021-03-01 21:46:34');
INSERT INTO `sys_log` VALUES ('1366384372774395906', '1', 'admin', '用户管理-分页获取用户列表', '25', 'com.company.project.controller.UserController.pageInfo()', '[{\"deptNo\":\"D000002\",\"username\":\"\"}]', '192.168.0.105', '2021-03-01 21:46:35');
INSERT INTO `sys_log` VALUES ('1366384409331949570', '1', 'admin', '用户管理-删除用户', '26', 'com.company.project.controller.UserController.deletedUser()', '[[\"1361664821860642817\",\"1361664758438572034\",\"1361664651475431425\",\"1361664481169911810\",\"1361664147697577985\"]]', '192.168.0.105', '2021-03-01 21:46:44');
INSERT INTO `sys_log` VALUES ('1366384409545859074', '1', 'admin', '用户管理-分页获取用户列表', '29', 'com.company.project.controller.UserController.pageInfo()', '[{\"deptNo\":\"D000002\",\"username\":\"\"}]', '192.168.0.105', '2021-03-01 21:46:44');
INSERT INTO `sys_log` VALUES ('1366384414499332097', '1', 'admin', '用户管理-分页获取用户列表', '17', 'com.company.project.controller.UserController.pageInfo()', '[{\"deptNo\":\"D000002\",\"username\":\"\"}]', '192.168.0.105', '2021-03-01 21:46:45');
INSERT INTO `sys_log` VALUES ('1366384431268159490', '1', 'admin', '用户管理-删除用户', '26', 'com.company.project.controller.UserController.deletedUser()', '[[\"1347029956531355649\"]]', '192.168.0.105', '2021-03-01 21:46:49');
INSERT INTO `sys_log` VALUES ('1366384431477874690', '1', 'admin', '用户管理-分页获取用户列表', '32', 'com.company.project.controller.UserController.pageInfo()', '[{\"deptNo\":\"D000002\",\"username\":\"\"}]', '192.168.0.105', '2021-03-01 21:46:49');
INSERT INTO `sys_log` VALUES ('1366384540303286274', '1', 'admin', '机构管理-树型组织列表', '1', 'com.company.project.controller.DeptController.getTree()', '[null]', '192.168.0.105', '2021-03-01 21:47:15');
INSERT INTO `sys_log` VALUES ('1366384540458475521', '1', 'admin', '用户管理-分页获取用户列表', '30', 'com.company.project.controller.UserController.pageInfo()', '[{}]', '192.168.0.105', '2021-03-01 21:47:15');
INSERT INTO `sys_log` VALUES ('1366384545432920065', '1', 'admin', '用户管理-分页获取用户列表', '27', 'com.company.project.controller.UserController.pageInfo()', '[{\"username\":\"\"}]', '192.168.0.105', '2021-03-01 21:47:16');
INSERT INTO `sys_log` VALUES ('1366384555058847746', '1', 'admin', '用户管理-分页获取用户列表', '20', 'com.company.project.controller.UserController.pageInfo()', '[{\"username\":\"\"}]', '192.168.0.105', '2021-03-01 21:47:18');
INSERT INTO `sys_log` VALUES ('1366384589607329793', '1', 'admin', '用户管理-赋予角色-获取所有角色接口', '2', 'com.company.project.controller.UserController.getUserOwnRole()', '[\"2\"]', '192.168.0.105', '2021-03-01 21:47:27');
INSERT INTO `sys_log` VALUES ('1366384611795197953', '1', 'admin', '用户管理-赋予角色-用户赋予角色接口', '37', 'com.company.project.controller.UserController.setUserOwnRole()', '[\"2\",[\"1362622003983093761\"]]', '192.168.0.105', '2021-03-01 21:47:32');
INSERT INTO `sys_log` VALUES ('1366384611996524545', '1', 'admin', '用户管理-分页获取用户列表', '26', 'com.company.project.controller.UserController.pageInfo()', '[{\"username\":\"\"}]', '192.168.0.105', '2021-03-01 21:47:32');
INSERT INTO `sys_log` VALUES ('1366384814036148226', '1', 'admin', '用户管理-分页获取用户列表', '29', 'com.company.project.controller.UserController.pageInfo()', '[{\"username\":\"\"}]', '192.168.0.105', '2021-03-01 21:48:20');
INSERT INTO `sys_log` VALUES ('1366384830435876866', '1', 'admin', '用户管理-分页获取用户列表', '28', 'com.company.project.controller.UserController.pageInfo()', '[{\"deptNo\":\"D000002\",\"username\":\"\"}]', '192.168.0.105', '2021-03-01 21:48:24');
INSERT INTO `sys_log` VALUES ('1366384832520445954', '1', 'admin', '用户管理-分页获取用户列表', '25', 'com.company.project.controller.UserController.pageInfo()', '[{\"deptNo\":\"D000003\",\"username\":\"\"}]', '192.168.0.105', '2021-03-01 21:48:24');
INSERT INTO `sys_log` VALUES ('1366384850711142402', '1', 'admin', '用户管理-分页获取用户列表', '28', 'com.company.project.controller.UserController.pageInfo()', '[{\"deptNo\":\"D000003\",\"username\":\"\"}]', '192.168.0.105', '2021-03-01 21:48:29');
INSERT INTO `sys_log` VALUES ('1366384869988163585', '1', 'admin', '机构管理-树型组织列表', '2', 'com.company.project.controller.DeptController.getTree()', '[null]', '192.168.0.105', '2021-03-01 21:48:33');
INSERT INTO `sys_log` VALUES ('1366384870147547138', '1', 'admin', '用户管理-分页获取用户列表', '32', 'com.company.project.controller.UserController.pageInfo()', '[{}]', '192.168.0.105', '2021-03-01 21:48:33');
INSERT INTO `sys_log` VALUES ('1367100776347676673', '1', 'admin', '用户管理-分页获取用户列表', '59', 'com.company.project.controller.UserController.pageInfo()', '[{\"realName\":\"\",\"username\":\"\"}]', '192.168.0.102', '2021-03-03 21:13:19');
INSERT INTO `sys_log` VALUES ('1367102796550975490', '1', 'admin', '用户管理-分页获取用户列表', '55', 'com.company.project.controller.UserController.pageInfo()', '[{\"realName\":\"\",\"username\":\"\"}]', '192.168.0.102', '2021-03-03 21:21:20');
INSERT INTO `sys_log` VALUES ('1367103242640371714', '1', 'admin', '用户管理-分页获取用户列表', '53', 'com.company.project.controller.UserController.pageInfo()', '[{\"realName\":\"\",\"username\":\"\"}]', '192.168.0.102', '2021-03-03 21:23:07');
INSERT INTO `sys_log` VALUES ('1367103480411271169', '1', 'admin', '用户管理-分页获取用户列表', '45', 'com.company.project.controller.UserController.pageInfo()', '[{\"realName\":\"\",\"username\":\"\"}]', '192.168.0.102', '2021-03-03 21:24:03');
INSERT INTO `sys_log` VALUES ('1367103908968509442', '1', 'admin', '用户管理-分页获取用户列表', '63', 'com.company.project.controller.UserController.pageInfo()', '[{\"realName\":\"\",\"username\":\"\"}]', '192.168.0.102', '2021-03-03 21:25:46');
INSERT INTO `sys_log` VALUES ('1367104476210298882', '1', 'admin', '用户管理-分页获取用户列表', '66', 'com.company.project.controller.UserController.pageInfo()', '[{\"realName\":\"\",\"username\":\"\"}]', '192.168.0.102', '2021-03-03 21:28:01');
INSERT INTO `sys_log` VALUES ('1367442917842255874', '1', 'admin', '菜单权限管理-获取所有菜单权限', '302', 'com.company.project.controller.PermissionController.getAllMenusPermission()', null, '0:0:0:0:0:0:0:1', '2021-03-04 19:52:52');
INSERT INTO `sys_log` VALUES ('1367442952424292353', '1', 'admin', '菜单权限管理-获取所有目录菜单树', '246', 'com.company.project.controller.PermissionController.getAllMenusPermissionTree()', '[\"784480084567261185\"]', '0:0:0:0:0:0:0:1', '2021-03-04 19:53:00');
INSERT INTO `sys_log` VALUES ('1367443061195177985', '1', 'admin', '菜单权限管理-更新菜单权限', '10', 'com.company.project.controller.PermissionController.updatePermission()', '[{\"icon\":\"\",\"id\":\"784480084567261185\",\"name\":\"试卷大题新增\",\"orderNum\":1,\"perms\":\"dlTestItem:add\",\"pid\":\"784480084877639680\",\"pidName\":\"试卷管理\",\"status\":1,\"target\":\"_self\",\"type\":3,\"updateTime\":1614858806299,\"url\":\"dlTestItem/add\"}]', '0:0:0:0:0:0:0:1', '2021-03-04 19:53:26');
INSERT INTO `sys_log` VALUES ('1367443062298279937', '1', 'admin', '菜单权限管理-获取所有菜单权限', '247', 'com.company.project.controller.PermissionController.getAllMenusPermission()', null, '0:0:0:0:0:0:0:1', '2021-03-04 19:53:26');
INSERT INTO `sys_log` VALUES ('1367443094359539714', '1', 'admin', '菜单权限管理-获取所有目录菜单树', '216', 'com.company.project.controller.PermissionController.getAllMenusPermissionTree()', '[\"784480084567261186\"]', '0:0:0:0:0:0:0:1', '2021-03-04 19:53:34');
INSERT INTO `sys_log` VALUES ('1367443132016001025', '1', 'admin', '菜单权限管理-更新菜单权限', '6', 'com.company.project.controller.PermissionController.updatePermission()', '[{\"icon\":\"\",\"id\":\"784480084567261186\",\"name\":\"试卷大题修改\",\"orderNum\":1,\"perms\":\"dlTestItem:update\",\"pid\":\"784480084877639680\",\"pidName\":\"试卷管理\",\"status\":1,\"target\":\"_self\",\"type\":3,\"updateTime\":1614858823185,\"url\":\"dlTestItem/update\"}]', '0:0:0:0:0:0:0:1', '2021-03-04 19:53:43');
INSERT INTO `sys_log` VALUES ('1367443132888416258', '1', 'admin', '菜单权限管理-获取所有菜单权限', '198', 'com.company.project.controller.PermissionController.getAllMenusPermission()', null, '0:0:0:0:0:0:0:1', '2021-03-04 19:53:43');
INSERT INTO `sys_log` VALUES ('1367443154455527426', '1', 'admin', '菜单权限管理-获取所有目录菜单树', '170', 'com.company.project.controller.PermissionController.getAllMenusPermissionTree()', '[\"784480084567261187\"]', '0:0:0:0:0:0:0:1', '2021-03-04 19:53:48');
INSERT INTO `sys_log` VALUES ('1367443201356234754', '1', 'admin', '菜单权限管理-更新菜单权限', '10', 'com.company.project.controller.PermissionController.updatePermission()', '[{\"icon\":\"\",\"id\":\"784480084567261187\",\"name\":\"试卷大题删除\",\"orderNum\":1,\"perms\":\"dlTestItem:delete\",\"pid\":\"784480084877639680\",\"pidName\":\"试卷管理\",\"status\":1,\"target\":\"_self\",\"type\":3,\"updateTime\":1614858839714,\"url\":\"dlTestItem/delete\"}]', '0:0:0:0:0:0:0:1', '2021-03-04 19:53:59');
INSERT INTO `sys_log` VALUES ('1367443202081849346', '1', 'admin', '菜单权限管理-获取所有菜单权限', '159', 'com.company.project.controller.PermissionController.getAllMenusPermission()', null, '0:0:0:0:0:0:0:1', '2021-03-04 19:53:59');
INSERT INTO `sys_log` VALUES ('1367443228698902530', '1', 'admin', '菜单权限管理-获取所有目录菜单树', '153', 'com.company.project.controller.PermissionController.getAllMenusPermissionTree()', '[\"784480084567261188\"]', '0:0:0:0:0:0:0:1', '2021-03-04 19:54:06');
INSERT INTO `sys_log` VALUES ('1367443257845121025', '1', 'admin', '菜单权限管理-更新菜单权限', '3', 'com.company.project.controller.PermissionController.updatePermission()', '[{\"icon\":\"\",\"id\":\"784480084567261188\",\"name\":\"试卷大题列表\",\"orderNum\":1,\"perms\":\"dlTestItem:list\",\"pid\":\"784480084877639680\",\"pidName\":\"试卷管理\",\"status\":1,\"target\":\"_self\",\"type\":3,\"updateTime\":1614858853188,\"url\":\"dlTestItem/listByPage\"}]', '0:0:0:0:0:0:0:1', '2021-03-04 19:54:13');
INSERT INTO `sys_log` VALUES ('1367443258503626754', '1', 'admin', '菜单权限管理-获取所有菜单权限', '144', 'com.company.project.controller.PermissionController.getAllMenusPermission()', null, '0:0:0:0:0:0:0:1', '2021-03-04 19:54:13');
INSERT INTO `sys_log` VALUES ('1367443292045475842', '1', 'admin', '菜单权限管理-删除菜单权限', '28', 'com.company.project.controller.PermissionController.deleted()', '[\"784480084567261184\"]', '0:0:0:0:0:0:0:1', '2021-03-04 19:54:21');
INSERT INTO `sys_log` VALUES ('1367443292955639810', '1', 'admin', '菜单权限管理-获取所有菜单权限', '163', 'com.company.project.controller.PermissionController.getAllMenusPermission()', null, '0:0:0:0:0:0:0:1', '2021-03-04 19:54:21');
INSERT INTO `sys_log` VALUES ('1367443315458080770', '1', 'admin', '菜单权限管理-获取所有目录菜单树', '154', 'com.company.project.controller.PermissionController.getAllMenusPermissionTree()', '[\"784480084693090305\"]', '0:0:0:0:0:0:0:1', '2021-03-04 19:54:26');
INSERT INTO `sys_log` VALUES ('1367443361394098177', '1', 'admin', '菜单权限管理-更新菜单权限', '10', 'com.company.project.controller.PermissionController.updatePermission()', '[{\"icon\":\"\",\"id\":\"784480084693090305\",\"name\":\"试卷大题新增\",\"orderNum\":2,\"perms\":\"dlTestDetail:add\",\"pid\":\"784480084877639680\",\"pidName\":\"试卷管理\",\"status\":1,\"target\":\"_self\",\"type\":3,\"updateTime\":1614858877870,\"url\":\"dlTestDetail/add\"}]', '0:0:0:0:0:0:0:1', '2021-03-04 19:54:37');
INSERT INTO `sys_log` VALUES ('1367443362123907073', '1', 'admin', '菜单权限管理-获取所有菜单权限', '160', 'com.company.project.controller.PermissionController.getAllMenusPermission()', null, '0:0:0:0:0:0:0:1', '2021-03-04 19:54:38');
INSERT INTO `sys_log` VALUES ('1367443382453698562', '1', 'admin', '菜单权限管理-获取所有目录菜单树', '157', 'com.company.project.controller.PermissionController.getAllMenusPermissionTree()', '[\"784480084693090306\"]', '0:0:0:0:0:0:0:1', '2021-03-04 19:54:42');
INSERT INTO `sys_log` VALUES ('1367443421594943489', '1', 'admin', '菜单权限管理-更新菜单权限', '9', 'com.company.project.controller.PermissionController.updatePermission()', '[{\"icon\":\"\",\"id\":\"784480084693090306\",\"name\":\"试卷大题修改\",\"orderNum\":2,\"perms\":\"dlTestDetail:update\",\"pid\":\"784480084877639680\",\"pidName\":\"试卷管理\",\"status\":1,\"target\":\"_self\",\"type\":3,\"updateTime\":1614858892224,\"url\":\"dlTestDetail/update\"}]', '0:0:0:0:0:0:0:1', '2021-03-04 19:54:52');
INSERT INTO `sys_log` VALUES ('1367443422312169473', '1', 'admin', '菜单权限管理-获取所有菜单权限', '161', 'com.company.project.controller.PermissionController.getAllMenusPermission()', null, '0:0:0:0:0:0:0:1', '2021-03-04 19:54:52');
INSERT INTO `sys_log` VALUES ('1367443442449022977', '1', 'admin', '菜单权限管理-获取所有目录菜单树', '146', 'com.company.project.controller.PermissionController.getAllMenusPermissionTree()', '[\"784480084693090307\"]', '0:0:0:0:0:0:0:1', '2021-03-04 19:54:57');
INSERT INTO `sys_log` VALUES ('1367443470328561666', '1', 'admin', '菜单权限管理-更新菜单权限', '9', 'com.company.project.controller.PermissionController.updatePermission()', '[{\"icon\":\"\",\"id\":\"784480084693090307\",\"name\":\"试卷大题删除\",\"orderNum\":2,\"perms\":\"dlTestDetail:delete\",\"pid\":\"784480084877639680\",\"pidName\":\"试卷管理\",\"status\":1,\"target\":\"_self\",\"type\":3,\"updateTime\":1614858903843,\"url\":\"dlTestDetail/delete\"}]', '0:0:0:0:0:0:0:1', '2021-03-04 19:55:03');
INSERT INTO `sys_log` VALUES ('1367443471066759169', '1', 'admin', '菜单权限管理-获取所有菜单权限', '163', 'com.company.project.controller.PermissionController.getAllMenusPermission()', null, '0:0:0:0:0:0:0:1', '2021-03-04 19:55:04');
INSERT INTO `sys_log` VALUES ('1367443496404549634', '1', 'admin', '菜单权限管理-获取所有目录菜单树', '168', 'com.company.project.controller.PermissionController.getAllMenusPermissionTree()', '[\"784480084693090308\"]', '0:0:0:0:0:0:0:1', '2021-03-04 19:55:10');
INSERT INTO `sys_log` VALUES ('1367443531250827266', '1', 'admin', '菜单权限管理-更新菜单权限', '11', 'com.company.project.controller.PermissionController.updatePermission()', '[{\"icon\":\"\",\"id\":\"784480084693090308\",\"name\":\"试卷大题列表\",\"orderNum\":2,\"perms\":\"dlTestDetail:list\",\"pid\":\"784480084877639680\",\"pidName\":\"试卷管理\",\"status\":1,\"target\":\"_self\",\"type\":3,\"updateTime\":1614858918366,\"url\":\"dlTestDetail/listByPage\"}]', '0:0:0:0:0:0:0:1', '2021-03-04 19:55:18');
INSERT INTO `sys_log` VALUES ('1367443531938693122', '1', 'admin', '菜单权限管理-获取所有菜单权限', '150', 'com.company.project.controller.PermissionController.getAllMenusPermission()', null, '0:0:0:0:0:0:0:1', '2021-03-04 19:55:18');
INSERT INTO `sys_log` VALUES ('1367443556026580994', '1', 'admin', '菜单权限管理-删除菜单权限', '9', 'com.company.project.controller.PermissionController.deleted()', '[\"784480084693090304\"]', '0:0:0:0:0:0:0:1', '2021-03-04 19:55:24');
INSERT INTO `sys_log` VALUES ('1367443556873830402', '1', 'admin', '菜单权限管理-获取所有菜单权限', '168', 'com.company.project.controller.PermissionController.getAllMenusPermission()', null, '0:0:0:0:0:0:0:1', '2021-03-04 19:55:24');
INSERT INTO `sys_log` VALUES ('1367443602205868033', '1', 'admin', '菜单权限管理-获取所有菜单权限', '148', 'com.company.project.controller.PermissionController.getAllMenusPermission()', null, '0:0:0:0:0:0:0:1', '2021-03-04 19:55:35');
INSERT INTO `sys_log` VALUES ('1371731625215074305', '1', 'admin', '菜单权限管理-获取所有菜单权限', '331', 'com.company.project.controller.PermissionController.getAllMenusPermission()', null, '192.168.0.105', '2021-03-16 15:54:39');
INSERT INTO `sys_log` VALUES ('1371731681355833345', '1', 'admin', '菜单权限管理-获取所有目录菜单树', '259', 'com.company.project.controller.PermissionController.getAllMenusPermissionTree()', '[\"\"]', '192.168.0.105', '2021-03-16 15:54:53');
INSERT INTO `sys_log` VALUES ('1371731883470954498', '1', 'admin', '菜单权限管理-新增菜单权限', '7', 'com.company.project.controller.PermissionController.addPermission()', '[{\"createTime\":1615881341214,\"deleted\":1,\"icon\":\"\",\"id\":\"1371731883433205762\",\"name\":\"学生导入\",\"orderNum\":10,\"perms\":\"dlStudent:export\",\"pid\":\"784480084814725120\",\"pidName\":\"学生管理\",\"status\":1,\"target\":\"_self\",\"type\":3,\"updateTime\":1615881341214,\"url\":\"/dlStudent/export\"}]', '192.168.0.105', '2021-03-16 15:55:41');
INSERT INTO `sys_log` VALUES ('1371731884473393153', '1', 'admin', '菜单权限管理-获取所有菜单权限', '228', 'com.company.project.controller.PermissionController.getAllMenusPermission()', null, '192.168.0.105', '2021-03-16 15:55:41');
INSERT INTO `sys_log` VALUES ('1371731935291580418', '1', 'admin', '角色管理-分页获取角色信息', '12', 'com.company.project.controller.RoleController.pageInfo()', '[{}]', '192.168.0.105', '2021-03-16 15:55:53');
INSERT INTO `sys_log` VALUES ('1371731950244274178', '1', 'admin', '角色管理-查询角色详情', '218', 'com.company.project.controller.RoleController.detailInfo()', '[\"1\"]', '192.168.0.105', '2021-03-16 15:55:57');
INSERT INTO `sys_log` VALUES ('1371731999917416450', '1', 'admin', '角色管理-更新角色信息', '103', 'com.company.project.controller.RoleController.updateDept()', '[{\"description\":\"拥有所有权限-不能删除\",\"id\":\"1\",\"name\":\"超级管理员\",\"permissions\":[\"51\",\"11\",\"17\",\"26\",\"40\",\"43\",\"44\",\"53\",\"3\",\"19\",\"36\",\"1311115974068449281\",\"13\",\"39\",\"41\",\"5\",\"9\",\"12\",\"22\",\"38\",\"1334806894995996673\",\"24\",\"10\",\"23\",\"25\",\"42\",\"52\",\"56\",\"57\",\"1334807138768945153\",\"784480084877639680\",\"784480084877639681\",\"784480084877639682\",\"784480084877639683\",\"784480084877639684\",\"784480084567261185\",\"784480084567261186\",\"784480084567261187\",\"784480084567261188\",\"784480084693090305\",\"784480084693090306\",\"784480084693090307\",\"784480084693090308\",\"784480085049606144\",\"784480085049606145\",\"784480085049606146\",\"784480085049606147\",\"784480085049606148\",\"789437171000934400\",\"789437171000934401\",\"789437171000934402\",\"789437171000934403\",\"789437171000934404\",\"1334808090397802498\",\"784480084189773824\",\"784480084189773825\",\"784480084189773826\",\"784480084189773827\",\"784480084189773828\",\"784480083837452289\",\"784480083837452290\",\"784480083837452291\",\"784480083837452292\",\"793103294946869249\",\"793103294946869250\",\"793103294946869251\",\"793103294946869252\",\"1344644834154868738\",\"784480084034584577\",\"784480084034584578\",\"784480084034584579\",\"784480084034584580\",\"784480084319797249\",\"784480084319797250\",\"784480084319797251\",\"784480084319797252\",\"784480084256882688\",\"784480084256882689\",\"784480084256882690\",\"784480084256882691\",\"784480084256882692\",\"1346239294743543809\",\"1346451957448769537\",\"784480084118470656\",\"1346636399928680450\",\"1347504949065211906\",\"1346636197545123842\",\"1346999702114848769\",\"784480084118470660\",\"784480084118470657\",\"784480084118470658\",\"784480084118470659\",\"796792186363445250\",\"796792186363445252\",\"1334808707124068353\",\"801109371802091520\",\"801109371802091521\",\"801109371802091522\",\"801109371802091523\",\"801109371802091524\",\"801820889640337409\",\"801820889640337410\",\"801820889640337411\",\"801820889640337412\",\"813029778847170561\",\"813029778847170562\",\"813029778847170563\",\"813029778847170564\",\"801109371525267457\",\"801109371525267458\",\"801109371525267459\",\"801109371525267460\",\"1358249691529498626\",\"1361134000829521922\",\"807924900420386816\",\"807924900420386817\",\"807924900420386818\",\"807924900420386819\",\"807924900420386820\",\"1358222664411832321\",\"1363853476443750402\",\"1363853679435481089\",\"1363853836570886146\",\"1363853954212724738\",\"1363854667705778178\",\"1363855111060488194\",\"1363855345006182401\",\"1334822791945027585\",\"784480084634370048\",\"784480084634370049\",\"784480084634370050\",\"784480084634370051\",\"784480084634370052\",\"784480084756004864\",\"784480084756004865\",\"784480084756004866\",\"784480084756004867\",\"784480084756004868\",\"784480084814725120\",\"784480084814725121\",\"784480084814725122\",\"784480084814725123\",\"784480084814725124\",\"1371731883433205762\",\"784480084491763712\",\"784480084491763713\",\"784480084491763714\",\"784480084491763715\",\"784480084491763716\",\"1339549078235017217\",\"784480084932165632\",\"784480084932165633\",\"784480084932165634\",\"784480084932165635\",\"784480084932165636\",\"1335060861890002945\",\"784480084986691584\",\"784480084986691585\",\"784480084986691586\",\"784480084986691587\",\"784480084986691588\",\"784480085104132096\",\"784480085104132097\",\"784480085104132098\",\"784480085104132099\",\"784480085104132100\",\"796380986987249664\",\"796380986987249665\",\"796380986987249666\",\"796380986987249667\",\"796380986987249668\",\"54\",\"15\",\"1\",\"4\",\"16\",\"20\",\"27\",\"28\",\"29\",\"30\",\"31\",\"32\",\"33\",\"34\",\"35\",\"45\",\"46\",\"47\",\"48\",\"49\",\"1339410383213309953\",\"59\",\"60\",\"61\",\"62\",\"63\",\"55\",\"18\",\"14\",\"8\",\"7\",\"58\",\"21\",\"50\",\"2\",\"6\"],\"status\":1,\"updateTime\":1615881368889}]', '192.168.0.105', '2021-03-16 15:56:08');
INSERT INTO `sys_log` VALUES ('1371732000236183553', '1', 'admin', '角色管理-分页获取角色信息', '6', 'com.company.project.controller.RoleController.pageInfo()', '[{\"name\":\"\"}]', '192.168.0.105', '2021-03-16 15:56:09');
INSERT INTO `sys_log` VALUES ('1372542558304788481', '1', 'admin', '菜单权限管理-获取所有菜单权限', '340', 'com.company.project.controller.PermissionController.getAllMenusPermission()', null, '192.168.0.105', '2021-03-18 21:37:01');
INSERT INTO `sys_log` VALUES ('1372542580807229441', '1', 'admin', '菜单权限管理-获取所有目录菜单树', '251', 'com.company.project.controller.PermissionController.getAllMenusPermissionTree()', '[\"\"]', '192.168.0.105', '2021-03-18 21:37:06');
INSERT INTO `sys_log` VALUES ('1372542780896501762', '1', 'admin', '菜单权限管理-新增菜单权限', '9', 'com.company.project.controller.PermissionController.addPermission()', '[{\"createTime\":1616074674221,\"deleted\":1,\"icon\":\"\",\"id\":\"1372542780837781506\",\"name\":\"文件下载\",\"orderNum\":10,\"perms\":\"sysFiles:download\",\"pid\":\"784480084814725120\",\"pidName\":\"学生管理\",\"status\":1,\"target\":\"_self\",\"type\":3,\"updateTime\":1616074674221,\"url\":\"/sysFiles/download\"}]', '192.168.0.105', '2021-03-18 21:37:54');
INSERT INTO `sys_log` VALUES ('1372542781856997377', '1', 'admin', '菜单权限管理-获取所有菜单权限', '213', 'com.company.project.controller.PermissionController.getAllMenusPermission()', null, '192.168.0.105', '2021-03-18 21:37:54');
INSERT INTO `sys_log` VALUES ('1372542788773404674', '1', 'admin', '角色管理-分页获取角色信息', '16', 'com.company.project.controller.RoleController.pageInfo()', '[{}]', '192.168.0.105', '2021-03-18 21:37:56');
INSERT INTO `sys_log` VALUES ('1372542798520967169', '1', 'admin', '角色管理-查询角色详情', '212', 'com.company.project.controller.RoleController.detailInfo()', '[\"1\"]', '192.168.0.105', '2021-03-18 21:37:58');
INSERT INTO `sys_log` VALUES ('1372542855035019266', '1', 'admin', '角色管理-更新角色信息', '109', 'com.company.project.controller.RoleController.updateDept()', '[{\"description\":\"拥有所有权限-不能删除\",\"id\":\"1\",\"name\":\"超级管理员\",\"permissions\":[\"51\",\"11\",\"17\",\"26\",\"40\",\"43\",\"44\",\"53\",\"3\",\"19\",\"36\",\"1311115974068449281\",\"13\",\"39\",\"41\",\"5\",\"9\",\"12\",\"22\",\"38\",\"1334806894995996673\",\"24\",\"10\",\"23\",\"25\",\"42\",\"52\",\"56\",\"57\",\"1334807138768945153\",\"784480084877639680\",\"784480084877639681\",\"784480084877639682\",\"784480084877639683\",\"784480084877639684\",\"784480084567261185\",\"784480084567261186\",\"784480084567261187\",\"784480084567261188\",\"784480084693090305\",\"784480084693090306\",\"784480084693090307\",\"784480084693090308\",\"784480085049606144\",\"784480085049606145\",\"784480085049606146\",\"784480085049606147\",\"784480085049606148\",\"789437171000934400\",\"789437171000934401\",\"789437171000934402\",\"789437171000934403\",\"789437171000934404\",\"1334808090397802498\",\"784480084189773824\",\"784480084189773825\",\"784480084189773826\",\"784480084189773827\",\"784480084189773828\",\"784480083837452289\",\"784480083837452290\",\"784480083837452291\",\"784480083837452292\",\"793103294946869249\",\"793103294946869250\",\"793103294946869251\",\"793103294946869252\",\"1344644834154868738\",\"784480084034584577\",\"784480084034584578\",\"784480084034584579\",\"784480084034584580\",\"784480084319797249\",\"784480084319797250\",\"784480084319797251\",\"784480084319797252\",\"784480084256882688\",\"784480084256882689\",\"784480084256882690\",\"784480084256882691\",\"784480084256882692\",\"1346239294743543809\",\"1346451957448769537\",\"784480084118470656\",\"1346636399928680450\",\"1347504949065211906\",\"1346636197545123842\",\"1346999702114848769\",\"784480084118470660\",\"784480084118470657\",\"784480084118470658\",\"784480084118470659\",\"796792186363445250\",\"796792186363445252\",\"1334808707124068353\",\"801109371802091520\",\"801109371802091521\",\"801109371802091522\",\"801109371802091523\",\"801109371802091524\",\"801820889640337409\",\"801820889640337410\",\"801820889640337411\",\"801820889640337412\",\"813029778847170561\",\"813029778847170562\",\"813029778847170563\",\"813029778847170564\",\"801109371525267457\",\"801109371525267458\",\"801109371525267459\",\"801109371525267460\",\"1358249691529498626\",\"1361134000829521922\",\"807924900420386816\",\"807924900420386817\",\"807924900420386818\",\"807924900420386819\",\"807924900420386820\",\"1358222664411832321\",\"1363853476443750402\",\"1363853679435481089\",\"1363853836570886146\",\"1363853954212724738\",\"1363854667705778178\",\"1363855111060488194\",\"1363855345006182401\",\"1334822791945027585\",\"784480084634370048\",\"784480084634370049\",\"784480084634370050\",\"784480084634370051\",\"784480084634370052\",\"784480084756004864\",\"784480084756004865\",\"784480084756004866\",\"784480084756004867\",\"784480084756004868\",\"784480084814725120\",\"784480084814725121\",\"784480084814725122\",\"784480084814725123\",\"784480084814725124\",\"1371731883433205762\",\"1372542780837781506\",\"784480084491763712\",\"784480084491763713\",\"784480084491763714\",\"784480084491763715\",\"784480084491763716\",\"1339549078235017217\",\"784480084932165632\",\"784480084932165633\",\"784480084932165634\",\"784480084932165635\",\"784480084932165636\",\"1335060861890002945\",\"784480084986691584\",\"784480084986691585\",\"784480084986691586\",\"784480084986691587\",\"784480084986691588\",\"784480085104132096\",\"784480085104132097\",\"784480085104132098\",\"784480085104132099\",\"784480085104132100\",\"796380986987249664\",\"796380986987249665\",\"796380986987249666\",\"796380986987249667\",\"796380986987249668\",\"54\",\"15\",\"1\",\"4\",\"16\",\"20\",\"27\",\"28\",\"29\",\"30\",\"31\",\"32\",\"33\",\"34\",\"35\",\"45\",\"46\",\"47\",\"48\",\"49\",\"1339410383213309953\",\"59\",\"60\",\"61\",\"62\",\"63\",\"55\",\"18\",\"14\",\"8\",\"7\",\"58\",\"21\",\"50\",\"2\",\"6\"],\"status\":1,\"updateTime\":1616074691804}]', '192.168.0.105', '2021-03-18 21:38:11');
INSERT INTO `sys_log` VALUES ('1372542855483809793', '1', 'admin', '角色管理-分页获取角色信息', '7', 'com.company.project.controller.RoleController.pageInfo()', '[{\"name\":\"\"}]', '192.168.0.105', '2021-03-18 21:38:12');
INSERT INTO `sys_log` VALUES ('1373945313464475650', '1', 'admin', '机构管理-树型组织列表', '19', 'com.company.project.controller.DeptController.getTree()', '[null]', '192.168.0.105', '2021-03-22 18:31:04');
INSERT INTO `sys_log` VALUES ('1373945313695162369', '1', 'admin', '用户管理-分页获取用户列表', '78', 'com.company.project.controller.UserController.pageInfo()', '[{}]', '192.168.0.105', '2021-03-22 18:31:04');
INSERT INTO `sys_log` VALUES ('1373945325820895234', '1', 'admin', '用户管理-分页获取用户列表', '73', 'com.company.project.controller.UserController.pageInfo()', '[{\"deptNo\":\"D000003\",\"username\":\"\"}]', '192.168.0.105', '2021-03-22 18:31:07');
INSERT INTO `sys_log` VALUES ('1373945549293412353', '1', 'admin', '用户管理-新增用户', '51', 'com.company.project.controller.UserController.addUser()', '[{\"createId\":\"1\",\"createTime\":1616409120231,\"createWhere\":1,\"deleted\":1,\"deptId\":\"1331121936392425474\",\"deptName\":\"小学部\",\"email\":\"\",\"id\":\"1373945549079502849\",\"major\":\"\",\"password\":\"a6b1c6b4efea879b19ddfa712af27def\",\"phone\":\"\",\"qualificationImg\":\"\",\"realName\":\"肖征翠\",\"salt\":\"ddcdfec4b3814fcfa13d\",\"sex\":2,\"status\":1,\"university\":\"\",\"updateId\":\"1\",\"updateTime\":1616409120231,\"username\":\"lxxzc\"}]', '192.168.0.105', '2021-03-22 18:32:00');
INSERT INTO `sys_log` VALUES ('1373945549641539586', '1', 'admin', '用户管理-分页获取用户列表', '51', 'com.company.project.controller.UserController.pageInfo()', '[{\"deptNo\":\"D000003\",\"username\":\"\"}]', '192.168.0.105', '2021-03-22 18:32:00');
INSERT INTO `sys_log` VALUES ('1373945579702116353', '1', 'admin', '用户管理-赋予角色-获取所有角色接口', '3', 'com.company.project.controller.UserController.getUserOwnRole()', '[\"1373945549079502849\"]', '192.168.0.105', '2021-03-22 18:32:07');
INSERT INTO `sys_log` VALUES ('1373945604989575169', '1', 'admin', '用户管理-赋予角色-获取所有角色接口', '2', 'com.company.project.controller.UserController.getUserOwnRole()', '[\"1373945549079502849\"]', '192.168.0.105', '2021-03-22 18:32:13');
INSERT INTO `sys_log` VALUES ('1373945630386085889', '1', 'admin', '用户管理-分页获取用户列表', '42', 'com.company.project.controller.UserController.pageInfo()', '[{\"deptNo\":\"D000003\",\"username\":\"\"}]', '192.168.0.105', '2021-03-22 18:32:19');
INSERT INTO `sys_log` VALUES ('1373945839451168770', '1', 'admin', '机构管理-树型组织列表', '2', 'com.company.project.controller.DeptController.getTree()', '[null]', '192.168.0.105', '2021-03-22 18:33:09');
INSERT INTO `sys_log` VALUES ('1373945839652495362', '1', 'admin', '用户管理-分页获取用户列表', '47', 'com.company.project.controller.UserController.pageInfo()', '[{}]', '192.168.0.105', '2021-03-22 18:33:09');
INSERT INTO `sys_log` VALUES ('1373945926713663489', '1', 'admin', '机构管理-树型组织列表', '2', 'com.company.project.controller.DeptController.getTree()', '[null]', '192.168.0.105', '2021-03-22 18:33:30');
INSERT INTO `sys_log` VALUES ('1373945926940155906', '1', 'admin', '用户管理-分页获取用户列表', '51', 'com.company.project.controller.UserController.pageInfo()', '[{}]', '192.168.0.105', '2021-03-22 18:33:30');
INSERT INTO `sys_log` VALUES ('1373945992316772353', '1', 'admin', '用户管理-更新用户信息', '41', 'com.company.project.controller.UserController.updateUserInfo()', '[{\"deptId\":\"1331121936392425474\",\"deptName\":\"小学部\",\"email\":\"\",\"id\":\"1373945549079502849\",\"major\":\"\",\"phone\":\"\",\"qualificationImg\":\"\",\"realName\":\"肖征翠\",\"status\":1,\"university\":\"\",\"updateId\":\"1\",\"updateTime\":1616409225868,\"username\":\"lxxzc\"}]', '192.168.0.105', '2021-03-22 18:33:45');
INSERT INTO `sys_log` VALUES ('1373945992635539457', '1', 'admin', '用户管理-分页获取用户列表', '41', 'com.company.project.controller.UserController.pageInfo()', '[{\"username\":\"\"}]', '192.168.0.105', '2021-03-22 18:33:45');
INSERT INTO `sys_log` VALUES ('1373946107836293121', '1', 'admin', '用户管理-赋予角色-获取所有角色接口', '2', 'com.company.project.controller.UserController.getUserOwnRole()', '[\"1373945549079502849\"]', '192.168.0.105', '2021-03-22 18:34:13');
INSERT INTO `sys_log` VALUES ('1373946119278354434', '1', 'admin', '用户管理-赋予角色-用户赋予角色接口', '44', 'com.company.project.controller.UserController.setUserOwnRole()', '[\"1373945549079502849\",[\"1331087516021194754\",\"1362622003983093761\"]]', '192.168.0.105', '2021-03-22 18:34:16');
INSERT INTO `sys_log` VALUES ('1373946119509041153', '1', 'admin', '用户管理-分页获取用户列表', '36', 'com.company.project.controller.UserController.pageInfo()', '[{\"username\":\"\"}]', '192.168.0.105', '2021-03-22 18:34:16');
INSERT INTO `sys_log` VALUES ('1373961410167234561', '1', 'admin', '用户管理-分页获取用户列表', '36', 'com.company.project.controller.UserController.pageInfo()', '[{\"realName\":\"\",\"username\":\"\"}]', '192.168.0.105', '2021-03-22 19:35:01');
INSERT INTO `sys_log` VALUES ('1373961440689184769', '1', 'admin', '用户管理-分页获取用户列表', '6', 'com.company.project.controller.UserController.pageInfo()', '[{\"realName\":\"罗\",\"username\":\"\"}]', '192.168.0.105', '2021-03-22 19:35:09');
INSERT INTO `sys_log` VALUES ('1373961465636904962', '1', 'admin', '用户管理-分页获取用户列表', '12', 'com.company.project.controller.UserController.pageInfo()', '[{\"realName\":\"张\",\"username\":\"\"}]', '192.168.0.105', '2021-03-22 19:35:15');
INSERT INTO `sys_log` VALUES ('1373961587447881729', '1', 'admin', '用户管理-分页获取用户列表', '23', 'com.company.project.controller.UserController.pageInfo()', '[{\"realName\":\"\",\"username\":\"\"}]', '192.168.0.105', '2021-03-22 19:35:44');
INSERT INTO `sys_log` VALUES ('1373962019620577282', '1', 'admin', '用户管理-分页获取用户列表', '28', 'com.company.project.controller.UserController.pageInfo()', '[{\"realName\":\"\",\"username\":\"\"}]', '192.168.0.105', '2021-03-22 19:37:27');
INSERT INTO `sys_log` VALUES ('1373966373463388162', '1', 'admin', '用户管理-分页获取用户列表', '73', 'com.company.project.controller.UserController.pageInfo()', '[{\"realName\":\"\",\"username\":\"\"}]', '192.168.0.105', '2021-03-22 19:54:45');
INSERT INTO `sys_log` VALUES ('1373972940573147137', '1', 'admin', '用户管理-分页获取用户列表', '69', 'com.company.project.controller.UserController.pageInfo()', '[{\"realName\":\"\",\"username\":\"\"}]', '192.168.0.105', '2021-03-22 20:20:50');
INSERT INTO `sys_log` VALUES ('1373983414849150977', '1', 'admin', '用户管理-分页获取用户列表', '68', 'com.company.project.controller.UserController.pageInfo()', '[{\"realName\":\"\",\"username\":\"\"}]', '192.168.0.105', '2021-03-22 21:02:28');
INSERT INTO `sys_log` VALUES ('1374307513991503874', '1', 'admin', '机构管理-树型组织列表', '13', 'com.company.project.controller.DeptController.getTree()', '[null]', '192.168.0.105', '2021-03-23 18:30:19');
INSERT INTO `sys_log` VALUES ('1374307514264133634', '1', 'admin', '用户管理-分页获取用户列表', '79', 'com.company.project.controller.UserController.pageInfo()', '[{}]', '192.168.0.105', '2021-03-23 18:30:19');
INSERT INTO `sys_log` VALUES ('1374307563270381569', '1', 'admin', '用户管理-分页获取用户列表', '50', 'com.company.project.controller.UserController.pageInfo()', '[{\"username\":\"\"}]', '192.168.0.105', '2021-03-23 18:30:31');
INSERT INTO `sys_log` VALUES ('1374307608845688833', '1', 'admin', '用户管理-分页获取用户列表', '49', 'com.company.project.controller.UserController.pageInfo()', '[{\"username\":\"\"}]', '192.168.0.105', '2021-03-23 18:30:42');
INSERT INTO `sys_log` VALUES ('1374307616517070850', '1', 'admin', '用户管理-分页获取用户列表', '50', 'com.company.project.controller.UserController.pageInfo()', '[{\"deptNo\":\"D000003\",\"username\":\"\"}]', '192.168.0.105', '2021-03-23 18:30:43');
INSERT INTO `sys_log` VALUES ('1374307623064379393', '1', 'admin', '用户管理-分页获取用户列表', '44', 'com.company.project.controller.UserController.pageInfo()', '[{\"deptNo\":\"D000003\",\"username\":\"\"}]', '192.168.0.105', '2021-03-23 18:30:45');
INSERT INTO `sys_log` VALUES ('1374307645508100098', '1', 'admin', '用户管理-分页获取用户列表', '45', 'com.company.project.controller.UserController.pageInfo()', '[{\"deptNo\":\"D000003\",\"username\":\"\"}]', '192.168.0.105', '2021-03-23 18:30:50');
INSERT INTO `sys_log` VALUES ('1374307858373222401', null, null, '用户管理-退出', '5', 'com.company.project.controller.UserController.logout()', null, '192.168.0.105', '2021-03-23 18:31:41');
INSERT INTO `sys_log` VALUES ('1374308318740029442', '1', 'admin', '机构管理-树型组织列表', '2', 'com.company.project.controller.DeptController.getTree()', '[null]', '192.168.0.105', '2021-03-23 18:33:31');
INSERT INTO `sys_log` VALUES ('1374308318970716162', '1', 'admin', '用户管理-分页获取用户列表', '52', 'com.company.project.controller.UserController.pageInfo()', '[{}]', '192.168.0.105', '2021-03-23 18:33:31');
INSERT INTO `sys_log` VALUES ('1374308328370151425', '1', 'admin', '用户管理-分页获取用户列表', '40', 'com.company.project.controller.UserController.pageInfo()', '[{\"deptNo\":\"D000003\",\"username\":\"\"}]', '192.168.0.105', '2021-03-23 18:33:33');
INSERT INTO `sys_log` VALUES ('1374308334439309314', '1', 'admin', '用户管理-分页获取用户列表', '45', 'com.company.project.controller.UserController.pageInfo()', '[{\"deptNo\":\"D000003\",\"username\":\"\"}]', '192.168.0.105', '2021-03-23 18:33:35');
INSERT INTO `sys_log` VALUES ('1374308362960576514', '1', 'admin', '用户管理-更新用户信息', '68', 'com.company.project.controller.UserController.updateUserInfo()', '[{\"deptId\":\"1331121936392425474\",\"deptName\":\"小学部\",\"email\":\"\",\"id\":\"1361663469436678145\",\"major\":\"\",\"password\":\"0769f477b5b0d4cd0e1b607f00529af5\",\"phone\":\"\",\"qualificationImg\":\"\",\"realName\":\"罗娜\",\"status\":1,\"university\":\"\",\"updateId\":\"1\",\"updateTime\":1616495621739,\"username\":\"lx007\"}]', '192.168.0.105', '2021-03-23 18:33:41');
INSERT INTO `sys_log` VALUES ('1374308363308703746', '1', 'admin', '用户管理-分页获取用户列表', '47', 'com.company.project.controller.UserController.pageInfo()', '[{\"deptNo\":\"D000003\",\"username\":\"\"}]', '192.168.0.105', '2021-03-23 18:33:41');
INSERT INTO `sys_log` VALUES ('1374308385215553538', null, null, '用户管理-退出', '1', 'com.company.project.controller.UserController.logout()', null, '192.168.0.105', '2021-03-23 18:33:47');
INSERT INTO `sys_log` VALUES ('1374309776894009346', null, null, '用户管理-退出', '1', 'com.company.project.controller.UserController.logout()', null, '192.168.0.105', '2021-03-23 18:39:18');
INSERT INTO `sys_log` VALUES ('1374314192527237122', null, null, '用户管理-退出', '1', 'com.company.project.controller.UserController.logout()', null, '192.168.0.105', '2021-03-23 18:56:51');
INSERT INTO `sys_log` VALUES ('1374314590885453826', null, null, '用户管理-退出', '1', 'com.company.project.controller.UserController.logout()', null, '192.168.0.105', '2021-03-23 18:58:26');
INSERT INTO `sys_log` VALUES ('1374315179719598082', null, null, '用户管理-退出', '3', 'com.company.project.controller.UserController.logout()', null, '192.168.0.105', '2021-03-23 19:00:47');
INSERT INTO `sys_log` VALUES ('1374317387479588866', null, null, '用户管理-退出', '1', 'com.company.project.controller.UserController.logout()', null, '192.168.0.105', '2021-03-23 19:09:33');
INSERT INTO `sys_log` VALUES ('1374317808302497794', null, null, '用户管理-退出', '1', 'com.company.project.controller.UserController.logout()', null, '192.168.0.105', '2021-03-23 19:11:13');
INSERT INTO `sys_log` VALUES ('1475079980397166593', null, null, '用户管理-退出', '5', 'com.company.project.controller.UserController.logout()', null, '192.168.1.8', '2021-12-26 20:24:08');

-- ----------------------------
-- Table structure for `sys_permission`
-- ----------------------------
DROP TABLE IF EXISTS `sys_permission`;
CREATE TABLE `sys_permission` (
  `id` varchar(64) NOT NULL COMMENT '主键',
  `name` varchar(300) DEFAULT NULL COMMENT '菜单权限名称',
  `perms` varchar(500) DEFAULT NULL COMMENT '授权(多个用逗号分隔，如：sys:user:add,sys:user:edit)',
  `icon` varchar(255) DEFAULT NULL COMMENT '图标',
  `url` varchar(100) DEFAULT NULL COMMENT '访问地址URL',
  `target` varchar(50) DEFAULT NULL COMMENT 'a target属性:_self _blank',
  `pid` varchar(64) DEFAULT NULL COMMENT '父级菜单权限名称',
  `order_num` int DEFAULT NULL COMMENT '排序',
  `type` tinyint DEFAULT NULL COMMENT '菜单权限类型(1:目录;2:菜单;3:按钮)',
  `status` tinyint DEFAULT NULL COMMENT '状态1:正常 0：禁用',
  `create_time` datetime DEFAULT NULL COMMENT '创建时间',
  `update_time` datetime DEFAULT NULL COMMENT '更新时间',
  `deleted` tinyint DEFAULT NULL COMMENT '是否删除(1未删除；0已删除)',
  PRIMARY KEY (`id`) USING BTREE
) ENGINE=InnoDB DEFAULT CHARSET=utf8mb3 ROW_FORMAT=COMPACT COMMENT='系统权限';

-- ----------------------------
-- Records of sys_permission
-- ----------------------------
INSERT INTO `sys_permission` VALUES ('1', '删除', 'sysGenerator:delete', null, 'sysGenerator/delete', null, '15', '1', '3', '1', '2020-03-19 13:29:40', '2020-03-19 13:29:40', '1');
INSERT INTO `sys_permission` VALUES ('10', '赋予角色', 'sys:user:role:update', null, '/sys/user/roles/*', null, '24', '100', '3', '1', '2020-03-19 13:29:40', '2020-03-19 13:29:40', '1');
INSERT INTO `sys_permission` VALUES ('11', '菜单权限管理', null, null, '/index/menus', '_self', '51', '98', '2', '1', '2020-03-19 13:29:40', '2020-03-19 13:29:40', '1');
INSERT INTO `sys_permission` VALUES ('12', '列表', 'sys:dept:list', null, '/sys/depts', null, '41', '100', '3', '1', '2020-03-19 13:29:40', '2020-03-19 13:29:40', '1');
INSERT INTO `sys_permission` VALUES ('13', '删除', 'sys:role:deleted', null, '/sys/role/*', null, '53', '100', '3', '1', '2020-03-19 13:29:40', '2020-03-19 13:29:40', '1');
INSERT INTO `sys_permission` VALUES ('1311115974068449281', '数据权限', 'sys:role:bindDept', '', '/sys/role/bindDept', '_self', '53', '5', '3', '1', '2020-09-30 09:29:42', null, '1');
INSERT INTO `sys_permission` VALUES ('1334806348645957634', '班级管理', '', 'layui-icon-username', '', '_self', '0', '2', '1', '1', '2020-12-04 18:26:47', '2021-01-30 10:09:02', '0');
INSERT INTO `sys_permission` VALUES ('1334806894995996673', '职工管理', '', 'layui-icon-friends', '', '_self', '0', '3', '1', '1', '2020-12-04 18:28:57', '2021-02-24 17:34:51', '1');
INSERT INTO `sys_permission` VALUES ('1334807138768945153', '试题管理', '', 'layui-icon-file', '', '_self', '0', '4', '1', '1', '2020-12-04 18:29:56', '2020-12-04 19:40:11', '1');
INSERT INTO `sys_permission` VALUES ('1334808090397802498', '考试管理', '', 'layui-icon-edit', '', '_self', '0', '5', '1', '1', '2020-12-04 18:33:42', '2021-02-22 22:05:18', '1');
INSERT INTO `sys_permission` VALUES ('1334808583455014914', '学情分析', '', 'layui-icon-template-1', '', '_self', '0', '5', '1', '0', '2020-12-04 18:35:40', '2021-01-13 14:28:31', '0');
INSERT INTO `sys_permission` VALUES ('1334808707124068353', '课表管理', '', 'layui-icon-table', '', '_self', '0', '7', '1', '1', '2020-12-04 18:36:09', '2021-02-24 20:46:10', '1');
INSERT INTO `sys_permission` VALUES ('1334822791945027585', '教务管理', '', 'layui-icon-template', '', '_self', '0', '8', '1', '1', '2020-12-04 19:32:08', '2021-01-06 14:17:03', '1');
INSERT INTO `sys_permission` VALUES ('1335060861890002945', '更新教师状态', 'dlRoom:updateStatus', '', 'dlRoom/updateStatus', '_self', '784480084932165632', '10', '3', '1', '2020-12-05 11:18:08', '2020-12-05 11:18:08', '1');
INSERT INTO `sys_permission` VALUES ('1339410383213309953', '获取类型列表', 'sysDict:list', '', 'sysDict/getTypeByNameAndValueLike', '_self', '45', '10', '3', '1', '2020-12-17 11:21:35', '2020-12-17 11:23:11', '1');
INSERT INTO `sys_permission` VALUES ('1339549078235017217', 'ClassID获取课程信息', 'dlCourse:getCourseListByClassId', '', 'dlCourse/getCourseListByClassId', '_self', '784480084491763712', '10', '3', '1', '2020-12-17 20:32:43', '2020-12-17 20:32:43', '1');
INSERT INTO `sys_permission` VALUES ('1344644834154868738', '详情', 'dlExamPlan:details', '', '/dlExamPlan/details', '_self', '784480084189773824', '10', '3', '1', '2020-12-31 22:01:25', '2020-12-31 22:01:25', '1');
INSERT INTO `sys_permission` VALUES ('1346110382243872770', '我的考务', '', '', '/index/dlExamList', '_self', '1334808090397802498', '10', '2', '1', '2021-01-04 23:04:59', '2021-01-04 23:05:41', '0');
INSERT INTO `sys_permission` VALUES ('1346239294743543809', '我的考务', '', '', '/index/dlExamMyList', '_self', '1334808090397802498', '11', '2', '1', '2021-01-05 07:37:14', '2021-01-05 07:51:23', '1');
INSERT INTO `sys_permission` VALUES ('1346451957448769537', '我的考务列表', 'dlExamList:list', '', 'dlExamList/myList', '_self', '1346239294743543809', '3', '3', '1', '2021-01-05 21:42:17', '2021-01-05 21:42:17', '1');
INSERT INTO `sys_permission` VALUES ('1346636197545123842', '成绩录入', '', '', '/index/dlExamResultInput', '_self', '784480084118470656', '2', '2', '1', '2021-01-06 09:54:23', '2021-01-06 10:10:59', '1');
INSERT INTO `sys_permission` VALUES ('1346636399928680450', '成绩查询', '', '', '/index/dlExamResult', '_self', '784480084118470656', '1', '2', '1', '2021-01-06 09:55:11', '2021-01-06 09:55:11', '1');
INSERT INTO `sys_permission` VALUES ('1346999702114848769', '统一录入', '', '', '/index/dlExamResultUnifyInput', '_self', '784480084118470656', '3', '2', '1', '2021-01-07 09:58:49', '2021-01-08 10:54:27', '1');
INSERT INTO `sys_permission` VALUES ('1347504949065211906', '列表', 'dlExamResult:list', '', 'dlExamResult/myList', '_self', '1346636399928680450', '1', '3', '1', '2021-01-08 19:26:29', '2021-01-08 19:26:29', '1');
INSERT INTO `sys_permission` VALUES ('1358222664411832321', '班级课表', '', '', '/index/classTable', '_self', '1334808707124068353', '3', '2', '1', '2021-02-07 09:14:52', '2021-02-14 21:44:49', '1');
INSERT INTO `sys_permission` VALUES ('1358249691529498626', '智能排课', 'dlArrangingCourse:arrCourse', '', 'dlArrangingCourse/arrCourse', '_self', '801109371802091520', '10', '3', '1', '2021-02-07 11:02:16', '2021-02-07 11:02:16', '1');
INSERT INTO `sys_permission` VALUES ('1361134000829521922', '课程调整', 'dlCourseTable:exchange', '', '/dlCourseTable/exchange', '_self', '801109371802091520', '10', '3', '1', '2021-02-15 10:03:29', '2021-02-15 10:03:29', '1');
INSERT INTO `sys_permission` VALUES ('1363852848371892225', '排课管理', '', 'layui-icon-table', '', '_self', '0', '5', '1', '1', '2021-02-22 22:07:12', '2021-02-22 22:07:12', '0');
INSERT INTO `sys_permission` VALUES ('1363853476443750402', '新增', 'dlCourseTable:add', '', 'dlCourseTable/add', '_self', '1358222664411832321', '1', '3', '1', '2021-02-22 22:09:42', '2021-02-22 22:09:42', '1');
INSERT INTO `sys_permission` VALUES ('1363853679435481089', '修改', 'dlCourseTable:update', '', 'dlCourseTable/update', '_self', '1358222664411832321', '2', '3', '1', '2021-02-22 22:10:31', '2021-02-22 22:10:31', '1');
INSERT INTO `sys_permission` VALUES ('1363853836570886146', '删除', 'dlCourseTable:delete', '', 'dlCourseTable/delete', '_self', '1358222664411832321', '3', '3', '1', '2021-02-22 22:11:08', '2021-02-22 22:11:08', '1');
INSERT INTO `sys_permission` VALUES ('1363853954212724738', '列表', 'dlCourseTable:list', '', 'dlCourseTable/listByPage', '_self', '1358222664411832321', '4', '3', '1', '2021-02-22 22:11:36', '2021-02-22 22:12:09', '1');
INSERT INTO `sys_permission` VALUES ('1363854667705778178', '调课管理', '', '', '/index/dlCourseTable', '_self', '1334808707124068353', '4', '2', '1', '2021-02-22 22:14:26', '2021-02-22 22:14:26', '1');
INSERT INTO `sys_permission` VALUES ('1363855111060488194', '调课', 'dlCourseTable:exchange', '', 'dlCourseTable/exchange', '_self', '1363854667705778178', '1', '3', '1', '2021-02-22 22:16:12', '2021-02-22 22:16:12', '1');
INSERT INTO `sys_permission` VALUES ('1363855345006182401', '列表', 'dlCourseTable:list', '', 'dlCourseTable/table', '_self', '1363854667705778178', '2', '3', '1', '2021-02-22 22:17:08', '2021-02-22 22:17:08', '1');
INSERT INTO `sys_permission` VALUES ('1371731883433205762', '学生导入', 'dlStudent:export', '', '/dlStudent/export', '_self', '784480084814725120', '10', '3', '1', '2021-03-16 15:55:41', '2021-03-16 15:55:41', '1');
INSERT INTO `sys_permission` VALUES ('1372542780837781506', '文件下载', 'sysFiles:download', '', '/sysFiles/download', '_self', '784480084814725120', '10', '3', '1', '2021-03-18 21:37:54', '2021-03-18 21:37:54', '1');
INSERT INTO `sys_permission` VALUES ('14', '定时任务立即执行', 'sysJob:run', null, '/sysJob/run', '_self', '59', '5', '3', '1', '2020-04-22 15:47:54', null, '1');
INSERT INTO `sys_permission` VALUES ('15', '代码生成', null, null, '/index/sysGenerator', '_self', '54', '1', '2', '1', '2020-03-19 13:29:40', '2020-03-19 13:29:40', '1');
INSERT INTO `sys_permission` VALUES ('16', '列表', 'sysGenerator:list', null, 'sysGenerator/listByPage', null, '15', '1', '3', '1', '2020-03-19 13:29:40', '2020-03-19 13:29:40', '1');
INSERT INTO `sys_permission` VALUES ('17', '详情', 'sys:permission:detail', null, '/sys/permission/*', null, '11', '100', '3', '1', '2020-03-19 13:29:40', '2020-03-19 13:29:40', '1');
INSERT INTO `sys_permission` VALUES ('18', '定时任务恢复', 'sysJob:resume', null, '/sysJob/resume', '_self', '59', '4', '3', '1', '2020-04-22 15:48:40', null, '1');
INSERT INTO `sys_permission` VALUES ('19', '列表', 'sys:role:list', null, '/sys/roles', null, '53', '0', '3', '1', '2020-03-19 13:29:40', '2020-03-19 13:29:40', '1');
INSERT INTO `sys_permission` VALUES ('2', 'SQL 监控', '', '', '/druid/sql.html', '_self', '21', '98', '2', '1', '2020-03-19 13:29:40', '2020-05-07 13:36:59', '1');
INSERT INTO `sys_permission` VALUES ('20', '修改', 'sysGenerator:update', null, 'sysGenerator/update', null, '15', '1', '3', '1', '2020-03-19 13:29:40', '2020-03-19 13:29:40', '1');
INSERT INTO `sys_permission` VALUES ('21', '其他', null, 'layui-icon-list', null, null, '0', '200', '1', '1', '2020-03-19 13:29:40', '2020-03-19 13:29:40', '1');
INSERT INTO `sys_permission` VALUES ('22', '详情', 'sys:dept:detail', null, '/sys/dept/*', null, '41', '100', '3', '1', '2020-03-19 13:29:40', '2020-03-19 13:29:40', '1');
INSERT INTO `sys_permission` VALUES ('23', '列表', 'sys:user:list', null, '/sys/users', null, '24', '100', '3', '1', '2020-03-19 13:29:40', '2020-03-19 13:29:40', '1');
INSERT INTO `sys_permission` VALUES ('24', '教职工管理', '', '', '/index/users', '_self', '1334806894995996673', '100', '2', '1', '2020-03-19 13:29:40', '2020-12-06 13:36:15', '1');
INSERT INTO `sys_permission` VALUES ('25', '详情', 'sys:user:detail', null, '/sys/user/*', null, '24', '100', '3', '1', '2020-03-19 13:29:40', '2020-03-19 13:29:40', '1');
INSERT INTO `sys_permission` VALUES ('26', '删除', 'sys:permission:deleted', null, '/sys/permission/*', null, '11', '100', '3', '1', '2020-03-19 13:29:40', '2020-03-19 13:29:40', '1');
INSERT INTO `sys_permission` VALUES ('27', '文件管理', '', '', '/index/sysFiles', '_self', '54', '10', '2', '1', null, '2020-06-15 16:00:29', '1');
INSERT INTO `sys_permission` VALUES ('28', '列表', 'sysFiles:list', null, 'sysFiles/listByPage', null, '27', '0', '3', '1', null, null, '1');
INSERT INTO `sys_permission` VALUES ('29', '新增', 'sysFiles:add', null, 'sysFiles/add', null, '27', '0', '3', '1', null, null, '1');
INSERT INTO `sys_permission` VALUES ('3', '新增', 'sys:role:add', null, '/sys/role', null, '53', '0', '3', '1', '2020-03-19 13:29:40', '2020-03-19 13:29:40', '1');
INSERT INTO `sys_permission` VALUES ('30', '删除', 'sysFiles:delete', null, 'sysFiles/delete', null, '27', '0', '3', '1', null, null, '1');
INSERT INTO `sys_permission` VALUES ('31', '文章管理', null, null, '/index/sysContent', '_self', '54', '10', '2', '1', null, null, '1');
INSERT INTO `sys_permission` VALUES ('32', '列表', 'sysContent:list', null, 'sysContent/listByPage', null, '31', '0', '3', '1', null, null, '1');
INSERT INTO `sys_permission` VALUES ('33', '新增', 'sysContent:add', null, 'sysContent/add', null, '31', '0', '3', '1', null, null, '1');
INSERT INTO `sys_permission` VALUES ('34', '修改', 'sysContent:update', null, 'sysContent/update', null, '31', '0', '3', '1', null, null, '1');
INSERT INTO `sys_permission` VALUES ('35', '删除', 'sysContent:delete', null, 'sysContent/delete', null, '31', '0', '3', '1', null, null, '1');
INSERT INTO `sys_permission` VALUES ('36', '更新', 'sys:role:update', null, '/sys/role', null, '53', '0', '3', '1', '2020-03-19 13:29:40', '2020-03-19 13:29:40', '1');
INSERT INTO `sys_permission` VALUES ('38', '更新', 'sys:dept:update', null, '/sys/dept', null, '41', '100', '3', '1', '2020-03-19 13:29:40', '2020-03-19 13:29:40', '1');
INSERT INTO `sys_permission` VALUES ('39', '详情', 'sys:role:detail', null, '/sys/role/*', null, '53', '100', '3', '1', '2020-03-19 13:29:40', '2020-03-19 13:29:40', '1');
INSERT INTO `sys_permission` VALUES ('4', '添加', 'sysGenerator:add', null, 'sysGenerator/add', null, '15', '1', '3', '1', '2020-03-19 13:29:40', '2020-03-19 13:29:40', '1');
INSERT INTO `sys_permission` VALUES ('40', '编辑', 'sys:permission:update', null, '/sys/permission', null, '11', '100', '3', '1', '2020-03-19 13:29:40', '2020-03-19 13:29:40', '1');
INSERT INTO `sys_permission` VALUES ('41', '部门管理', null, null, '/index/depts', '_self', '51', '100', '2', '1', '2020-03-19 13:29:40', '2020-03-19 13:29:40', '1');
INSERT INTO `sys_permission` VALUES ('42', '新增', 'sys:user:add', null, '/sys/user', null, '24', '100', '3', '1', '2020-03-19 13:29:40', '2020-03-19 13:29:40', '1');
INSERT INTO `sys_permission` VALUES ('43', '列表', 'sys:permission:list', null, '/sys/permissions', null, '11', '100', '3', '1', '2020-03-19 13:29:40', '2020-03-19 13:29:40', '1');
INSERT INTO `sys_permission` VALUES ('44', '新增', 'sys:permission:add', null, '/sys/permission', null, '11', '100', '3', '1', '2020-03-19 13:29:40', '2020-03-19 13:29:40', '1');
INSERT INTO `sys_permission` VALUES ('45', '字典管理', null, '', '/index/sysDict', null, '54', '10', '2', '1', null, null, '1');
INSERT INTO `sys_permission` VALUES ('46', '列表', 'sysDict:list', null, 'sysDict/listByPage', null, '45', '0', '3', '1', null, null, '1');
INSERT INTO `sys_permission` VALUES ('47', '新增', 'sysDict:add', null, 'sysDict/add', null, '45', '0', '3', '1', null, null, '1');
INSERT INTO `sys_permission` VALUES ('48', '修改', 'sysDict:update', null, 'sysDict/update', null, '45', '0', '3', '1', null, null, '1');
INSERT INTO `sys_permission` VALUES ('49', '删除', 'sysDict:delete', null, 'sysDict/delete', null, '45', '0', '3', '1', null, null, '1');
INSERT INTO `sys_permission` VALUES ('5', '删除', 'sys:dept:deleted', null, '/sys/dept/*', null, '41', '100', '3', '1', '2020-03-19 13:29:40', '2020-03-19 13:29:40', '1');
INSERT INTO `sys_permission` VALUES ('50', '表单构建', '', '', '/index/build', '_self', '21', '1', '2', '1', '2020-04-22 13:09:41', '2020-05-07 13:36:47', '1');
INSERT INTO `sys_permission` VALUES ('51', '组织管理', null, 'layui-icon-user', null, null, '0', '1', '1', '1', '2020-03-19 13:29:40', '2020-03-19 13:29:40', '1');
INSERT INTO `sys_permission` VALUES ('52', '拥有角色', 'sys:user:role:detail', null, '/sys/user/roles/*', null, '24', '100', '3', '1', '2020-03-19 13:29:40', '2020-03-19 13:29:40', '1');
INSERT INTO `sys_permission` VALUES ('53', '角色管理', null, null, '/index/roles', '_self', '51', '99', '2', '1', '2020-03-19 13:29:40', '2020-03-19 13:29:40', '1');
INSERT INTO `sys_permission` VALUES ('54', '系统管理', null, 'layui-icon-set-fill', null, null, '0', '98', '1', '1', '2020-03-19 13:29:40', '2020-03-19 13:29:40', '1');
INSERT INTO `sys_permission` VALUES ('55', '定时任务暂停', 'sysJob:pause', null, '/sysJob/pause', '_self', '59', '1', '3', '1', '2020-04-22 15:48:18', null, '1');
INSERT INTO `sys_permission` VALUES ('56', '更新', 'sys:user:update', null, '/sys/user', null, '24', '100', '3', '1', '2020-03-19 13:29:40', '2020-03-19 13:29:40', '1');
INSERT INTO `sys_permission` VALUES ('57', '删除', 'sys:user:deleted', null, '/sys/user', null, '24', '100', '3', '1', '2020-03-19 13:29:40', '2020-03-19 13:29:40', '1');
INSERT INTO `sys_permission` VALUES ('58', '删除', 'sys:log:deleted', null, '/sys/logs', null, '8', '100', '3', '1', '2020-03-19 13:29:40', '2020-03-19 13:29:40', '1');
INSERT INTO `sys_permission` VALUES ('59', '定时任务', null, null, '/index/sysJob', '_self', '54', '10', '2', '1', null, null, '1');
INSERT INTO `sys_permission` VALUES ('6', '接口管理', '', '', '/doc.html', '_blank', '21', '100', '2', '1', '2020-03-19 13:29:40', '2020-05-07 13:36:02', '1');
INSERT INTO `sys_permission` VALUES ('60', '列表', 'sysJob:list', null, 'sysJob/listByPage', null, '59', '0', '3', '1', null, null, '1');
INSERT INTO `sys_permission` VALUES ('61', '新增', 'sysJob:add', null, 'sysJob/add', null, '59', '0', '3', '1', null, null, '1');
INSERT INTO `sys_permission` VALUES ('62', '修改', 'sysJob:update', null, 'sysJob/update', null, '59', '0', '3', '1', null, null, '1');
INSERT INTO `sys_permission` VALUES ('63', '删除', 'sysJob:delete', null, 'sysJob/delete', null, '59', '0', '3', '1', null, null, '1');
INSERT INTO `sys_permission` VALUES ('7', '列表', 'sys:log:list', null, '/sys/logs', null, '8', '100', '3', '1', '2020-03-19 13:29:40', '2020-03-19 13:29:40', '1');
INSERT INTO `sys_permission` VALUES ('784480083837452288', '考试科目管理', '', '', '/index/dlExamSubject', '_self', '1334808090397802498', '10', '2', '1', null, '2020-12-04 19:28:11', '0');
INSERT INTO `sys_permission` VALUES ('784480083837452289', '科目新增', 'dlExamSubject:add', '', 'dlExamSubject/add', '_self', '784480084189773824', '10', '3', '1', null, '2020-12-31 22:06:47', '1');
INSERT INTO `sys_permission` VALUES ('784480083837452290', '科目修改', 'dlExamSubject:update', '', 'dlExamSubject/update', '_self', '784480084189773824', '10', '3', '1', null, '2020-12-31 22:02:58', '1');
INSERT INTO `sys_permission` VALUES ('784480083837452291', '科目删除', 'dlExamSubject:delete', '', 'dlExamSubject/delete', '_self', '784480084189773824', '10', '3', '1', null, '2020-12-31 22:03:25', '1');
INSERT INTO `sys_permission` VALUES ('784480083837452292', '科目列表', 'dlExamSubject:list', '', 'dlExamSubject/listByPage', '_self', '784480084189773824', '10', '3', '1', null, '2020-12-31 22:03:54', '1');
INSERT INTO `sys_permission` VALUES ('784480084034584576', '考场管理', '', '', '/index/dlExamRoom', '_self', '1334808090397802498', '10', '2', '1', null, '2020-12-04 19:29:03', '0');
INSERT INTO `sys_permission` VALUES ('784480084034584577', '考场新增', 'dlExamRoom:add', '', 'dlExamRoom/add', '_self', '784480084189773824', '11', '3', '1', null, '2020-12-31 22:04:32', '1');
INSERT INTO `sys_permission` VALUES ('784480084034584578', '考场修改', 'dlExamRoom:update', '', 'dlExamRoom/update', '_self', '784480084189773824', '11', '3', '1', null, '2020-12-31 22:04:52', '1');
INSERT INTO `sys_permission` VALUES ('784480084034584579', '考场删除', 'dlExamRoom:delete', '', 'dlExamRoom/delete', '_self', '784480084189773824', '11', '3', '1', null, '2020-12-31 22:05:11', '1');
INSERT INTO `sys_permission` VALUES ('784480084034584580', '考场列表', 'dlExamRoom:list', '', 'dlExamRoom/listByPage', '_self', '784480084189773824', '11', '3', '1', null, '2020-12-31 22:05:32', '1');
INSERT INTO `sys_permission` VALUES ('784480084118470656', '成绩管理', '', 'layui-icon-survey', '/index/dlExamResult', '_self', '0', '6', '1', '1', null, '2021-01-08 19:40:07', '1');
INSERT INTO `sys_permission` VALUES ('784480084118470657', '新增', 'dlExamResult:add', '', 'dlExamResult/add', '_self', '1346999702114848769', '2', '3', '1', null, '2021-01-08 19:05:46', '1');
INSERT INTO `sys_permission` VALUES ('784480084118470658', '修改', 'dlExamResult:update', '', 'dlExamResult/update', '_self', '1346999702114848769', '3', '3', '1', null, '2021-01-08 19:06:23', '1');
INSERT INTO `sys_permission` VALUES ('784480084118470659', '删除', 'dlExamResult:delete', '', 'dlExamResult/delete', '_self', '1346999702114848769', '4', '3', '1', null, '2021-01-08 19:06:41', '1');
INSERT INTO `sys_permission` VALUES ('784480084118470660', '列表', 'dlExamResult:list', '', 'dlExamResult/listByPage', '_self', '1346999702114848769', '1', '3', '1', null, '2021-01-08 19:05:21', '1');
INSERT INTO `sys_permission` VALUES ('784480084189773824', '考试计划', '', '', '/index/dlExamPlan', '_self', '1334808090397802498', '1', '2', '1', null, '2021-01-05 07:46:11', '1');
INSERT INTO `sys_permission` VALUES ('784480084189773825', '新增', 'dlExamPlan:add', null, 'dlExamPlan/add', null, '784480084189773824', null, '3', '1', null, null, '1');
INSERT INTO `sys_permission` VALUES ('784480084189773826', '修改', 'dlExamPlan:update', null, 'dlExamPlan/update', null, '784480084189773824', null, '3', '1', null, null, '1');
INSERT INTO `sys_permission` VALUES ('784480084189773827', '删除', 'dlExamPlan:delete', null, 'dlExamPlan/delete', null, '784480084189773824', null, '3', '1', null, null, '1');
INSERT INTO `sys_permission` VALUES ('784480084189773828', '列表', 'dlExamPlan:list', null, 'dlExamPlan/listByPage', null, '784480084189773824', null, '3', '1', null, null, '1');
INSERT INTO `sys_permission` VALUES ('784480084256882688', '考务查询', '', '', '/index/dlExamList', '_self', '1334808090397802498', '10', '2', '1', null, '2021-01-05 07:37:53', '1');
INSERT INTO `sys_permission` VALUES ('784480084256882689', '新增', 'dlExamList:add', null, 'dlExamList/add', null, '784480084256882688', null, '3', '1', null, null, '1');
INSERT INTO `sys_permission` VALUES ('784480084256882690', '修改', 'dlExamList:update', null, 'dlExamList/update', null, '784480084256882688', null, '3', '1', null, null, '1');
INSERT INTO `sys_permission` VALUES ('784480084256882691', '删除', 'dlExamList:delete', null, 'dlExamList/delete', null, '784480084256882688', null, '3', '1', null, null, '1');
INSERT INTO `sys_permission` VALUES ('784480084256882692', '列表', 'dlExamList:list', null, 'dlExamList/listByPage', null, '784480084256882688', null, '3', '1', null, null, '1');
INSERT INTO `sys_permission` VALUES ('784480084319797248', '参考班级管理', '', '', '/index/dlExamClass', '_self', '1334808090397802498', '10', '2', '1', null, '2020-12-04 19:29:39', '0');
INSERT INTO `sys_permission` VALUES ('784480084319797249', '班级新增', 'dlExamClass:add', '', 'dlExamClass/add', '_self', '784480084189773824', '15', '3', '1', null, '2021-01-05 07:41:59', '1');
INSERT INTO `sys_permission` VALUES ('784480084319797250', '班级修改', 'dlExamClass:update', '', 'dlExamClass/update', '_self', '784480084189773824', '15', '3', '1', null, '2021-01-05 07:42:23', '1');
INSERT INTO `sys_permission` VALUES ('784480084319797251', '班级删除', 'dlExamClass:delete', '', 'dlExamClass/delete', '_self', '784480084189773824', '15', '3', '1', null, '2021-01-05 07:42:48', '1');
INSERT INTO `sys_permission` VALUES ('784480084319797252', '班级列表', 'dlExamClass:list', '', 'dlExamClass/listByPage', '_self', '784480084189773824', '15', '3', '1', null, '2021-01-05 07:43:21', '1');
INSERT INTO `sys_permission` VALUES ('784480084391100416', '教师课程管理', '', '', '/index/dlCourseTeacher', '_self', '1334806894995996673', '10', '2', '1', null, '2020-12-04 19:31:22', '0');
INSERT INTO `sys_permission` VALUES ('784480084391100417', '新增', 'dlCourseTeacher:add', null, 'dlCourseTeacher/add', null, '784480084391100416', null, '3', '1', null, null, '0');
INSERT INTO `sys_permission` VALUES ('784480084391100418', '修改', 'dlCourseTeacher:update', null, 'dlCourseTeacher/update', null, '784480084391100416', null, '3', '1', null, null, '0');
INSERT INTO `sys_permission` VALUES ('784480084391100419', '删除', 'dlCourseTeacher:delete', null, 'dlCourseTeacher/delete', null, '784480084391100416', null, '3', '1', null, null, '0');
INSERT INTO `sys_permission` VALUES ('784480084391100420', '列表', 'dlCourseTeacher:list', null, 'dlCourseTeacher/listByPage', null, '784480084391100416', null, '3', '1', null, null, '0');
INSERT INTO `sys_permission` VALUES ('784480084491763712', '课程管理', '', '', '/index/dlCourse', '_self', '1334822791945027585', '10', '2', '1', null, '2020-12-04 19:48:38', '1');
INSERT INTO `sys_permission` VALUES ('784480084491763713', '新增', 'dlCourse:add', null, 'dlCourse/add', null, '784480084491763712', null, '3', '1', null, null, '1');
INSERT INTO `sys_permission` VALUES ('784480084491763714', '修改', 'dlCourse:update', null, 'dlCourse/update', null, '784480084491763712', null, '3', '1', null, null, '1');
INSERT INTO `sys_permission` VALUES ('784480084491763715', '删除', 'dlCourse:delete', null, 'dlCourse/delete', null, '784480084491763712', null, '3', '1', null, null, '1');
INSERT INTO `sys_permission` VALUES ('784480084491763716', '列表', 'dlCourse:list', null, 'dlCourse/listByPage', null, '784480084491763712', null, '3', '1', null, null, '1');
INSERT INTO `sys_permission` VALUES ('784480084567261184', '试卷大题', '', '', '/index/dlTestItem', '_self', '1334807138768945153', '10', '2', '1', null, '2020-12-04 23:28:54', '0');
INSERT INTO `sys_permission` VALUES ('784480084567261185', '试卷大题新增', 'dlTestItem:add', '', 'dlTestItem/add', '_self', '784480084877639680', '1', '3', '1', null, '2021-03-04 19:53:26', '1');
INSERT INTO `sys_permission` VALUES ('784480084567261186', '试卷大题修改', 'dlTestItem:update', '', 'dlTestItem/update', '_self', '784480084877639680', '1', '3', '1', null, '2021-03-04 19:53:43', '1');
INSERT INTO `sys_permission` VALUES ('784480084567261187', '试卷大题删除', 'dlTestItem:delete', '', 'dlTestItem/delete', '_self', '784480084877639680', '1', '3', '1', null, '2021-03-04 19:53:59', '1');
INSERT INTO `sys_permission` VALUES ('784480084567261188', '试卷大题列表', 'dlTestItem:list', '', 'dlTestItem/listByPage', '_self', '784480084877639680', '1', '3', '1', null, '2021-03-04 19:54:13', '1');
INSERT INTO `sys_permission` VALUES ('784480084634370048', '班级课程设置', '', '', '/index/dlClassTeacher', '_self', '1334822791945027585', '1', '2', '1', null, '2021-02-22 22:12:48', '1');
INSERT INTO `sys_permission` VALUES ('784480084634370049', '新增', 'dlClassTeacher:add', null, 'dlClassTeacher/add', null, '784480084634370048', null, '3', '1', null, null, '1');
INSERT INTO `sys_permission` VALUES ('784480084634370050', '修改', 'dlClassTeacher:update', null, 'dlClassTeacher/update', null, '784480084634370048', null, '3', '1', null, null, '1');
INSERT INTO `sys_permission` VALUES ('784480084634370051', '删除', 'dlClassTeacher:delete', null, 'dlClassTeacher/delete', null, '784480084634370048', null, '3', '1', null, null, '1');
INSERT INTO `sys_permission` VALUES ('784480084634370052', '列表', 'dlClassTeacher:list', null, 'dlClassTeacher/listByPage', null, '784480084634370048', null, '3', '1', null, null, '1');
INSERT INTO `sys_permission` VALUES ('784480084693090304', '试卷小题', '', '', '/index/dlTestDetail', '_self', '1334807138768945153', '10', '2', '1', null, '2020-12-04 23:29:04', '0');
INSERT INTO `sys_permission` VALUES ('784480084693090305', '试卷大题新增', 'dlTestDetail:add', '', 'dlTestDetail/add', '_self', '784480084877639680', '2', '3', '1', null, '2021-03-04 19:54:37', '1');
INSERT INTO `sys_permission` VALUES ('784480084693090306', '试卷大题修改', 'dlTestDetail:update', '', 'dlTestDetail/update', '_self', '784480084877639680', '2', '3', '1', null, '2021-03-04 19:54:52', '1');
INSERT INTO `sys_permission` VALUES ('784480084693090307', '试卷大题删除', 'dlTestDetail:delete', '', 'dlTestDetail/delete', '_self', '784480084877639680', '2', '3', '1', null, '2021-03-04 19:55:03', '1');
INSERT INTO `sys_permission` VALUES ('784480084693090308', '试卷大题列表', 'dlTestDetail:list', '', 'dlTestDetail/listByPage', '_self', '784480084877639680', '2', '3', '1', null, '2021-03-04 19:55:18', '1');
INSERT INTO `sys_permission` VALUES ('784480084756004864', '班级管理', '', '', '/index/dlClass', '_self', '1334822791945027585', '2', '2', '1', null, '2021-02-24 20:46:47', '1');
INSERT INTO `sys_permission` VALUES ('784480084756004865', '新增', 'dlClass:add', null, 'dlClass/add', null, '784480084756004864', null, '3', '1', null, null, '1');
INSERT INTO `sys_permission` VALUES ('784480084756004866', '修改', 'dlClass:update', null, 'dlClass/update', null, '784480084756004864', null, '3', '1', null, null, '1');
INSERT INTO `sys_permission` VALUES ('784480084756004867', '删除', 'dlClass:delete', null, 'dlClass/delete', null, '784480084756004864', null, '3', '1', null, null, '1');
INSERT INTO `sys_permission` VALUES ('784480084756004868', '列表', 'dlClass:list', null, 'dlClass/listByPage', null, '784480084756004864', null, '3', '1', null, null, '1');
INSERT INTO `sys_permission` VALUES ('784480084814725120', '学生管理', '', '', '/index/dlStudent', '_self', '1334822791945027585', '2', '2', '1', null, '2021-02-24 20:47:01', '1');
INSERT INTO `sys_permission` VALUES ('784480084814725121', '新增', 'dlStudent:add', null, 'dlStudent/add', null, '784480084814725120', null, '3', '1', null, null, '1');
INSERT INTO `sys_permission` VALUES ('784480084814725122', '修改', 'dlStudent:update', null, 'dlStudent/update', null, '784480084814725120', null, '3', '1', null, null, '1');
INSERT INTO `sys_permission` VALUES ('784480084814725123', '删除', 'dlStudent:delete', null, 'dlStudent/delete', null, '784480084814725120', null, '3', '1', null, null, '1');
INSERT INTO `sys_permission` VALUES ('784480084814725124', '列表', 'dlStudent:list', null, 'dlStudent/listByPage', null, '784480084814725120', null, '3', '1', null, null, '1');
INSERT INTO `sys_permission` VALUES ('784480084877639680', '试卷管理', '', '', '/index/dlTest', '_self', '1334807138768945153', '10', '2', '1', null, '2020-12-04 19:37:32', '1');
INSERT INTO `sys_permission` VALUES ('784480084877639681', '新增', 'dlTest:add', null, 'dlTest/add', null, '784480084877639680', null, '3', '1', null, null, '1');
INSERT INTO `sys_permission` VALUES ('784480084877639682', '修改', 'dlTest:update', null, 'dlTest/update', null, '784480084877639680', null, '3', '1', null, null, '1');
INSERT INTO `sys_permission` VALUES ('784480084877639683', '删除', 'dlTest:delete', null, 'dlTest/delete', null, '784480084877639680', null, '3', '1', null, null, '1');
INSERT INTO `sys_permission` VALUES ('784480084877639684', '列表', 'dlTest:list', null, 'dlTest/listByPage', null, '784480084877639680', null, '3', '1', null, null, '1');
INSERT INTO `sys_permission` VALUES ('784480084932165632', '教室管理', '', '', '/index/dlRoom', '_self', '1334822791945027585', '10', '2', '1', null, '2021-01-06 14:17:43', '1');
INSERT INTO `sys_permission` VALUES ('784480084932165633', '新增', 'dlRoom:add', null, 'dlRoom/add', null, '784480084932165632', null, '3', '1', null, null, '1');
INSERT INTO `sys_permission` VALUES ('784480084932165634', '修改', 'dlRoom:update', null, 'dlRoom/update', null, '784480084932165632', null, '3', '1', null, null, '1');
INSERT INTO `sys_permission` VALUES ('784480084932165635', '删除', 'dlRoom:delete', null, 'dlRoom/delete', null, '784480084932165632', null, '3', '1', null, null, '1');
INSERT INTO `sys_permission` VALUES ('784480084932165636', '列表', 'dlRoom:list', null, 'dlRoom/listByPage', null, '784480084932165632', null, '3', '1', null, null, '1');
INSERT INTO `sys_permission` VALUES ('784480084986691584', '学科管理', '', '', '/index/dlSubject', '_self', '1334822791945027585', '10', '2', '1', null, '2020-12-04 19:39:06', '1');
INSERT INTO `sys_permission` VALUES ('784480084986691585', '新增', 'dlSubject:add', null, 'dlSubject/add', null, '784480084986691584', null, '3', '1', null, null, '1');
INSERT INTO `sys_permission` VALUES ('784480084986691586', '修改', 'dlSubject:update', null, 'dlSubject/update', null, '784480084986691584', null, '3', '1', null, null, '1');
INSERT INTO `sys_permission` VALUES ('784480084986691587', '删除', 'dlSubject:delete', null, 'dlSubject/delete', null, '784480084986691584', null, '3', '1', null, null, '1');
INSERT INTO `sys_permission` VALUES ('784480084986691588', '列表', 'dlSubject:list', null, 'dlSubject/listByPage', null, '784480084986691584', null, '3', '1', null, null, '1');
INSERT INTO `sys_permission` VALUES ('784480085049606144', '题库管理', '', '', '/index/dlQuestionBank', '_self', '1334807138768945153', '10', '2', '1', null, '2020-12-04 19:39:31', '1');
INSERT INTO `sys_permission` VALUES ('784480085049606145', '新增', 'dlQuestionBank:add', null, 'dlQuestionBank/add', null, '784480085049606144', null, '3', '1', null, null, '1');
INSERT INTO `sys_permission` VALUES ('784480085049606146', '修改', 'dlQuestionBank:update', null, 'dlQuestionBank/update', null, '784480085049606144', null, '3', '1', null, null, '1');
INSERT INTO `sys_permission` VALUES ('784480085049606147', '删除', 'dlQuestionBank:delete', null, 'dlQuestionBank/delete', null, '784480085049606144', null, '3', '1', null, null, '1');
INSERT INTO `sys_permission` VALUES ('784480085049606148', '列表', 'dlQuestionBank:list', null, 'dlQuestionBank/listByPage', null, '784480085049606144', null, '3', '1', null, null, '1');
INSERT INTO `sys_permission` VALUES ('784480085104132096', '年级管理', '', '', '/index/dlGrade', '_self', '1334822791945027585', '10', '2', '1', null, '2021-01-06 14:17:59', '1');
INSERT INTO `sys_permission` VALUES ('784480085104132097', '新增', 'dlGrade:add', null, 'dlGrade/add', null, '784480085104132096', null, '3', '1', null, null, '1');
INSERT INTO `sys_permission` VALUES ('784480085104132098', '修改', 'dlGrade:update', null, 'dlGrade/update', null, '784480085104132096', null, '3', '1', null, null, '1');
INSERT INTO `sys_permission` VALUES ('784480085104132099', '删除', 'dlGrade:delete', null, 'dlGrade/delete', null, '784480085104132096', null, '3', '1', null, null, '1');
INSERT INTO `sys_permission` VALUES ('784480085104132100', '列表', 'dlGrade:list', null, 'dlGrade/listByPage', null, '784480085104132096', null, '3', '1', null, null, '1');
INSERT INTO `sys_permission` VALUES ('789437171000934400', '试题类型管理', '', '', '/index/dlQuestionType', '_self', '1334807138768945153', '10', '2', '1', null, '2020-12-18 10:26:40', '1');
INSERT INTO `sys_permission` VALUES ('789437171000934401', '新增', 'dlQuestionType:add', null, 'dlQuestionType/add', null, '789437171000934400', null, '3', '1', null, null, '1');
INSERT INTO `sys_permission` VALUES ('789437171000934402', '修改', 'dlQuestionType:update', null, 'dlQuestionType/update', null, '789437171000934400', null, '3', '1', null, null, '1');
INSERT INTO `sys_permission` VALUES ('789437171000934403', '删除', 'dlQuestionType:delete', null, 'dlQuestionType/delete', null, '789437171000934400', null, '3', '1', null, null, '1');
INSERT INTO `sys_permission` VALUES ('789437171000934404', '列表', 'dlQuestionType:list', null, 'dlQuestionType/listByPage', null, '789437171000934400', null, '3', '1', null, null, '1');
INSERT INTO `sys_permission` VALUES ('793103294946869248', 'dlExamTeacher', null, null, '/index/dlExamTeacher', '_self', '21', '10', '2', '1', null, null, '0');
INSERT INTO `sys_permission` VALUES ('793103294946869249', '新增', 'dlExamTeacher:add', '', 'dlExamTeacher/add', '_self', '784480084189773824', '10', '3', '1', null, '2020-12-28 14:01:57', '1');
INSERT INTO `sys_permission` VALUES ('793103294946869250', '修改', 'dlExamTeacher:update', '', 'dlExamTeacher/update', '_self', '784480084189773824', '10', '3', '1', null, '2020-12-28 14:02:18', '1');
INSERT INTO `sys_permission` VALUES ('793103294946869251', '删除', 'dlExamTeacher:delete', '', 'dlExamTeacher/delete', '_self', '784480084189773824', '10', '3', '1', null, '2020-12-28 14:02:35', '1');
INSERT INTO `sys_permission` VALUES ('793103294946869252', '列表', 'dlExamTeacher:list', '', 'dlExamTeacher/listByPage', '_self', '784480084189773824', '10', '3', '1', null, '2020-12-28 14:02:52', '1');
INSERT INTO `sys_permission` VALUES ('796380986987249664', '学期管理', '', '', '/index/dlTerm', '_self', '1334822791945027585', '10', '2', '1', null, '2021-01-06 14:32:45', '1');
INSERT INTO `sys_permission` VALUES ('796380986987249665', '新增', 'dlTerm:add', null, 'dlTerm/add', null, '796380986987249664', null, '3', '1', null, null, '1');
INSERT INTO `sys_permission` VALUES ('796380986987249666', '修改', 'dlTerm:update', null, 'dlTerm/update', null, '796380986987249664', null, '3', '1', null, null, '1');
INSERT INTO `sys_permission` VALUES ('796380986987249667', '删除', 'dlTerm:delete', null, 'dlTerm/delete', null, '796380986987249664', null, '3', '1', null, null, '1');
INSERT INTO `sys_permission` VALUES ('796380986987249668', '列表', 'dlTerm:list', null, 'dlTerm/listByPage', null, '796380986987249664', null, '3', '1', null, null, '1');
INSERT INTO `sys_permission` VALUES ('796792186363445248', '成绩列表', '', '', '/index/dlExamScore', '_self', '784480084118470656', '10', '2', '1', null, '2021-01-07 17:30:13', '0');
INSERT INTO `sys_permission` VALUES ('796792186363445249', '新增', 'dlExamScore:add', null, 'dlExamScore/add', null, '796792186363445248', null, '3', '1', null, null, '0');
INSERT INTO `sys_permission` VALUES ('796792186363445250', '修改', 'dlExamScore:update', '', 'dlExamScore/update', '_self', '1346999702114848769', '5', '3', '1', null, '2021-01-08 19:07:53', '1');
INSERT INTO `sys_permission` VALUES ('796792186363445251', '删除', 'dlExamScore:delete', null, 'dlExamScore/delete', null, '796792186363445248', null, '3', '1', null, null, '0');
INSERT INTO `sys_permission` VALUES ('796792186363445252', '列表', 'dlExamScore:list', '', 'dlExamScore/listByPage', '_self', '1346999702114848769', '7', '3', '1', null, '2021-01-08 19:08:13', '1');
INSERT INTO `sys_permission` VALUES ('8', '日志管理', null, null, '/index/logs', '_self', '54', '97', '2', '1', '2020-03-19 13:29:40', '2020-03-19 13:29:40', '1');
INSERT INTO `sys_permission` VALUES ('801109371525267456', '规则设置', '', '', '/index/dlArrSet', '_self', '1334808707124068353', '10', '2', '1', null, '2021-01-19 21:22:31', '0');
INSERT INTO `sys_permission` VALUES ('801109371525267457', '规则新增', 'dlArrSet:add', '', 'dlArrSet/add', '_self', '801109371802091520', '2', '3', '1', null, '2021-01-21 14:35:04', '1');
INSERT INTO `sys_permission` VALUES ('801109371525267458', '规则修改', 'dlArrSet:update', '', 'dlArrSet/update', '_self', '801109371802091520', '2', '3', '1', null, '2021-01-19 21:25:08', '1');
INSERT INTO `sys_permission` VALUES ('801109371525267459', '规则删除', 'dlArrSet:delete', '', 'dlArrSet/delete', '_self', '801109371802091520', '2', '3', '1', null, '2021-01-19 21:25:41', '1');
INSERT INTO `sys_permission` VALUES ('801109371525267460', '规则列表', 'dlArrSet:list', '', 'dlArrSet/listByPage', '_self', '801109371802091520', '2', '3', '1', null, '2021-01-19 21:26:15', '1');
INSERT INTO `sys_permission` VALUES ('801109371802091520', '排课任务', '', '', '/index/dlArrangingCourse', '_self', '1334808707124068353', '2', '2', '1', null, '2021-02-07 09:13:28', '1');
INSERT INTO `sys_permission` VALUES ('801109371802091521', '新增', 'dlArrangingCourse:add', null, 'dlArrangingCourse/add', null, '801109371802091520', null, '3', '1', null, null, '1');
INSERT INTO `sys_permission` VALUES ('801109371802091522', '修改', 'dlArrangingCourse:update', null, 'dlArrangingCourse/update', null, '801109371802091520', null, '3', '1', null, null, '1');
INSERT INTO `sys_permission` VALUES ('801109371802091523', '删除', 'dlArrangingCourse:delete', null, 'dlArrangingCourse/delete', null, '801109371802091520', null, '3', '1', null, null, '1');
INSERT INTO `sys_permission` VALUES ('801109371802091524', '列表', 'dlArrangingCourse:list', null, 'dlArrangingCourse/listByPage', null, '801109371802091520', null, '3', '1', null, null, '1');
INSERT INTO `sys_permission` VALUES ('801820889640337408', '教师课程信息', '', '', '/index/dlArrBase', '_self', '1334808707124068353', '10', '2', '1', null, '2021-01-21 14:32:14', '0');
INSERT INTO `sys_permission` VALUES ('801820889640337409', '教师课程新增', 'dlArrBase:add', null, 'dlArrBase/add', null, '801109371802091520', null, '3', '1', null, null, '1');
INSERT INTO `sys_permission` VALUES ('801820889640337410', '教师课程修改', 'dlArrBase:update', null, 'dlArrBase/update', null, '801109371802091520', null, '3', '1', null, null, '1');
INSERT INTO `sys_permission` VALUES ('801820889640337411', '教师课程删除', 'dlArrBase:delete', null, 'dlArrBase/delete', null, '801109371802091520', null, '3', '1', null, null, '1');
INSERT INTO `sys_permission` VALUES ('801820889640337412', '教师课程列表', 'dlArrBase:list', null, 'dlArrBase/listByPage', null, '801109371802091520', null, '3', '1', null, null, '1');
INSERT INTO `sys_permission` VALUES ('807924900420386816', '教师课表', '', '', '/index/teacherTable', '_self', '1334808707124068353', '3', '2', '1', null, '2021-02-22 22:18:12', '1');
INSERT INTO `sys_permission` VALUES ('807924900420386817', '新增', 'dlCourseTable:add', null, 'dlCourseTable/add', null, '807924900420386816', null, '3', '1', null, null, '1');
INSERT INTO `sys_permission` VALUES ('807924900420386818', '修改', 'dlCourseTable:update', null, 'dlCourseTable/update', null, '807924900420386816', null, '3', '1', null, null, '1');
INSERT INTO `sys_permission` VALUES ('807924900420386819', '删除', 'dlCourseTable:delete', null, 'dlCourseTable/delete', null, '807924900420386816', null, '3', '1', null, null, '1');
INSERT INTO `sys_permission` VALUES ('807924900420386820', '列表', 'dlCourseTable:list', null, 'dlCourseTable/listByPage', null, '807924900420386816', null, '3', '1', null, null, '1');
INSERT INTO `sys_permission` VALUES ('813029778847170560', 'dlArrGrade', '', '', '/index/dlArrGrade', '_self', '1334808707124068353', '10', '2', '1', null, '2021-02-21 12:51:50', '0');
INSERT INTO `sys_permission` VALUES ('813029778847170561', '参加排课年级新增', 'dlArrGrade:add', null, 'dlArrGrade/add', null, '801109371802091520', null, '3', '1', null, null, '1');
INSERT INTO `sys_permission` VALUES ('813029778847170562', '参加排课年级修改', 'dlArrGrade:update', null, 'dlArrGrade/update', null, '801109371802091520', null, '3', '1', null, null, '1');
INSERT INTO `sys_permission` VALUES ('813029778847170563', '参加排课年级删除', 'dlArrGrade:delete', null, 'dlArrGrade/delete', null, '801109371802091520', null, '3', '1', null, null, '1');
INSERT INTO `sys_permission` VALUES ('813029778847170564', '参加排课年级列表', 'dlArrGrade:list', null, 'dlArrGrade/listByPage', null, '801109371802091520', null, '3', '1', null, null, '1');
INSERT INTO `sys_permission` VALUES ('9', '新增', 'sys:dept:add', null, '/sys/dept', null, '41', '100', '3', '1', '2020-03-19 13:29:40', '2020-03-19 13:29:40', '1');

-- ----------------------------
-- Table structure for `sys_role`
-- ----------------------------
DROP TABLE IF EXISTS `sys_role`;
CREATE TABLE `sys_role` (
  `id` varchar(64) NOT NULL COMMENT '主键',
  `name` varchar(255) DEFAULT NULL COMMENT '角色名称',
  `description` varchar(300) DEFAULT NULL,
  `status` tinyint DEFAULT NULL COMMENT '状态(1:正常0:弃用)',
  `create_time` datetime DEFAULT NULL COMMENT '创建时间',
  `update_time` datetime DEFAULT NULL COMMENT '更新时间',
  `deleted` tinyint DEFAULT NULL COMMENT '是否删除(1未删除；0已删除)',
  `data_scope` int DEFAULT NULL COMMENT '数据范围（1：所有 2：自定义 3： 本部门及以下部门 4：仅本部门 5:自己）',
  PRIMARY KEY (`id`)
) ENGINE=InnoDB DEFAULT CHARSET=utf8mb3 COMMENT='系统角色';

-- ----------------------------
-- Records of sys_role
-- ----------------------------
INSERT INTO `sys_role` VALUES ('1', '超级管理员', '拥有所有权限-不能删除', '1', '2019-11-01 19:26:29', '2021-03-18 21:38:11', '1', null);
INSERT INTO `sys_role` VALUES ('1331087516021194754', '教师', '', '1', '2020-11-24 12:09:29', '2021-01-07 20:35:43', '1', null);
INSERT INTO `sys_role` VALUES ('1362622003983093761', '管理员', '', '1', '2021-02-19 12:36:16', '2021-02-19 12:36:16', '1', null);

-- ----------------------------
-- Table structure for `sys_role_dept`
-- ----------------------------
DROP TABLE IF EXISTS `sys_role_dept`;
CREATE TABLE `sys_role_dept` (
  `id` varchar(64) NOT NULL COMMENT '主键',
  `role_id` varchar(64) DEFAULT NULL COMMENT '角色id',
  `dept_id` varchar(64) DEFAULT NULL COMMENT '部门id',
  `create_time` datetime DEFAULT NULL COMMENT '创建时间',
  PRIMARY KEY (`id`) USING BTREE
) ENGINE=InnoDB DEFAULT CHARSET=utf8mb3 ROW_FORMAT=COMPACT COMMENT='角色部门';

-- ----------------------------
-- Records of sys_role_dept
-- ----------------------------

-- ----------------------------
-- Table structure for `sys_role_permission`
-- ----------------------------
DROP TABLE IF EXISTS `sys_role_permission`;
CREATE TABLE `sys_role_permission` (
  `id` varchar(64) NOT NULL COMMENT '主键',
  `role_id` varchar(64) DEFAULT NULL COMMENT '角色id',
  `permission_id` varchar(64) DEFAULT NULL COMMENT '菜单权限id',
  `create_time` datetime DEFAULT NULL COMMENT '创建时间',
  PRIMARY KEY (`id`)
) ENGINE=InnoDB DEFAULT CHARSET=utf8mb3;

-- ----------------------------
-- Records of sys_role_permission
-- ----------------------------
INSERT INTO `sys_role_permission` VALUES ('1347159984460042241', '1331087516021194754', '784480084756004864', '2021-01-07 20:35:43');
INSERT INTO `sys_role_permission` VALUES ('1347159984460042242', '1331087516021194754', '784480084756004868', '2021-01-07 20:35:43');
INSERT INTO `sys_role_permission` VALUES ('1347159984460042243', '1331087516021194754', '784480084814725120', '2021-01-07 20:35:43');
INSERT INTO `sys_role_permission` VALUES ('1347159984460042244', '1331087516021194754', '784480084814725124', '2021-01-07 20:35:43');
INSERT INTO `sys_role_permission` VALUES ('1347159984460042245', '1331087516021194754', '1334807138768945153', '2021-01-07 20:35:43');
INSERT INTO `sys_role_permission` VALUES ('1347159984460042246', '1331087516021194754', '784480085049606144', '2021-01-07 20:35:43');
INSERT INTO `sys_role_permission` VALUES ('1347159984460042247', '1331087516021194754', '784480085049606145', '2021-01-07 20:35:43');
INSERT INTO `sys_role_permission` VALUES ('1347159984460042248', '1331087516021194754', '784480085049606146', '2021-01-07 20:35:43');
INSERT INTO `sys_role_permission` VALUES ('1347159984460042249', '1331087516021194754', '784480085049606147', '2021-01-07 20:35:43');
INSERT INTO `sys_role_permission` VALUES ('1347159984460042250', '1331087516021194754', '784480085049606148', '2021-01-07 20:35:43');
INSERT INTO `sys_role_permission` VALUES ('1347159984460042251', '1331087516021194754', '789437171000934400', '2021-01-07 20:35:43');
INSERT INTO `sys_role_permission` VALUES ('1347159984460042252', '1331087516021194754', '789437171000934401', '2021-01-07 20:35:43');
INSERT INTO `sys_role_permission` VALUES ('1347159984460042253', '1331087516021194754', '789437171000934402', '2021-01-07 20:35:43');
INSERT INTO `sys_role_permission` VALUES ('1347159984460042254', '1331087516021194754', '789437171000934403', '2021-01-07 20:35:43');
INSERT INTO `sys_role_permission` VALUES ('1347159984460042255', '1331087516021194754', '789437171000934404', '2021-01-07 20:35:43');
INSERT INTO `sys_role_permission` VALUES ('1347159984481013761', '1331087516021194754', '1334808090397802498', '2021-01-07 20:35:43');
INSERT INTO `sys_role_permission` VALUES ('1347159984481013762', '1331087516021194754', '784480084118470656', '2021-01-07 20:35:43');
INSERT INTO `sys_role_permission` VALUES ('1347159984481013763', '1331087516021194754', '784480084118470658', '2021-01-07 20:35:43');
INSERT INTO `sys_role_permission` VALUES ('1347159984489402369', '1331087516021194754', '784480084118470660', '2021-01-07 20:35:43');
INSERT INTO `sys_role_permission` VALUES ('1347159984489402370', '1331087516021194754', '1346636197545123842', '2021-01-07 20:35:43');
INSERT INTO `sys_role_permission` VALUES ('1347159984489402373', '1331087516021194754', '796792186363445250', '2021-01-07 20:35:43');
INSERT INTO `sys_role_permission` VALUES ('1347159984489402375', '1331087516021194754', '796792186363445252', '2021-01-07 20:35:43');
INSERT INTO `sys_role_permission` VALUES ('1347159984493596674', '1331087516021194754', '1346239294743543809', '2021-01-07 20:35:43');
INSERT INTO `sys_role_permission` VALUES ('1347159984493596675', '1331087516021194754', '1346451957448769537', '2021-01-07 20:35:43');
INSERT INTO `sys_role_permission` VALUES ('1347159984493596676', '1331087516021194754', '1334822791945027585', '2021-01-07 20:35:43');
INSERT INTO `sys_role_permission` VALUES ('1347159984493596677', '1331087516021194754', '784480084491763712', '2021-01-07 20:35:43');
INSERT INTO `sys_role_permission` VALUES ('1347159984493596678', '1331087516021194754', '784480084491763716', '2021-01-07 20:35:43');
INSERT INTO `sys_role_permission` VALUES ('1347159984493596679', '1331087516021194754', '784480084932165632', '2021-01-07 20:35:43');
INSERT INTO `sys_role_permission` VALUES ('1347159984493596680', '1331087516021194754', '784480084932165636', '2021-01-07 20:35:43');
INSERT INTO `sys_role_permission` VALUES ('1347159984501985281', '1331087516021194754', '784480084986691584', '2021-01-07 20:35:43');
INSERT INTO `sys_role_permission` VALUES ('1347159984501985282', '1331087516021194754', '784480084986691588', '2021-01-07 20:35:43');
INSERT INTO `sys_role_permission` VALUES ('1347159984501985283', '1331087516021194754', '784480085104132096', '2021-01-07 20:35:43');
INSERT INTO `sys_role_permission` VALUES ('1347159984501985284', '1331087516021194754', '784480085104132100', '2021-01-07 20:35:43');
INSERT INTO `sys_role_permission` VALUES ('1347159984501985285', '1331087516021194754', '796380986987249664', '2021-01-07 20:35:43');
INSERT INTO `sys_role_permission` VALUES ('1347159984501985286', '1331087516021194754', '796380986987249668', '2021-01-07 20:35:43');
INSERT INTO `sys_role_permission` VALUES ('1362622004113117185', '1362622003983093761', '784480084756004864', '2021-02-19 12:36:16');
INSERT INTO `sys_role_permission` VALUES ('1362622004113117186', '1362622003983093761', '784480084756004865', '2021-02-19 12:36:16');
INSERT INTO `sys_role_permission` VALUES ('1362622004113117187', '1362622003983093761', '784480084756004866', '2021-02-19 12:36:16');
INSERT INTO `sys_role_permission` VALUES ('1362622004113117188', '1362622003983093761', '784480084756004867', '2021-02-19 12:36:16');
INSERT INTO `sys_role_permission` VALUES ('1362622004113117189', '1362622003983093761', '784480084756004868', '2021-02-19 12:36:16');
INSERT INTO `sys_role_permission` VALUES ('1362622004113117190', '1362622003983093761', '784480084814725120', '2021-02-19 12:36:16');
INSERT INTO `sys_role_permission` VALUES ('1362622004113117191', '1362622003983093761', '784480084814725121', '2021-02-19 12:36:16');
INSERT INTO `sys_role_permission` VALUES ('1362622004113117192', '1362622003983093761', '784480084814725122', '2021-02-19 12:36:16');
INSERT INTO `sys_role_permission` VALUES ('1362622004113117193', '1362622003983093761', '784480084814725123', '2021-02-19 12:36:16');
INSERT INTO `sys_role_permission` VALUES ('1362622004113117194', '1362622003983093761', '784480084814725124', '2021-02-19 12:36:16');
INSERT INTO `sys_role_permission` VALUES ('1362622004113117195', '1362622003983093761', '1334806894995996673', '2021-02-19 12:36:16');
INSERT INTO `sys_role_permission` VALUES ('1362622004113117196', '1362622003983093761', '24', '2021-02-19 12:36:16');
INSERT INTO `sys_role_permission` VALUES ('1362622004113117197', '1362622003983093761', '10', '2021-02-19 12:36:16');
INSERT INTO `sys_role_permission` VALUES ('1362622004113117198', '1362622003983093761', '23', '2021-02-19 12:36:16');
INSERT INTO `sys_role_permission` VALUES ('1362622004113117199', '1362622003983093761', '25', '2021-02-19 12:36:16');
INSERT INTO `sys_role_permission` VALUES ('1362622004113117200', '1362622003983093761', '1334807138768945153', '2021-02-19 12:36:16');
INSERT INTO `sys_role_permission` VALUES ('1362622004113117201', '1362622003983093761', '784480085049606144', '2021-02-19 12:36:16');
INSERT INTO `sys_role_permission` VALUES ('1362622004113117202', '1362622003983093761', '784480085049606145', '2021-02-19 12:36:16');
INSERT INTO `sys_role_permission` VALUES ('1362622004113117203', '1362622003983093761', '784480085049606146', '2021-02-19 12:36:16');
INSERT INTO `sys_role_permission` VALUES ('1362622004113117204', '1362622003983093761', '784480085049606147', '2021-02-19 12:36:16');
INSERT INTO `sys_role_permission` VALUES ('1362622004113117205', '1362622003983093761', '784480085049606148', '2021-02-19 12:36:16');
INSERT INTO `sys_role_permission` VALUES ('1362622004113117206', '1362622003983093761', '789437171000934400', '2021-02-19 12:36:16');
INSERT INTO `sys_role_permission` VALUES ('1362622004113117207', '1362622003983093761', '789437171000934401', '2021-02-19 12:36:16');
INSERT INTO `sys_role_permission` VALUES ('1362622004113117208', '1362622003983093761', '789437171000934402', '2021-02-19 12:36:16');
INSERT INTO `sys_role_permission` VALUES ('1362622004113117209', '1362622003983093761', '789437171000934403', '2021-02-19 12:36:16');
INSERT INTO `sys_role_permission` VALUES ('1362622004113117210', '1362622003983093761', '789437171000934404', '2021-02-19 12:36:16');
INSERT INTO `sys_role_permission` VALUES ('1362622004113117211', '1362622003983093761', '784480084118470656', '2021-02-19 12:36:16');
INSERT INTO `sys_role_permission` VALUES ('1362622004113117212', '1362622003983093761', '1346636399928680450', '2021-02-19 12:36:16');
INSERT INTO `sys_role_permission` VALUES ('1362622004113117213', '1362622003983093761', '1347504949065211906', '2021-02-19 12:36:16');
INSERT INTO `sys_role_permission` VALUES ('1362622004113117214', '1362622003983093761', '1346636197545123842', '2021-02-19 12:36:16');
INSERT INTO `sys_role_permission` VALUES ('1362622004113117215', '1362622003983093761', '1346999702114848769', '2021-02-19 12:36:16');
INSERT INTO `sys_role_permission` VALUES ('1362622004113117216', '1362622003983093761', '784480084118470660', '2021-02-19 12:36:16');
INSERT INTO `sys_role_permission` VALUES ('1362622004113117217', '1362622003983093761', '784480084118470657', '2021-02-19 12:36:16');
INSERT INTO `sys_role_permission` VALUES ('1362622004113117218', '1362622003983093761', '784480084118470658', '2021-02-19 12:36:16');
INSERT INTO `sys_role_permission` VALUES ('1362622004113117219', '1362622003983093761', '784480084118470659', '2021-02-19 12:36:16');
INSERT INTO `sys_role_permission` VALUES ('1362622004113117220', '1362622003983093761', '796792186363445250', '2021-02-19 12:36:16');
INSERT INTO `sys_role_permission` VALUES ('1362622004113117221', '1362622003983093761', '796792186363445252', '2021-02-19 12:36:16');
INSERT INTO `sys_role_permission` VALUES ('1362622004113117222', '1362622003983093761', '1334808090397802498', '2021-02-19 12:36:16');
INSERT INTO `sys_role_permission` VALUES ('1362622004113117223', '1362622003983093761', '784480084189773824', '2021-02-19 12:36:16');
INSERT INTO `sys_role_permission` VALUES ('1362622004113117224', '1362622003983093761', '784480084189773825', '2021-02-19 12:36:16');
INSERT INTO `sys_role_permission` VALUES ('1362622004113117225', '1362622003983093761', '784480084189773826', '2021-02-19 12:36:16');
INSERT INTO `sys_role_permission` VALUES ('1362622004113117226', '1362622003983093761', '784480084189773827', '2021-02-19 12:36:16');
INSERT INTO `sys_role_permission` VALUES ('1362622004113117227', '1362622003983093761', '784480084189773828', '2021-02-19 12:36:16');
INSERT INTO `sys_role_permission` VALUES ('1362622004113117228', '1362622003983093761', '784480083837452289', '2021-02-19 12:36:16');
INSERT INTO `sys_role_permission` VALUES ('1362622004440272898', '1362622003983093761', '784480083837452290', '2021-02-19 12:36:16');
INSERT INTO `sys_role_permission` VALUES ('1362622004440272899', '1362622003983093761', '784480083837452291', '2021-02-19 12:36:16');
INSERT INTO `sys_role_permission` VALUES ('1362622004440272900', '1362622003983093761', '784480083837452292', '2021-02-19 12:36:16');
INSERT INTO `sys_role_permission` VALUES ('1362622004440272901', '1362622003983093761', '793103294946869249', '2021-02-19 12:36:16');
INSERT INTO `sys_role_permission` VALUES ('1362622004440272902', '1362622003983093761', '793103294946869250', '2021-02-19 12:36:16');
INSERT INTO `sys_role_permission` VALUES ('1362622004440272903', '1362622003983093761', '793103294946869251', '2021-02-19 12:36:16');
INSERT INTO `sys_role_permission` VALUES ('1362622004440272904', '1362622003983093761', '793103294946869252', '2021-02-19 12:36:16');
INSERT INTO `sys_role_permission` VALUES ('1362622004440272905', '1362622003983093761', '1344644834154868738', '2021-02-19 12:36:17');
INSERT INTO `sys_role_permission` VALUES ('1362622004440272906', '1362622003983093761', '784480084034584577', '2021-02-19 12:36:17');
INSERT INTO `sys_role_permission` VALUES ('1362622004440272907', '1362622003983093761', '784480084034584578', '2021-02-19 12:36:17');
INSERT INTO `sys_role_permission` VALUES ('1362622004440272908', '1362622003983093761', '784480084034584579', '2021-02-19 12:36:17');
INSERT INTO `sys_role_permission` VALUES ('1362622004440272909', '1362622003983093761', '784480084034584580', '2021-02-19 12:36:17');
INSERT INTO `sys_role_permission` VALUES ('1362622004440272910', '1362622003983093761', '784480084319797249', '2021-02-19 12:36:17');
INSERT INTO `sys_role_permission` VALUES ('1362622004440272911', '1362622003983093761', '784480084319797250', '2021-02-19 12:36:17');
INSERT INTO `sys_role_permission` VALUES ('1362622004440272912', '1362622003983093761', '784480084319797251', '2021-02-19 12:36:17');
INSERT INTO `sys_role_permission` VALUES ('1362622004440272913', '1362622003983093761', '784480084319797252', '2021-02-19 12:36:17');
INSERT INTO `sys_role_permission` VALUES ('1362622004440272914', '1362622003983093761', '784480084256882688', '2021-02-19 12:36:17');
INSERT INTO `sys_role_permission` VALUES ('1362622004440272915', '1362622003983093761', '784480084256882689', '2021-02-19 12:36:17');
INSERT INTO `sys_role_permission` VALUES ('1362622004440272916', '1362622003983093761', '784480084256882690', '2021-02-19 12:36:17');
INSERT INTO `sys_role_permission` VALUES ('1362622004440272917', '1362622003983093761', '784480084256882691', '2021-02-19 12:36:17');
INSERT INTO `sys_role_permission` VALUES ('1362622004440272918', '1362622003983093761', '784480084256882692', '2021-02-19 12:36:17');
INSERT INTO `sys_role_permission` VALUES ('1362622004440272919', '1362622003983093761', '1346239294743543809', '2021-02-19 12:36:17');
INSERT INTO `sys_role_permission` VALUES ('1362622004440272920', '1362622003983093761', '1346451957448769537', '2021-02-19 12:36:17');
INSERT INTO `sys_role_permission` VALUES ('1362622004440272921', '1362622003983093761', '1334808707124068353', '2021-02-19 12:36:17');
INSERT INTO `sys_role_permission` VALUES ('1362622004440272922', '1362622003983093761', '784480084634370048', '2021-02-19 12:36:17');
INSERT INTO `sys_role_permission` VALUES ('1362622004440272923', '1362622003983093761', '784480084634370049', '2021-02-19 12:36:17');
INSERT INTO `sys_role_permission` VALUES ('1362622004440272924', '1362622003983093761', '784480084634370050', '2021-02-19 12:36:17');
INSERT INTO `sys_role_permission` VALUES ('1362622004440272925', '1362622003983093761', '784480084634370051', '2021-02-19 12:36:17');
INSERT INTO `sys_role_permission` VALUES ('1362622004440272926', '1362622003983093761', '784480084634370052', '2021-02-19 12:36:17');
INSERT INTO `sys_role_permission` VALUES ('1362622004440272927', '1362622003983093761', '801109371802091520', '2021-02-19 12:36:17');
INSERT INTO `sys_role_permission` VALUES ('1362622004440272928', '1362622003983093761', '801109371802091521', '2021-02-19 12:36:17');
INSERT INTO `sys_role_permission` VALUES ('1362622004440272929', '1362622003983093761', '801109371802091522', '2021-02-19 12:36:17');
INSERT INTO `sys_role_permission` VALUES ('1362622004440272930', '1362622003983093761', '801109371802091523', '2021-02-19 12:36:17');
INSERT INTO `sys_role_permission` VALUES ('1362622004440272931', '1362622003983093761', '801109371802091524', '2021-02-19 12:36:17');
INSERT INTO `sys_role_permission` VALUES ('1362622004440272932', '1362622003983093761', '801820889640337409', '2021-02-19 12:36:17');
INSERT INTO `sys_role_permission` VALUES ('1362622004440272933', '1362622003983093761', '801820889640337410', '2021-02-19 12:36:17');
INSERT INTO `sys_role_permission` VALUES ('1362622004440272934', '1362622003983093761', '801820889640337411', '2021-02-19 12:36:17');
INSERT INTO `sys_role_permission` VALUES ('1362622004440272935', '1362622003983093761', '801820889640337412', '2021-02-19 12:36:17');
INSERT INTO `sys_role_permission` VALUES ('1362622004440272936', '1362622003983093761', '801109371525267457', '2021-02-19 12:36:17');
INSERT INTO `sys_role_permission` VALUES ('1362622004440272937', '1362622003983093761', '801109371525267458', '2021-02-19 12:36:17');
INSERT INTO `sys_role_permission` VALUES ('1362622004440272938', '1362622003983093761', '801109371525267459', '2021-02-19 12:36:17');
INSERT INTO `sys_role_permission` VALUES ('1362622004440272939', '1362622003983093761', '801109371525267460', '2021-02-19 12:36:17');
INSERT INTO `sys_role_permission` VALUES ('1362622004440272940', '1362622003983093761', '1358249691529498626', '2021-02-19 12:36:17');
INSERT INTO `sys_role_permission` VALUES ('1362622004440272941', '1362622003983093761', '1361134000829521922', '2021-02-19 12:36:17');
INSERT INTO `sys_role_permission` VALUES ('1362622004440272942', '1362622003983093761', '1358222664411832321', '2021-02-19 12:36:17');
INSERT INTO `sys_role_permission` VALUES ('1362622004440272943', '1362622003983093761', '807924900420386816', '2021-02-19 12:36:17');
INSERT INTO `sys_role_permission` VALUES ('1362622004440272944', '1362622003983093761', '807924900420386817', '2021-02-19 12:36:17');
INSERT INTO `sys_role_permission` VALUES ('1362622004440272945', '1362622003983093761', '807924900420386818', '2021-02-19 12:36:17');
INSERT INTO `sys_role_permission` VALUES ('1362622004440272946', '1362622003983093761', '807924900420386819', '2021-02-19 12:36:17');
INSERT INTO `sys_role_permission` VALUES ('1362622004440272947', '1362622003983093761', '807924900420386820', '2021-02-19 12:36:17');
INSERT INTO `sys_role_permission` VALUES ('1362622004440272948', '1362622003983093761', '1334822791945027585', '2021-02-19 12:36:17');
INSERT INTO `sys_role_permission` VALUES ('1362622004440272949', '1362622003983093761', '784480084491763712', '2021-02-19 12:36:17');
INSERT INTO `sys_role_permission` VALUES ('1362622004440272950', '1362622003983093761', '784480084491763713', '2021-02-19 12:36:17');
INSERT INTO `sys_role_permission` VALUES ('1362622004440272951', '1362622003983093761', '784480084491763714', '2021-02-19 12:36:17');
INSERT INTO `sys_role_permission` VALUES ('1362622004440272952', '1362622003983093761', '784480084491763715', '2021-02-19 12:36:17');
INSERT INTO `sys_role_permission` VALUES ('1362622004440272953', '1362622003983093761', '784480084491763716', '2021-02-19 12:36:17');
INSERT INTO `sys_role_permission` VALUES ('1362622004440272954', '1362622003983093761', '1339549078235017217', '2021-02-19 12:36:17');
INSERT INTO `sys_role_permission` VALUES ('1362622004440272955', '1362622003983093761', '784480084932165632', '2021-02-19 12:36:17');
INSERT INTO `sys_role_permission` VALUES ('1362622004440272956', '1362622003983093761', '784480084932165633', '2021-02-19 12:36:17');
INSERT INTO `sys_role_permission` VALUES ('1362622004440272957', '1362622003983093761', '784480084932165634', '2021-02-19 12:36:17');
INSERT INTO `sys_role_permission` VALUES ('1362622004440272958', '1362622003983093761', '784480084932165635', '2021-02-19 12:36:17');
INSERT INTO `sys_role_permission` VALUES ('1362622004440272959', '1362622003983093761', '784480084932165636', '2021-02-19 12:36:17');
INSERT INTO `sys_role_permission` VALUES ('1362622004440272960', '1362622003983093761', '1335060861890002945', '2021-02-19 12:36:17');
INSERT INTO `sys_role_permission` VALUES ('1362622004440272961', '1362622003983093761', '784480084986691584', '2021-02-19 12:36:17');
INSERT INTO `sys_role_permission` VALUES ('1362622004440272962', '1362622003983093761', '784480084986691585', '2021-02-19 12:36:17');
INSERT INTO `sys_role_permission` VALUES ('1362622004440272963', '1362622003983093761', '784480084986691586', '2021-02-19 12:36:17');
INSERT INTO `sys_role_permission` VALUES ('1362622004440272964', '1362622003983093761', '784480084986691587', '2021-02-19 12:36:17');
INSERT INTO `sys_role_permission` VALUES ('1362622004440272965', '1362622003983093761', '784480084986691588', '2021-02-19 12:36:17');
INSERT INTO `sys_role_permission` VALUES ('1362622004440272966', '1362622003983093761', '784480085104132096', '2021-02-19 12:36:17');
INSERT INTO `sys_role_permission` VALUES ('1362622004440272967', '1362622003983093761', '784480085104132097', '2021-02-19 12:36:17');
INSERT INTO `sys_role_permission` VALUES ('1362622004440272968', '1362622003983093761', '784480085104132098', '2021-02-19 12:36:17');
INSERT INTO `sys_role_permission` VALUES ('1362622004440272969', '1362622003983093761', '784480085104132099', '2021-02-19 12:36:17');
INSERT INTO `sys_role_permission` VALUES ('1362622004440272970', '1362622003983093761', '784480085104132100', '2021-02-19 12:36:17');
INSERT INTO `sys_role_permission` VALUES ('1362622004440272971', '1362622003983093761', '796380986987249664', '2021-02-19 12:36:17');
INSERT INTO `sys_role_permission` VALUES ('1362622004440272972', '1362622003983093761', '796380986987249665', '2021-02-19 12:36:17');
INSERT INTO `sys_role_permission` VALUES ('1362622004440272973', '1362622003983093761', '796380986987249666', '2021-02-19 12:36:17');
INSERT INTO `sys_role_permission` VALUES ('1362622004440272974', '1362622003983093761', '796380986987249667', '2021-02-19 12:36:17');
INSERT INTO `sys_role_permission` VALUES ('1362622004440272975', '1362622003983093761', '796380986987249668', '2021-02-19 12:36:17');
INSERT INTO `sys_role_permission` VALUES ('1362622004440272976', '1362622003983093761', '54', '2021-02-19 12:36:17');
INSERT INTO `sys_role_permission` VALUES ('1362622004440272977', '1362622003983093761', '45', '2021-02-19 12:36:17');
INSERT INTO `sys_role_permission` VALUES ('1362622004440272978', '1362622003983093761', '46', '2021-02-19 12:36:17');
INSERT INTO `sys_role_permission` VALUES ('1362622004440272979', '1362622003983093761', '1339410383213309953', '2021-02-19 12:36:17');
INSERT INTO `sys_role_permission` VALUES ('1362622004440272980', '1362622003983093761', '59', '2021-02-19 12:36:17');
INSERT INTO `sys_role_permission` VALUES ('1362622004440272981', '1362622003983093761', '60', '2021-02-19 12:36:17');
INSERT INTO `sys_role_permission` VALUES ('1362622004440272982', '1362622003983093761', '8', '2021-02-19 12:36:17');
INSERT INTO `sys_role_permission` VALUES ('1362622004440272983', '1362622003983093761', '7', '2021-02-19 12:36:17');
INSERT INTO `sys_role_permission` VALUES ('1372542854661726210', '1', '51', '2021-03-18 21:38:11');
INSERT INTO `sys_role_permission` VALUES ('1372542854670114818', '1', '11', '2021-03-18 21:38:11');
INSERT INTO `sys_role_permission` VALUES ('1372542854670114819', '1', '17', '2021-03-18 21:38:11');
INSERT INTO `sys_role_permission` VALUES ('1372542854670114820', '1', '26', '2021-03-18 21:38:11');
INSERT INTO `sys_role_permission` VALUES ('1372542854670114821', '1', '40', '2021-03-18 21:38:11');
INSERT INTO `sys_role_permission` VALUES ('1372542854678503425', '1', '43', '2021-03-18 21:38:11');
INSERT INTO `sys_role_permission` VALUES ('1372542854678503426', '1', '44', '2021-03-18 21:38:11');
INSERT INTO `sys_role_permission` VALUES ('1372542854678503427', '1', '53', '2021-03-18 21:38:11');
INSERT INTO `sys_role_permission` VALUES ('1372542854678503428', '1', '3', '2021-03-18 21:38:11');
INSERT INTO `sys_role_permission` VALUES ('1372542854678503429', '1', '19', '2021-03-18 21:38:11');
INSERT INTO `sys_role_permission` VALUES ('1372542854678503430', '1', '36', '2021-03-18 21:38:11');
INSERT INTO `sys_role_permission` VALUES ('1372542854686892033', '1', '1311115974068449281', '2021-03-18 21:38:11');
INSERT INTO `sys_role_permission` VALUES ('1372542854686892034', '1', '13', '2021-03-18 21:38:11');
INSERT INTO `sys_role_permission` VALUES ('1372542854686892035', '1', '39', '2021-03-18 21:38:11');
INSERT INTO `sys_role_permission` VALUES ('1372542854686892036', '1', '41', '2021-03-18 21:38:11');
INSERT INTO `sys_role_permission` VALUES ('1372542854686892037', '1', '5', '2021-03-18 21:38:11');
INSERT INTO `sys_role_permission` VALUES ('1372542854686892038', '1', '9', '2021-03-18 21:38:11');
INSERT INTO `sys_role_permission` VALUES ('1372542854695280642', '1', '12', '2021-03-18 21:38:11');
INSERT INTO `sys_role_permission` VALUES ('1372542854695280643', '1', '22', '2021-03-18 21:38:11');
INSERT INTO `sys_role_permission` VALUES ('1372542854695280644', '1', '38', '2021-03-18 21:38:11');
INSERT INTO `sys_role_permission` VALUES ('1372542854695280645', '1', '1334806894995996673', '2021-03-18 21:38:11');
INSERT INTO `sys_role_permission` VALUES ('1372542854695280646', '1', '24', '2021-03-18 21:38:11');
INSERT INTO `sys_role_permission` VALUES ('1372542854695280647', '1', '10', '2021-03-18 21:38:11');
INSERT INTO `sys_role_permission` VALUES ('1372542854695280648', '1', '23', '2021-03-18 21:38:11');
INSERT INTO `sys_role_permission` VALUES ('1372542854695280649', '1', '25', '2021-03-18 21:38:11');
INSERT INTO `sys_role_permission` VALUES ('1372542854695280650', '1', '42', '2021-03-18 21:38:11');
INSERT INTO `sys_role_permission` VALUES ('1372542854695280651', '1', '52', '2021-03-18 21:38:11');
INSERT INTO `sys_role_permission` VALUES ('1372542854695280652', '1', '56', '2021-03-18 21:38:11');
INSERT INTO `sys_role_permission` VALUES ('1372542854695280653', '1', '57', '2021-03-18 21:38:11');
INSERT INTO `sys_role_permission` VALUES ('1372542854695280654', '1', '1334807138768945153', '2021-03-18 21:38:11');
INSERT INTO `sys_role_permission` VALUES ('1372542854695280655', '1', '784480084877639680', '2021-03-18 21:38:11');
INSERT INTO `sys_role_permission` VALUES ('1372542854695280656', '1', '784480084877639681', '2021-03-18 21:38:11');
INSERT INTO `sys_role_permission` VALUES ('1372542854703669249', '1', '784480084877639682', '2021-03-18 21:38:11');
INSERT INTO `sys_role_permission` VALUES ('1372542854703669250', '1', '784480084877639683', '2021-03-18 21:38:11');
INSERT INTO `sys_role_permission` VALUES ('1372542854703669251', '1', '784480084877639684', '2021-03-18 21:38:11');
INSERT INTO `sys_role_permission` VALUES ('1372542854703669252', '1', '784480084567261185', '2021-03-18 21:38:11');
INSERT INTO `sys_role_permission` VALUES ('1372542854703669253', '1', '784480084567261186', '2021-03-18 21:38:11');
INSERT INTO `sys_role_permission` VALUES ('1372542854703669254', '1', '784480084567261187', '2021-03-18 21:38:11');
INSERT INTO `sys_role_permission` VALUES ('1372542854703669255', '1', '784480084567261188', '2021-03-18 21:38:11');
INSERT INTO `sys_role_permission` VALUES ('1372542854703669256', '1', '784480084693090305', '2021-03-18 21:38:11');
INSERT INTO `sys_role_permission` VALUES ('1372542854703669257', '1', '784480084693090306', '2021-03-18 21:38:11');
INSERT INTO `sys_role_permission` VALUES ('1372542854703669258', '1', '784480084693090307', '2021-03-18 21:38:11');
INSERT INTO `sys_role_permission` VALUES ('1372542854703669259', '1', '784480084693090308', '2021-03-18 21:38:11');
INSERT INTO `sys_role_permission` VALUES ('1372542854703669260', '1', '784480085049606144', '2021-03-18 21:38:11');
INSERT INTO `sys_role_permission` VALUES ('1372542854703669261', '1', '784480085049606145', '2021-03-18 21:38:11');
INSERT INTO `sys_role_permission` VALUES ('1372542854703669262', '1', '784480085049606146', '2021-03-18 21:38:11');
INSERT INTO `sys_role_permission` VALUES ('1372542854703669263', '1', '784480085049606147', '2021-03-18 21:38:11');
INSERT INTO `sys_role_permission` VALUES ('1372542854703669264', '1', '784480085049606148', '2021-03-18 21:38:11');
INSERT INTO `sys_role_permission` VALUES ('1372542854712057857', '1', '789437171000934400', '2021-03-18 21:38:11');
INSERT INTO `sys_role_permission` VALUES ('1372542854712057858', '1', '789437171000934401', '2021-03-18 21:38:11');
INSERT INTO `sys_role_permission` VALUES ('1372542854712057859', '1', '789437171000934402', '2021-03-18 21:38:11');
INSERT INTO `sys_role_permission` VALUES ('1372542854712057860', '1', '789437171000934403', '2021-03-18 21:38:11');
INSERT INTO `sys_role_permission` VALUES ('1372542854712057861', '1', '789437171000934404', '2021-03-18 21:38:11');
INSERT INTO `sys_role_permission` VALUES ('1372542854712057862', '1', '1334808090397802498', '2021-03-18 21:38:11');
INSERT INTO `sys_role_permission` VALUES ('1372542854712057863', '1', '784480084189773824', '2021-03-18 21:38:11');
INSERT INTO `sys_role_permission` VALUES ('1372542854712057864', '1', '784480084189773825', '2021-03-18 21:38:11');
INSERT INTO `sys_role_permission` VALUES ('1372542854716252161', '1', '784480084189773826', '2021-03-18 21:38:11');
INSERT INTO `sys_role_permission` VALUES ('1372542854716252162', '1', '784480084189773827', '2021-03-18 21:38:11');
INSERT INTO `sys_role_permission` VALUES ('1372542854716252163', '1', '784480084189773828', '2021-03-18 21:38:11');
INSERT INTO `sys_role_permission` VALUES ('1372542854716252164', '1', '784480083837452289', '2021-03-18 21:38:11');
INSERT INTO `sys_role_permission` VALUES ('1372542854716252165', '1', '784480083837452290', '2021-03-18 21:38:11');
INSERT INTO `sys_role_permission` VALUES ('1372542854716252166', '1', '784480083837452291', '2021-03-18 21:38:11');
INSERT INTO `sys_role_permission` VALUES ('1372542854716252167', '1', '784480083837452292', '2021-03-18 21:38:11');
INSERT INTO `sys_role_permission` VALUES ('1372542854716252168', '1', '793103294946869249', '2021-03-18 21:38:11');
INSERT INTO `sys_role_permission` VALUES ('1372542854716252169', '1', '793103294946869250', '2021-03-18 21:38:11');
INSERT INTO `sys_role_permission` VALUES ('1372542854716252170', '1', '793103294946869251', '2021-03-18 21:38:11');
INSERT INTO `sys_role_permission` VALUES ('1372542854716252171', '1', '793103294946869252', '2021-03-18 21:38:11');
INSERT INTO `sys_role_permission` VALUES ('1372542854716252172', '1', '1344644834154868738', '2021-03-18 21:38:11');
INSERT INTO `sys_role_permission` VALUES ('1372542854716252173', '1', '784480084034584577', '2021-03-18 21:38:11');
INSERT INTO `sys_role_permission` VALUES ('1372542854716252174', '1', '784480084034584578', '2021-03-18 21:38:11');
INSERT INTO `sys_role_permission` VALUES ('1372542854716252175', '1', '784480084034584579', '2021-03-18 21:38:11');
INSERT INTO `sys_role_permission` VALUES ('1372542854716252176', '1', '784480084034584580', '2021-03-18 21:38:11');
INSERT INTO `sys_role_permission` VALUES ('1372542854716252177', '1', '784480084319797249', '2021-03-18 21:38:11');
INSERT INTO `sys_role_permission` VALUES ('1372542854724640770', '1', '784480084319797250', '2021-03-18 21:38:11');
INSERT INTO `sys_role_permission` VALUES ('1372542854724640771', '1', '784480084319797251', '2021-03-18 21:38:11');
INSERT INTO `sys_role_permission` VALUES ('1372542854724640772', '1', '784480084319797252', '2021-03-18 21:38:11');
INSERT INTO `sys_role_permission` VALUES ('1372542854724640773', '1', '784480084256882688', '2021-03-18 21:38:11');
INSERT INTO `sys_role_permission` VALUES ('1372542854724640774', '1', '784480084256882689', '2021-03-18 21:38:11');
INSERT INTO `sys_role_permission` VALUES ('1372542854724640775', '1', '784480084256882690', '2021-03-18 21:38:11');
INSERT INTO `sys_role_permission` VALUES ('1372542854724640776', '1', '784480084256882691', '2021-03-18 21:38:11');
INSERT INTO `sys_role_permission` VALUES ('1372542854724640777', '1', '784480084256882692', '2021-03-18 21:38:11');
INSERT INTO `sys_role_permission` VALUES ('1372542854724640778', '1', '1346239294743543809', '2021-03-18 21:38:11');
INSERT INTO `sys_role_permission` VALUES ('1372542854724640779', '1', '1346451957448769537', '2021-03-18 21:38:11');
INSERT INTO `sys_role_permission` VALUES ('1372542854724640780', '1', '784480084118470656', '2021-03-18 21:38:11');
INSERT INTO `sys_role_permission` VALUES ('1372542854724640781', '1', '1346636399928680450', '2021-03-18 21:38:11');
INSERT INTO `sys_role_permission` VALUES ('1372542854724640782', '1', '1347504949065211906', '2021-03-18 21:38:11');
INSERT INTO `sys_role_permission` VALUES ('1372542854724640783', '1', '1346636197545123842', '2021-03-18 21:38:11');
INSERT INTO `sys_role_permission` VALUES ('1372542854724640784', '1', '1346999702114848769', '2021-03-18 21:38:11');
INSERT INTO `sys_role_permission` VALUES ('1372542854724640785', '1', '784480084118470660', '2021-03-18 21:38:11');
INSERT INTO `sys_role_permission` VALUES ('1372542854724640786', '1', '784480084118470657', '2021-03-18 21:38:11');
INSERT INTO `sys_role_permission` VALUES ('1372542854733029377', '1', '784480084118470658', '2021-03-18 21:38:11');
INSERT INTO `sys_role_permission` VALUES ('1372542854733029378', '1', '784480084118470659', '2021-03-18 21:38:11');
INSERT INTO `sys_role_permission` VALUES ('1372542854754000898', '1', '796792186363445250', '2021-03-18 21:38:11');
INSERT INTO `sys_role_permission` VALUES ('1372542854754000899', '1', '796792186363445252', '2021-03-18 21:38:11');
INSERT INTO `sys_role_permission` VALUES ('1372542854754000900', '1', '1334808707124068353', '2021-03-18 21:38:11');
INSERT INTO `sys_role_permission` VALUES ('1372542854754000901', '1', '801109371802091520', '2021-03-18 21:38:11');
INSERT INTO `sys_role_permission` VALUES ('1372542854754000902', '1', '801109371802091521', '2021-03-18 21:38:11');
INSERT INTO `sys_role_permission` VALUES ('1372542854754000903', '1', '801109371802091522', '2021-03-18 21:38:11');
INSERT INTO `sys_role_permission` VALUES ('1372542854754000904', '1', '801109371802091523', '2021-03-18 21:38:11');
INSERT INTO `sys_role_permission` VALUES ('1372542854754000905', '1', '801109371802091524', '2021-03-18 21:38:11');
INSERT INTO `sys_role_permission` VALUES ('1372542854754000906', '1', '801820889640337409', '2021-03-18 21:38:11');
INSERT INTO `sys_role_permission` VALUES ('1372542854754000907', '1', '801820889640337410', '2021-03-18 21:38:11');
INSERT INTO `sys_role_permission` VALUES ('1372542854754000908', '1', '801820889640337411', '2021-03-18 21:38:11');
INSERT INTO `sys_role_permission` VALUES ('1372542854762389506', '1', '801820889640337412', '2021-03-18 21:38:11');
INSERT INTO `sys_role_permission` VALUES ('1372542854762389507', '1', '813029778847170561', '2021-03-18 21:38:11');
INSERT INTO `sys_role_permission` VALUES ('1372542854762389508', '1', '813029778847170562', '2021-03-18 21:38:11');
INSERT INTO `sys_role_permission` VALUES ('1372542854762389509', '1', '813029778847170563', '2021-03-18 21:38:11');
INSERT INTO `sys_role_permission` VALUES ('1372542854762389510', '1', '813029778847170564', '2021-03-18 21:38:11');
INSERT INTO `sys_role_permission` VALUES ('1372542854762389511', '1', '801109371525267457', '2021-03-18 21:38:11');
INSERT INTO `sys_role_permission` VALUES ('1372542854762389512', '1', '801109371525267458', '2021-03-18 21:38:11');
INSERT INTO `sys_role_permission` VALUES ('1372542854762389513', '1', '801109371525267459', '2021-03-18 21:38:11');
INSERT INTO `sys_role_permission` VALUES ('1372542854762389514', '1', '801109371525267460', '2021-03-18 21:38:11');
INSERT INTO `sys_role_permission` VALUES ('1372542854762389515', '1', '1358249691529498626', '2021-03-18 21:38:11');
INSERT INTO `sys_role_permission` VALUES ('1372542854766583810', '1', '1361134000829521922', '2021-03-18 21:38:11');
INSERT INTO `sys_role_permission` VALUES ('1372542854766583811', '1', '807924900420386816', '2021-03-18 21:38:11');
INSERT INTO `sys_role_permission` VALUES ('1372542854766583812', '1', '807924900420386817', '2021-03-18 21:38:11');
INSERT INTO `sys_role_permission` VALUES ('1372542854766583813', '1', '807924900420386818', '2021-03-18 21:38:11');
INSERT INTO `sys_role_permission` VALUES ('1372542854766583814', '1', '807924900420386819', '2021-03-18 21:38:11');
INSERT INTO `sys_role_permission` VALUES ('1372542854766583815', '1', '807924900420386820', '2021-03-18 21:38:11');
INSERT INTO `sys_role_permission` VALUES ('1372542854766583816', '1', '1358222664411832321', '2021-03-18 21:38:11');
INSERT INTO `sys_role_permission` VALUES ('1372542854766583817', '1', '1363853476443750402', '2021-03-18 21:38:11');
INSERT INTO `sys_role_permission` VALUES ('1372542854766583818', '1', '1363853679435481089', '2021-03-18 21:38:11');
INSERT INTO `sys_role_permission` VALUES ('1372542854766583819', '1', '1363853836570886146', '2021-03-18 21:38:11');
INSERT INTO `sys_role_permission` VALUES ('1372542854766583820', '1', '1363853954212724738', '2021-03-18 21:38:11');
INSERT INTO `sys_role_permission` VALUES ('1372542854766583821', '1', '1363854667705778178', '2021-03-18 21:38:11');
INSERT INTO `sys_role_permission` VALUES ('1372542854766583822', '1', '1363855111060488194', '2021-03-18 21:38:11');
INSERT INTO `sys_role_permission` VALUES ('1372542854766583823', '1', '1363855345006182401', '2021-03-18 21:38:11');
INSERT INTO `sys_role_permission` VALUES ('1372542854766583824', '1', '1334822791945027585', '2021-03-18 21:38:11');
INSERT INTO `sys_role_permission` VALUES ('1372542854766583825', '1', '784480084634370048', '2021-03-18 21:38:11');
INSERT INTO `sys_role_permission` VALUES ('1372542854766583826', '1', '784480084634370049', '2021-03-18 21:38:11');
INSERT INTO `sys_role_permission` VALUES ('1372542854774972417', '1', '784480084634370050', '2021-03-18 21:38:11');
INSERT INTO `sys_role_permission` VALUES ('1372542854774972418', '1', '784480084634370051', '2021-03-18 21:38:11');
INSERT INTO `sys_role_permission` VALUES ('1372542854774972419', '1', '784480084634370052', '2021-03-18 21:38:11');
INSERT INTO `sys_role_permission` VALUES ('1372542854774972420', '1', '784480084756004864', '2021-03-18 21:38:11');
INSERT INTO `sys_role_permission` VALUES ('1372542854774972421', '1', '784480084756004865', '2021-03-18 21:38:11');
INSERT INTO `sys_role_permission` VALUES ('1372542854774972422', '1', '784480084756004866', '2021-03-18 21:38:11');
INSERT INTO `sys_role_permission` VALUES ('1372542854774972423', '1', '784480084756004867', '2021-03-18 21:38:11');
INSERT INTO `sys_role_permission` VALUES ('1372542854774972424', '1', '784480084756004868', '2021-03-18 21:38:11');
INSERT INTO `sys_role_permission` VALUES ('1372542854774972425', '1', '784480084814725120', '2021-03-18 21:38:11');
INSERT INTO `sys_role_permission` VALUES ('1372542854774972426', '1', '784480084814725121', '2021-03-18 21:38:11');
INSERT INTO `sys_role_permission` VALUES ('1372542854774972427', '1', '784480084814725122', '2021-03-18 21:38:11');
INSERT INTO `sys_role_permission` VALUES ('1372542854774972428', '1', '784480084814725123', '2021-03-18 21:38:11');
INSERT INTO `sys_role_permission` VALUES ('1372542854774972429', '1', '784480084814725124', '2021-03-18 21:38:11');
INSERT INTO `sys_role_permission` VALUES ('1372542854774972430', '1', '1371731883433205762', '2021-03-18 21:38:11');
INSERT INTO `sys_role_permission` VALUES ('1372542854774972431', '1', '1372542780837781506', '2021-03-18 21:38:11');
INSERT INTO `sys_role_permission` VALUES ('1372542854774972432', '1', '784480084491763712', '2021-03-18 21:38:11');
INSERT INTO `sys_role_permission` VALUES ('1372542854774972433', '1', '784480084491763713', '2021-03-18 21:38:11');
INSERT INTO `sys_role_permission` VALUES ('1372542854774972434', '1', '784480084491763714', '2021-03-18 21:38:11');
INSERT INTO `sys_role_permission` VALUES ('1372542854774972435', '1', '784480084491763715', '2021-03-18 21:38:11');
INSERT INTO `sys_role_permission` VALUES ('1372542854774972436', '1', '784480084491763716', '2021-03-18 21:38:11');
INSERT INTO `sys_role_permission` VALUES ('1372542854783361025', '1', '1339549078235017217', '2021-03-18 21:38:11');
INSERT INTO `sys_role_permission` VALUES ('1372542854783361026', '1', '784480084932165632', '2021-03-18 21:38:11');
INSERT INTO `sys_role_permission` VALUES ('1372542854783361027', '1', '784480084932165633', '2021-03-18 21:38:11');
INSERT INTO `sys_role_permission` VALUES ('1372542854783361028', '1', '784480084932165634', '2021-03-18 21:38:11');
INSERT INTO `sys_role_permission` VALUES ('1372542854783361029', '1', '784480084932165635', '2021-03-18 21:38:11');
INSERT INTO `sys_role_permission` VALUES ('1372542854783361030', '1', '784480084932165636', '2021-03-18 21:38:11');
INSERT INTO `sys_role_permission` VALUES ('1372542854783361031', '1', '1335060861890002945', '2021-03-18 21:38:11');
INSERT INTO `sys_role_permission` VALUES ('1372542854783361032', '1', '784480084986691584', '2021-03-18 21:38:11');
INSERT INTO `sys_role_permission` VALUES ('1372542854783361033', '1', '784480084986691585', '2021-03-18 21:38:11');
INSERT INTO `sys_role_permission` VALUES ('1372542854783361034', '1', '784480084986691586', '2021-03-18 21:38:11');
INSERT INTO `sys_role_permission` VALUES ('1372542854783361035', '1', '784480084986691587', '2021-03-18 21:38:11');
INSERT INTO `sys_role_permission` VALUES ('1372542854787555330', '1', '784480084986691588', '2021-03-18 21:38:11');
INSERT INTO `sys_role_permission` VALUES ('1372542854787555331', '1', '784480085104132096', '2021-03-18 21:38:11');
INSERT INTO `sys_role_permission` VALUES ('1372542854787555332', '1', '784480085104132097', '2021-03-18 21:38:11');
INSERT INTO `sys_role_permission` VALUES ('1372542854787555333', '1', '784480085104132098', '2021-03-18 21:38:11');
INSERT INTO `sys_role_permission` VALUES ('1372542854787555334', '1', '784480085104132099', '2021-03-18 21:38:11');
INSERT INTO `sys_role_permission` VALUES ('1372542854787555335', '1', '784480085104132100', '2021-03-18 21:38:11');
INSERT INTO `sys_role_permission` VALUES ('1372542854787555336', '1', '796380986987249664', '2021-03-18 21:38:11');
INSERT INTO `sys_role_permission` VALUES ('1372542854787555337', '1', '796380986987249665', '2021-03-18 21:38:11');
INSERT INTO `sys_role_permission` VALUES ('1372542854787555338', '1', '796380986987249666', '2021-03-18 21:38:11');
INSERT INTO `sys_role_permission` VALUES ('1372542854787555339', '1', '796380986987249667', '2021-03-18 21:38:11');
INSERT INTO `sys_role_permission` VALUES ('1372542854791749633', '1', '796380986987249668', '2021-03-18 21:38:11');
INSERT INTO `sys_role_permission` VALUES ('1372542854791749634', '1', '54', '2021-03-18 21:38:11');
INSERT INTO `sys_role_permission` VALUES ('1372542854791749635', '1', '15', '2021-03-18 21:38:11');
INSERT INTO `sys_role_permission` VALUES ('1372542854791749636', '1', '1', '2021-03-18 21:38:11');
INSERT INTO `sys_role_permission` VALUES ('1372542854791749637', '1', '4', '2021-03-18 21:38:11');
INSERT INTO `sys_role_permission` VALUES ('1372542854791749638', '1', '16', '2021-03-18 21:38:11');
INSERT INTO `sys_role_permission` VALUES ('1372542854791749639', '1', '20', '2021-03-18 21:38:11');
INSERT INTO `sys_role_permission` VALUES ('1372542854791749640', '1', '27', '2021-03-18 21:38:11');
INSERT INTO `sys_role_permission` VALUES ('1372542854791749641', '1', '28', '2021-03-18 21:38:11');
INSERT INTO `sys_role_permission` VALUES ('1372542854791749642', '1', '29', '2021-03-18 21:38:11');
INSERT INTO `sys_role_permission` VALUES ('1372542854791749643', '1', '30', '2021-03-18 21:38:11');
INSERT INTO `sys_role_permission` VALUES ('1372542854791749644', '1', '31', '2021-03-18 21:38:11');
INSERT INTO `sys_role_permission` VALUES ('1372542854791749645', '1', '32', '2021-03-18 21:38:11');
INSERT INTO `sys_role_permission` VALUES ('1372542854791749646', '1', '33', '2021-03-18 21:38:11');
INSERT INTO `sys_role_permission` VALUES ('1372542854791749647', '1', '34', '2021-03-18 21:38:11');
INSERT INTO `sys_role_permission` VALUES ('1372542854791749648', '1', '35', '2021-03-18 21:38:11');
INSERT INTO `sys_role_permission` VALUES ('1372542854791749649', '1', '45', '2021-03-18 21:38:11');
INSERT INTO `sys_role_permission` VALUES ('1372542854791749650', '1', '46', '2021-03-18 21:38:11');
INSERT INTO `sys_role_permission` VALUES ('1372542854791749651', '1', '47', '2021-03-18 21:38:11');
INSERT INTO `sys_role_permission` VALUES ('1372542854791749652', '1', '48', '2021-03-18 21:38:11');
INSERT INTO `sys_role_permission` VALUES ('1372542854791749653', '1', '49', '2021-03-18 21:38:11');
INSERT INTO `sys_role_permission` VALUES ('1372542854800138242', '1', '1339410383213309953', '2021-03-18 21:38:11');
INSERT INTO `sys_role_permission` VALUES ('1372542854800138243', '1', '59', '2021-03-18 21:38:11');
INSERT INTO `sys_role_permission` VALUES ('1372542854800138244', '1', '60', '2021-03-18 21:38:11');
INSERT INTO `sys_role_permission` VALUES ('1372542854800138245', '1', '61', '2021-03-18 21:38:11');
INSERT INTO `sys_role_permission` VALUES ('1372542854800138246', '1', '62', '2021-03-18 21:38:11');
INSERT INTO `sys_role_permission` VALUES ('1372542854800138247', '1', '63', '2021-03-18 21:38:11');
INSERT INTO `sys_role_permission` VALUES ('1372542854800138248', '1', '55', '2021-03-18 21:38:11');
INSERT INTO `sys_role_permission` VALUES ('1372542854800138249', '1', '18', '2021-03-18 21:38:11');
INSERT INTO `sys_role_permission` VALUES ('1372542854800138250', '1', '14', '2021-03-18 21:38:11');
INSERT INTO `sys_role_permission` VALUES ('1372542854800138251', '1', '8', '2021-03-18 21:38:11');
INSERT INTO `sys_role_permission` VALUES ('1372542854800138252', '1', '7', '2021-03-18 21:38:11');
INSERT INTO `sys_role_permission` VALUES ('1372542854800138253', '1', '58', '2021-03-18 21:38:11');
INSERT INTO `sys_role_permission` VALUES ('1372542854800138254', '1', '21', '2021-03-18 21:38:11');
INSERT INTO `sys_role_permission` VALUES ('1372542854800138255', '1', '50', '2021-03-18 21:38:11');
INSERT INTO `sys_role_permission` VALUES ('1372542854800138256', '1', '2', '2021-03-18 21:38:11');
INSERT INTO `sys_role_permission` VALUES ('1372542854800138257', '1', '6', '2021-03-18 21:38:11');

-- ----------------------------
-- Table structure for `sys_user`
-- ----------------------------
DROP TABLE IF EXISTS `sys_user`;
CREATE TABLE `sys_user` (
  `id` varchar(64) NOT NULL COMMENT '用户id',
  `username` varchar(50) NOT NULL COMMENT '账户名称(工号)',
  `salt` varchar(20) DEFAULT NULL COMMENT '加密盐值',
  `password` varchar(200) NOT NULL COMMENT '用户密码密文',
  `phone` varchar(20) DEFAULT NULL COMMENT '手机号码',
  `dept_id` varchar(64) DEFAULT NULL COMMENT '部门id',
  `real_name` varchar(60) DEFAULT NULL COMMENT '真实名称',
  `nick_name` varchar(60) DEFAULT NULL COMMENT '昵称',
  `email` varchar(50) DEFAULT NULL COMMENT '邮箱(唯一)',
  `status` tinyint DEFAULT NULL COMMENT '账户状态(1.正常 2.锁定 )',
  `age` tinyint DEFAULT NULL,
  `major` varchar(64) DEFAULT NULL COMMENT '专业',
  `university` varchar(64) DEFAULT NULL COMMENT '毕业院校',
  `education` int DEFAULT NULL COMMENT '学历（字典中）',
  `qualification_img` varchar(255) DEFAULT NULL COMMENT '教师资格证图片地址',
  `self_evaluation` varchar(255) DEFAULT NULL COMMENT '自我评价',
  `profile` varchar(255) DEFAULT NULL COMMENT '个人简介',
  `sex` tinyint DEFAULT NULL COMMENT '性别(1.男 2.女)',
  `deleted` tinyint DEFAULT NULL COMMENT '是否删除(1未删除；0已删除)',
  `create_id` varchar(64) DEFAULT NULL COMMENT '创建人',
  `update_id` varchar(64) DEFAULT NULL COMMENT '更新人',
  `create_where` tinyint DEFAULT NULL COMMENT '创建来源(1.web 2.android 3.ios )',
  `create_time` datetime DEFAULT NULL COMMENT '创建时间',
  `update_time` datetime DEFAULT NULL,
  PRIMARY KEY (`id`)
) ENGINE=InnoDB DEFAULT CHARSET=utf8mb3 COMMENT='系统用户';

-- ----------------------------
-- Records of sys_user
-- ----------------------------
INSERT INTO `sys_user` VALUES ('1', 'admin', '324ce32d86224b00a02b', '2102b59a75ab87616b62d0b9432569d0', '13888888888', '1', '爱糖宝', '爱糖宝', 'xxxxxx@163.com', '1', null, '软件工程', '四川大学', '2', 'http://localhost:8080/files/20201216/7b3adef0b8154b8b9f11c0fda230d1d1.png', null, null, '2', '1', '1', '1', '3', '2019-09-22 19:38:05', '2020-12-16 21:34:58');
INSERT INTO `sys_user` VALUES ('1339193680802070530', 'LX0001', 'f30280f310f24fa99a8f', '39e2e9fe61c9482aa0e1d455e77edbf1', '18288029217', '1331121936392425474', '任思毓', null, '', '1', null, '软件工程', '西华大学', '3', 'http://localhost:8080/files/20201216/7be5986753d049ef95ded71f2da1df56.png', null, null, '1', '1', null, '1', '1', '2020-12-16 21:00:29', '2021-03-01 21:34:58');
INSERT INTO `sys_user` VALUES ('1341347517557407746', '1001', 'f1aee20b396c4677b30b', '07c29b50382182cdf394d2c56d507a83', '12564678487', '', '李四', null, '', '1', null, '软件工程', '西华大学', '3', '', null, null, '2', '1', null, null, '1', '2020-12-22 19:39:03', '2020-12-22 19:39:03');
INSERT INTO `sys_user` VALUES ('1341347664207052802', '1002', '7afa1509c75a48c192bd', '287395988b8b46b0d26baaa3be68c265', '185812253', '', '赵四', null, '', '1', null, '', '西华大学', '3', '', null, null, '2', '1', null, null, '1', '2020-12-22 19:39:38', '2020-12-22 19:39:38');
INSERT INTO `sys_user` VALUES ('1341347778094989313', '1003', '2ee397ce16f4493ebeb6', 'f36f9c768098427559c7a6332189fae5', '1235861231', '1331121936392425474', '胥娜娜', null, '', '1', null, '', '西华大学', null, '', null, null, '2', '1', null, '1', '1', '2020-12-22 19:40:05', '2021-03-01 21:34:24');
INSERT INTO `sys_user` VALUES ('1347029303025238018', '10101', 'fbf889a31908441d98fe', '4db21a231d7fe0e4aae65fa6f545e2b5', '', '1331121936392425474', '阳廷', null, '', '1', null, '', '', null, '', null, null, '2', '1', null, '1', '1', '2021-01-07 11:56:27', '2021-03-01 21:34:00');
INSERT INTO `sys_user` VALUES ('1347029397187362817', '10102', '9f679081fcad4efba097', 'ed6ce51cde41ff41d8778d471dfb3fbb', '', '1331121936392425474', '郑丹', null, '', '1', null, '', '', null, '', null, null, '2', '1', null, '1', '1', '2021-01-07 11:56:49', '2021-03-01 21:33:41');
INSERT INTO `sys_user` VALUES ('1347029461406351361', '10103', '3d91168bc9734658af32', 'e631b1e84359eb98811e1177fa5d0320', '', '1331121936392425474', '孙堰婷', null, '', '1', null, '', '', null, '', null, null, '2', '1', null, '1', '1', '2021-01-07 11:57:04', '2021-03-01 21:33:22');
INSERT INTO `sys_user` VALUES ('1347029568935723009', '10104', '58a6715b772d49b6b56b', '14d40c152a5bf0a3fe6c9581f2bcef49', '', '1331121936392425474', '陈蕾伊', null, '', '1', null, '', '', null, '', null, null, '1', '1', null, '1', '1', '2021-01-07 11:57:30', '2021-03-01 21:32:38');
INSERT INTO `sys_user` VALUES ('1347029691988213762', '10105', '4b6a477dac444b5ebc82', '5a226b139847467f1952d327280a785a', '', '1331121936392425474', '杨萍', null, '', '1', null, '', '', null, '', null, null, '1', '1', null, '1', '1', '2021-01-07 11:57:59', '2021-03-01 21:32:17');
INSERT INTO `sys_user` VALUES ('1347029758249828353', '10106', '0be908434414452598c0', '88d63d4cc5313cda3b8af70b6870f9d5', '', '1331121936392425474', '周敏', null, '', '1', null, '', '', null, '', null, null, '2', '1', null, '1', '1', '2021-01-07 11:58:15', '2021-03-01 21:32:03');
INSERT INTO `sys_user` VALUES ('1347029907218923522', '10107', '3ab3e0505da54d88978f', '6f9f2f844502f36d5737c6c8592eae52', '', '1331121936392425474', '孙东梅', null, '', '1', null, '', '', null, '', null, null, '2', '1', null, '1', '1', '2021-01-07 11:58:51', '2021-03-01 21:31:50');
INSERT INTO `sys_user` VALUES ('1347029956531355649', '10108', '13ee6567a22d4fd494bc', 'bbd59a07481db22a87779bb77c4a8cee', '', '1331121875856035841', '梅超风', null, '', '1', null, '', '', null, '', null, null, '2', '0', null, '1', '1', '2021-01-07 11:59:02', '2021-02-16 21:11:47');
INSERT INTO `sys_user` VALUES ('1361656875160317953', 'lx001', '8b0639f919774648991f', 'd9cced7b67d615e9a0f7fb6d46f82184', '', '1331121936392425474', '刘娱', null, '', '1', null, '', '', null, '', null, null, '2', '1', null, '1', '1', '2021-02-16 20:41:12', '2021-03-01 21:31:36');
INSERT INTO `sys_user` VALUES ('1361657051421749249', 'lx002', '4f8f080b8bb44df88b1b', 'a42e0d50a93fd405035fdec672b83c2c', '', '1331121936392425474', '黎蔓', null, '', '1', null, '', '', null, '', null, null, '2', '1', null, '1', '1', '2021-02-16 20:41:54', '2021-03-01 21:31:22');
INSERT INTO `sys_user` VALUES ('1361659072786870273', 'lx003', 'a072d464f4374341b7c7', 'bd958189f31d86cb3a63d070e7378732', '', '1331121936392425474', '黄莎', null, '', '1', null, '', '', null, '', null, null, '2', '1', null, '1', '1', '2021-02-16 20:49:56', '2021-03-01 21:31:09');
INSERT INTO `sys_user` VALUES ('1361659221915348994', 'lx004', '7266f8e60f064c0f9ef7', '0aa3ebcab6e5c5ad4a2b9a2b714c3b49', '', '1331121936392425474', '梅宝琳', null, '', '1', null, '', '', null, '', null, null, '2', '1', null, '1', '1', '2021-02-16 20:50:32', '2021-03-01 21:30:58');
INSERT INTO `sys_user` VALUES ('1361659438731505666', 'lx005', 'ab13381d6beb46278cd5', '0ca084799df68f2cefd88f798b78d996', '', '1331121936392425474', '胡小辉', null, '', '1', null, '', '', null, '', null, null, '2', '1', null, '1', '1', '2021-02-16 20:51:23', '2021-03-01 21:30:45');
INSERT INTO `sys_user` VALUES ('1361659512253460482', 'lx006', 'ec286fa5ba594f65a87c', '22bef62b78b6de864f71c86281b5e456', '', '1331121936392425474', '张峻榕', null, '', '1', null, '', '', null, '', null, null, '2', '1', null, '1', '1', '2021-02-16 20:51:41', '2021-03-01 21:30:29');
INSERT INTO `sys_user` VALUES ('1361663469436678145', 'lx007', '059da086221e4723927b', '0769f477b5b0d4cd0e1b607f00529af5', '', '1331121936392425474', '罗娜', null, '', '1', null, '', '', null, '', null, null, '2', '1', null, '1', '1', '2021-02-16 21:07:24', '2021-03-23 18:33:41');
INSERT INTO `sys_user` VALUES ('1361663636822962178', 'lx008', '20bcbaca3dc84204b7d2', 'abf32c3b794a5b7f7ea87bfb19b8938a', '', '1331121936392425474', '梁金梅', null, '', '1', null, '', '', null, '', null, null, '2', '1', null, '1', '1', '2021-02-16 21:08:04', '2021-03-01 21:29:53');
INSERT INTO `sys_user` VALUES ('1361663771472703489', 'lx009', 'c5498c904abf476a94f8', 'd93cb97d6d8a3a06d80b8a810352a07d', '', '1331121936392425474', '陈雪莲', null, '', '1', null, '', '', null, '', null, null, '2', '1', null, '1', '1', '2021-02-16 21:08:36', '2021-03-01 21:29:32');
INSERT INTO `sys_user` VALUES ('1361664147697577985', 'lx010', '13bdb30546984b55a3f3', 'a6a3e1f547a44f96baea3997d5c55eea', '', '1331121875856035841', '刘德华', null, '', '1', null, '', '', null, '', null, null, '2', '0', null, '1', '1', '2021-02-16 21:10:06', '2021-02-16 21:11:00');
INSERT INTO `sys_user` VALUES ('1361664481169911810', 'lx011', '3cd4d9d81f0a419bba52', '9d8b9026078ed6783f091a17973e9f64', '', '1331121875856035841', '周芷若', null, '', '1', null, '', '', null, '', null, null, '2', '0', null, null, '1', '2021-02-16 21:11:25', '2021-02-16 21:11:25');
INSERT INTO `sys_user` VALUES ('1361664651475431425', 'lx012', '104ac9a892a64eab9dcf', 'f8041de2d853b990d859e469cf50da81', '', '1331121875856035841', '张无忌', null, '', '1', null, '', '', null, '', null, null, '2', '0', null, null, '1', '2021-02-16 21:12:06', '2021-02-16 21:12:06');
INSERT INTO `sys_user` VALUES ('1361664758438572034', 'lx013', '7fba38599a2a4ef19371', '26ef59f99587ba1130443ddeee8bcc71', '', '1331121875856035841', '杨不悔', null, '', '1', null, '', '', null, '', null, null, '2', '0', null, null, '1', '2021-02-16 21:12:32', '2021-02-16 21:12:32');
INSERT INTO `sys_user` VALUES ('1361664821860642817', 'lx014', 'a09a0686a7d8497681ee', 'e079737b357b796ec29df8feb09e7703', '', '1331121875856035841', '阳顶天', null, '', '1', null, '', '', null, '', null, null, '2', '0', null, null, '1', '2021-02-16 21:12:47', '2021-02-16 21:12:47');
INSERT INTO `sys_user` VALUES ('1361664933613678594', 'lx015', 'a10ea1f3deba420b960a', 'b7564923ae8f1ff36adf85e5d667e9db', '', '1331121875856035841', '姜子牙', null, '', '1', null, '', '', null, '', null, null, '2', '0', null, null, '1', '2021-02-16 21:13:13', '2021-02-16 21:13:13');
INSERT INTO `sys_user` VALUES ('1361665014207229953', 'lx016', '190add6d48ba4feab657', '8611c0632aacf01d950139d302ff1385', '', '1331121875856035841', '杨戬', null, '', '1', null, '', '', null, '', null, null, '2', '0', null, null, '1', '2021-02-16 21:13:33', '2021-02-16 21:13:33');
INSERT INTO `sys_user` VALUES ('1361665123712118786', 'lx017', 'ac90ac18adf4495da02c', '939e1fc5d64c7f9bc9ae61abbe6327be', '', '1331121875856035841', '哪吒', null, '', '1', null, '', '', null, '', null, null, '2', '0', null, null, '1', '2021-02-16 21:13:59', '2021-02-16 21:13:59');
INSERT INTO `sys_user` VALUES ('1361665255002222593', 'lx019', '31dc23c257b949e69310', '07aa0e287f9499f0fffc3c6e5efa85da', '', '1331121875856035841', '王朝', null, '', '1', null, '', '', null, '', null, null, '2', '0', null, null, '1', '2021-02-16 21:14:30', '2021-02-16 21:14:30');
INSERT INTO `sys_user` VALUES ('1361665323801391105', 'lx020', 'c9cbd1d8dec2441d8819', '265482718a5911bc86fca45ca801bfb5', '', '1331121875856035841', '马汉', null, '', '1', null, '', '', null, '', null, null, '2', '0', null, null, '1', '2021-02-16 21:14:46', '2021-02-16 21:14:46');
INSERT INTO `sys_user` VALUES ('1361665450431623169', 'lx021', 'bc7cb4f536f84bb6ac5e', '656a25cac167d227a69e552a6b9a30e9', '', '1331121875856035841', '伍景良', null, '', '1', null, '', '', null, '', null, null, '2', '1', null, '1', '1', '2021-02-16 21:15:17', '2021-03-01 21:44:16');
INSERT INTO `sys_user` VALUES ('1361665545919148034', 'lx022', '1e6404fd1b4d43628ebf', '77f1d2b432e9a5a598faca3903f47741', '', '1331121875856035841', '张仁朋', null, '', '1', null, '', '', null, '', null, null, '2', '1', null, '1', '1', '2021-02-16 21:15:39', '2021-03-01 21:43:57');
INSERT INTO `sys_user` VALUES ('1361665609941004290', 'lx023', '024363c03d5041129d9c', '9ac83275c9bc46b23aa48599dbb3e876', '', '1331121875856035841', '李崇', null, '', '1', null, '', '', null, '', null, null, '2', '1', null, '1', '1', '2021-02-16 21:15:55', '2021-03-01 21:43:43');
INSERT INTO `sys_user` VALUES ('1361665692078059522', 'lx024', 'e66a243ee01748a38d47', 'c0754f93bfb6c806254a17c2fad946f8', '', '1331121875856035841', '李涛', null, '', '1', null, '', '', null, '', null, null, '2', '1', null, '1', '1', '2021-02-16 21:16:14', '2021-03-01 21:43:30');
INSERT INTO `sys_user` VALUES ('1361665760709455874', 'lx025', '6e08b010653c45bf8a42', '048403e9a9e8299e877bedd6529f7952', '', '1331121875856035841', '唐凌', null, '', '1', null, '', '', null, '', null, null, '2', '1', null, '1', '1', '2021-02-16 21:16:31', '2021-03-01 21:43:17');
INSERT INTO `sys_user` VALUES ('1361665829219217409', 'lx026', '4aec4d992dfa474cb2d4', 'ab3afee0ead4e4b81c53b0555b7f1885', '', '1331121875856035841', '熊金凤', null, '', '1', null, '', '', null, '', null, null, '2', '1', null, '1', '1', '2021-02-16 21:16:47', '2021-03-01 21:42:55');
INSERT INTO `sys_user` VALUES ('1361665952867299329', 'lx027', '9c6de5ba727b4ae1a606', 'b987c9a5cb77d288430913867b0895d5', '', '1331121875856035841', '唐金恒', null, '', '1', null, '', '', null, '', null, null, '2', '1', null, '1', '1', '2021-02-16 21:17:16', '2021-03-01 21:42:43');
INSERT INTO `sys_user` VALUES ('1361666022236893186', 'lx028', '1298f8c0b75740f7af50', '539e87a864d8ee583d965ddcbb96fdb2', '', '1331121875856035841', '李游航', null, '', '1', null, '', '', null, '', null, null, '2', '1', null, '1', '1', '2021-02-16 21:17:33', '2021-03-01 21:42:27');
INSERT INTO `sys_user` VALUES ('1361666112917745666', 'lx029', 'b93de2e27c784c818fe2', 'ab12c1f4c7b739d85746d71a6ea826d9', '', '1331121875856035841', '张玉莲', null, '', '1', null, '', '', null, '', null, null, '2', '1', null, '1', '1', '2021-02-16 21:17:55', '2021-03-01 21:42:14');
INSERT INTO `sys_user` VALUES ('1361666154869174273', 'lx030', 'd52eaaf17c81423e8fbe', 'fd73e0de0f1249bf5cc94d42b77ee82a', '', '1331121875856035841', '胡蒙', null, '', '1', null, '', '', null, '', null, null, '2', '1', null, '1', '1', '2021-02-16 21:18:05', '2021-03-01 21:42:05');
INSERT INTO `sys_user` VALUES ('1361666211404197889', 'lx031', 'aff0a85be67c409596d0', '07462af8f2a5bf1095b33806d28e2758', '', '1331121875856035841', '黄国林', null, '', '1', null, '', '', null, '', null, null, '2', '1', null, '1', '1', '2021-02-16 21:18:18', '2021-03-01 21:41:47');
INSERT INTO `sys_user` VALUES ('1361666288046714882', 'lx032', '90c9be13a9af43a8ab3e', '68e002edabd9fce27698427e84b27ac9', '', '1331121875856035841', '郑霞', null, '', '1', null, '', '', null, '', null, null, '2', '1', null, '1', '1', '2021-02-16 21:18:36', '2021-03-01 21:41:37');
INSERT INTO `sys_user` VALUES ('1361666331373875201', 'lx033', 'c54772cfb98d41b0810f', 'e8b73a7c63840eb71891a42add9cddbc', '', '1331121875856035841', '谢清', null, '', '1', null, '', '', null, '', null, null, '2', '1', null, '1', '1', '2021-02-16 21:18:47', '2021-03-01 21:41:26');
INSERT INTO `sys_user` VALUES ('1361666422490935298', 'lx034', 'f67ac6683efd49dfad84', '9a181efb178ed391e6fabb61ce01e930', '', '1331121875856035841', '胡青青', null, '', '1', null, '', '', null, '', null, null, '2', '1', null, '1', '1', '2021-02-16 21:19:08', '2021-03-01 21:41:16');
INSERT INTO `sys_user` VALUES ('1361666523825319938', 'lx035', '189eb5c71d7d44399cc7', '9d076022da3cb8c5b4807ec92eb9ce6a', '', '1331121875856035841', '尹江雪', null, '', '1', null, '', '', null, '', null, null, '2', '1', null, '1', '1', '2021-02-16 21:19:32', '2021-03-01 21:41:05');
INSERT INTO `sys_user` VALUES ('1362621673870397441', 'test', '3f062ff3fffc4d288855', '720204e42a027bb3630eb59d666687b6', '', '1', '测试', null, '', '1', null, '', '', null, '', null, null, '2', '1', null, '1', '1', '2021-02-19 12:34:58', '2021-02-19 12:36:44');
INSERT INTO `sys_user` VALUES ('1366381595218206722', 'lx202001', '691e937ac2624b2ba071', '07c760a76bf97cbfacd0f2842ff206fe', '', '1331121936392425474', '邵云霞', null, '', '1', null, '', '', null, '', null, null, '2', '1', null, null, '1', '2021-03-01 21:35:33', '2021-03-01 21:35:33');
INSERT INTO `sys_user` VALUES ('1366381749862195202', 'lx2020002', '8741d98d45234a33bb69', 'db0eca65c4fef089020fdcf1f258191e', '', '1331121936392425474', '杨倩玉', null, '', '1', null, '', '', null, '', null, null, '2', '1', null, null, '1', '2021-03-01 21:36:09', '2021-03-01 21:36:09');
INSERT INTO `sys_user` VALUES ('1366381856884056066', 'lx2020003', '455d989197ad45339b41', '7b9d6b0c4df6e063bc70d2c039abaf46', '', '1331121936392425474', '骆文莉', null, '', '1', null, '', '', null, '', null, null, '2', '1', null, null, '1', '2021-03-01 21:36:35', '2021-03-01 21:36:35');
INSERT INTO `sys_user` VALUES ('1366381977948446721', 'lx2020004', '31c2cf40f1f44c278cd9', '2e50119aaa86fd4877f3fc860938e7d9', '', '1331121936392425474', '杨杨', null, '', '1', null, '', '', null, '', null, null, '2', '1', null, null, '1', '2021-03-01 21:37:04', '2021-03-01 21:37:04');
INSERT INTO `sys_user` VALUES ('1366382068172120066', 'lx2020005', 'cd50501f3c2541ef8956', '3097c8579d9df0f295cb9d7270668658', '', '1331121936392425474', '黄鹏', null, '', '1', null, '', '', null, '', null, null, '2', '1', null, null, '1', '2021-03-01 21:37:25', '2021-03-01 21:37:25');
INSERT INTO `sys_user` VALUES ('1366382171683348481', 'lx2020006', '690aa2a6765e4d68bd78', '26f58ad53f75c70c7540f3f33032a0b5', '', '1331121936392425474', '肖璐', null, '', '1', null, '', '', null, '', null, null, '2', '1', null, null, '1', '2021-03-01 21:37:50', '2021-03-01 21:37:50');
INSERT INTO `sys_user` VALUES ('1366382274997444610', 'lx2020007', '6f8a5096d1ee4e0cb96f', '3dab4104f8a2b8ddb48eac0cf268e225', '', '1331121936392425474', '李朝政', null, '', '1', null, '', '', null, '', null, null, '2', '1', null, null, '1', '2021-03-01 21:38:15', '2021-03-01 21:38:15');
INSERT INTO `sys_user` VALUES ('1366382347558903810', 'lx2020009', 'ccbee30d781640cd982a', '5c1e8f3043ca5acf857ca507da7ecc94', '', '1331121936392425474', '龙倩', null, '', '1', null, '', '', null, '', null, null, '2', '1', null, null, '1', '2021-03-01 21:38:32', '2021-03-01 21:38:32');
INSERT INTO `sys_user` VALUES ('1366382463191670786', 'lx2020010', '71d52969ef5f4e7a81e2', '300051b03de240703d2d020ca4ff203b', '', '1331121936392425474', '美术老师', null, '', '1', null, '', '', null, '', null, null, '2', '1', null, null, '1', '2021-03-01 21:39:00', '2021-03-01 21:39:00');
INSERT INTO `sys_user` VALUES ('1366382856869044226', 'lx2020011', 'b04a7e93211d4c598439', '71edf2c9f15fda8acd5175921e05a75f', '', '1331121936392425474', '肖得芳', null, '', '1', null, '', '', null, '', null, null, '2', '1', null, null, '1', '2021-03-01 21:40:33', '2021-03-01 21:40:33');
INSERT INTO `sys_user` VALUES ('1373945549079502849', 'lxxzc', 'ddcdfec4b3814fcfa13d', 'a6b1c6b4efea879b19ddfa712af27def', '', '1331121936392425474', '肖征翠', null, '', '1', null, '', '', null, '', null, null, '2', '1', null, '1', '1', '2021-03-22 18:32:00', '2021-03-22 18:33:45');
INSERT INTO `sys_user` VALUES ('2', 'root', '324ce32d86224b00a02b', '2102b59a75ab87616b62d0b9432569d0', '13888888888', '1', '张三', '昵称', 'xxxxxx@163.com', '1', null, null, null, null, null, null, null, '1', '1', '1', '1', '1', '2020-11-24 11:35:03', '2020-11-24 11:35:06');

-- ----------------------------
-- Table structure for `sys_user_role`
-- ----------------------------
DROP TABLE IF EXISTS `sys_user_role`;
CREATE TABLE `sys_user_role` (
  `id` varchar(64) NOT NULL COMMENT '用户id',
  `user_id` varchar(64) DEFAULT NULL,
  `role_id` varchar(64) DEFAULT NULL COMMENT '角色id',
  `create_time` datetime DEFAULT NULL COMMENT '创建时间',
  PRIMARY KEY (`id`)
) ENGINE=InnoDB DEFAULT CHARSET=utf8mb3 COMMENT='系统用户角色';

-- ----------------------------
-- Records of sys_user_role
-- ----------------------------
INSERT INTO `sys_user_role` VALUES ('1341347855987408897', '1341347778094989313', '1331087516021194754', '2020-12-22 19:40:24');
INSERT INTO `sys_user_role` VALUES ('1341347876925374466', '1341347664207052802', '1331087516021194754', '2020-12-22 19:40:29');
INSERT INTO `sys_user_role` VALUES ('1341347913080274945', '1341347517557407746', '1331087516021194754', '2020-12-22 19:40:38');
INSERT INTO `sys_user_role` VALUES ('1341347927772921857', '1339193680802070530', '1331087516021194754', '2020-12-22 19:40:41');
INSERT INTO `sys_user_role` VALUES ('1347030152292106241', '1347029907218923522', '1331087516021194754', '2021-01-07 11:59:49');
INSERT INTO `sys_user_role` VALUES ('1347030166162669570', '1347029758249828353', '1331087516021194754', '2021-01-07 11:59:52');
INSERT INTO `sys_user_role` VALUES ('1347030180804984834', '1347029691988213762', '1331087516021194754', '2021-01-07 11:59:56');
INSERT INTO `sys_user_role` VALUES ('1347030192037330946', '1347029568935723009', '1331087516021194754', '2021-01-07 11:59:59');
INSERT INTO `sys_user_role` VALUES ('1347030205761093634', '1347029461406351361', '1331087516021194754', '2021-01-07 12:00:02');
INSERT INTO `sys_user_role` VALUES ('1347030218658578434', '1347029397187362817', '1331087516021194754', '2021-01-07 12:00:05');
INSERT INTO `sys_user_role` VALUES ('1347030232160043009', '1347029303025238018', '1331087516021194754', '2021-01-07 12:00:08');
INSERT INTO `sys_user_role` VALUES ('1361646920889937921', '1347029956531355649', '1331087516021194754', '2021-02-16 20:01:39');
INSERT INTO `sys_user_role` VALUES ('1361648014034612226', '1', '1', '2021-02-16 20:05:59');
INSERT INTO `sys_user_role` VALUES ('1361656907481624577', '1361656875160317953', '1331087516021194754', '2021-02-16 20:41:20');
INSERT INTO `sys_user_role` VALUES ('1361657071608934402', '1361657051421749249', '1331087516021194754', '2021-02-16 20:41:59');
INSERT INTO `sys_user_role` VALUES ('1361659100435722241', '1361659072786870273', '1331087516021194754', '2021-02-16 20:50:03');
INSERT INTO `sys_user_role` VALUES ('1361659248897306625', '1361659221915348994', '1331087516021194754', '2021-02-16 20:50:38');
INSERT INTO `sys_user_role` VALUES ('1361659454644695041', '1361659438731505666', '1331087516021194754', '2021-02-16 20:51:27');
INSERT INTO `sys_user_role` VALUES ('1361659528607051778', '1361659512253460482', '1331087516021194754', '2021-02-16 20:51:45');
INSERT INTO `sys_user_role` VALUES ('1361663516194779137', '1361663469436678145', '1331087516021194754', '2021-02-16 21:07:35');
INSERT INTO `sys_user_role` VALUES ('1361663658142609409', '1361663636822962178', '1331087516021194754', '2021-02-16 21:08:09');
INSERT INTO `sys_user_role` VALUES ('1361664316484759553', '1361663771472703489', '1331087516021194754', '2021-02-16 21:10:46');
INSERT INTO `sys_user_role` VALUES ('1361664335019388929', '1361664147697577985', '1331087516021194754', '2021-02-16 21:10:51');
INSERT INTO `sys_user_role` VALUES ('1361664509577932801', '1361664481169911810', '1331087516021194754', '2021-02-16 21:11:32');
INSERT INTO `sys_user_role` VALUES ('1361664671960412162', '1361664651475431425', '1331087516021194754', '2021-02-16 21:12:11');
INSERT INTO `sys_user_role` VALUES ('1361664839334113282', '1361664821860642817', '1331087516021194754', '2021-02-16 21:12:51');
INSERT INTO `sys_user_role` VALUES ('1361664853460529154', '1361664758438572034', '1331087516021194754', '2021-02-16 21:12:54');
INSERT INTO `sys_user_role` VALUES ('1361665031911387137', '1361664933613678594', '1331087516021194754', '2021-02-16 21:13:37');
INSERT INTO `sys_user_role` VALUES ('1361665045106667521', '1361665014207229953', '1331087516021194754', '2021-02-16 21:13:40');
INSERT INTO `sys_user_role` VALUES ('1361665141634379778', '1361665123712118786', '1331087516021194754', '2021-02-16 21:14:03');
INSERT INTO `sys_user_role` VALUES ('1361665273905950722', '1361665255002222593', '1331087516021194754', '2021-02-16 21:14:34');
INSERT INTO `sys_user_role` VALUES ('1361665341102895106', '1361665323801391105', '1331087516021194754', '2021-02-16 21:14:50');
INSERT INTO `sys_user_role` VALUES ('1361665466705522689', '1361665450431623169', '1331087516021194754', '2021-02-16 21:15:20');
INSERT INTO `sys_user_role` VALUES ('1361665559584190465', '1361665545919148034', '1331087516021194754', '2021-02-16 21:15:43');
INSERT INTO `sys_user_role` VALUES ('1361665625279574017', '1361665609941004290', '1331087516021194754', '2021-02-16 21:15:58');
INSERT INTO `sys_user_role` VALUES ('1361665707928334337', '1361665692078059522', '1331087516021194754', '2021-02-16 21:16:18');
INSERT INTO `sys_user_role` VALUES ('1361665788236673025', '1361665760709455874', '1331087516021194754', '2021-02-16 21:16:37');
INSERT INTO `sys_user_role` VALUES ('1361665843018477569', '1361665829219217409', '1331087516021194754', '2021-02-16 21:16:50');
INSERT INTO `sys_user_role` VALUES ('1361665969690652673', '1361665952867299329', '1331087516021194754', '2021-02-16 21:17:20');
INSERT INTO `sys_user_role` VALUES ('1361666037617405953', '1361666022236893186', '1331087516021194754', '2021-02-16 21:17:37');
INSERT INTO `sys_user_role` VALUES ('1361666539340050433', '1361666523825319938', '1331087516021194754', '2021-02-16 21:19:36');
INSERT INTO `sys_user_role` VALUES ('1361666550610145281', '1361666422490935298', '1331087516021194754', '2021-02-16 21:19:39');
INSERT INTO `sys_user_role` VALUES ('1361666562706518018', '1361666331373875201', '1331087516021194754', '2021-02-16 21:19:42');
INSERT INTO `sys_user_role` VALUES ('1361666576447057921', '1361666288046714882', '1331087516021194754', '2021-02-16 21:19:45');
INSERT INTO `sys_user_role` VALUES ('1361666589210324994', '1361666211404197889', '1331087516021194754', '2021-02-16 21:19:48');
INSERT INTO `sys_user_role` VALUES ('1361666601424138241', '1361666154869174273', '1331087516021194754', '2021-02-16 21:19:51');
INSERT INTO `sys_user_role` VALUES ('1361666616045481986', '1361666112917745666', '1331087516021194754', '2021-02-16 21:19:54');
INSERT INTO `sys_user_role` VALUES ('1362622052611854337', '1362621673870397441', '1362622003983093761', '2021-02-19 12:36:28');
INSERT INTO `sys_user_role` VALUES ('1366382511442944001', '1366381595218206722', '1331087516021194754', '2021-03-01 21:39:11');
INSERT INTO `sys_user_role` VALUES ('1366382534075408386', '1366381749862195202', '1331087516021194754', '2021-03-01 21:39:16');
INSERT INTO `sys_user_role` VALUES ('1366382549623693314', '1366381856884056066', '1331087516021194754', '2021-03-01 21:39:20');
INSERT INTO `sys_user_role` VALUES ('1366382567432708097', '1366381977948446721', '1331087516021194754', '2021-03-01 21:39:24');
INSERT INTO `sys_user_role` VALUES ('1366382586642620418', '1366382068172120066', '1331087516021194754', '2021-03-01 21:39:29');
INSERT INTO `sys_user_role` VALUES ('1366382601247186946', '1366382171683348481', '1331087516021194754', '2021-03-01 21:39:32');
INSERT INTO `sys_user_role` VALUES ('1366382615176470530', '1366382274997444610', '1331087516021194754', '2021-03-01 21:39:36');
INSERT INTO `sys_user_role` VALUES ('1366382631299375106', '1366382347558903810', '1331087516021194754', '2021-03-01 21:39:40');
INSERT INTO `sys_user_role` VALUES ('1366382648701542401', '1366382463191670786', '1331087516021194754', '2021-03-01 21:39:44');
INSERT INTO `sys_user_role` VALUES ('1366382878033502210', '1366382856869044226', '1331087516021194754', '2021-03-01 21:40:38');
INSERT INTO `sys_user_role` VALUES ('1366384611673563138', '2', '1362622003983093761', '2021-03-01 21:47:32');
INSERT INTO `sys_user_role` VALUES ('1373946119102193665', '1373945549079502849', '1331087516021194754', '2021-03-22 18:34:16');
INSERT INTO `sys_user_role` VALUES ('1373946119102193666', '1373945549079502849', '1362622003983093761', '2021-03-22 18:34:16');
